session_id,user_id,content_id,device,app_version,started_at,minutes_watched
s000001,u0061,c046,tv,,2026-07-06T08:05:50Z,67
s000002,u0099,c001,web,,2026-07-06T08:07:48Z,35
s000003,u0395,c004,tv,,2026-07-06T08:08:28Z,53
s000004,u0368,c014,mobile,5.2.0,2026-07-06T08:19:33Z,53
s000005,u0402,c027,web,,2026-07-06T08:22:40Z,38
s000006,u0243,c056,mobile,5.2.0,2026-07-06T08:29:03Z,39
s000007,u0322,c004,tv,,2026-07-06T08:31:48Z,32
s000008,u0249,c011,mobile,5.2.0,2026-07-06T08:38:14Z,7
s000009,u0249,c011,mobile,5.2.0,2026-07-06T08:39:00Z,7
s000010,u0215,c039,tv,,2026-07-06T08:39:56Z,230
s000011,u0021,c019,mobile,5.2.0,2026-07-06T08:39:58Z,32
s000012,u0139,c001,web,,2026-07-06T08:47:06Z,96
s000013,u0223,c006,tv,,2026-07-06T08:47:56Z,35
s000014,u0186,c006,mobile,5.2.0,2026-07-06T08:53:29Z,9
s000015,u0306,c002,mobile,5.2.0,2026-07-06T12:01:36Z,38
s000016,u0235,c006,web,,2026-07-06T12:02:03Z,85
s000017,u0625,c038,web,,2026-07-06T12:02:40Z,17
s000018,u0366,c048,mobile,5.2.0,2026-07-06T12:02:49Z,29
s000019,u0309,c043,tv,,2026-07-06T12:04:18Z,39
s000020,u0590,c009,tv,,2026-07-06T12:04:48Z,36
s000021,u0473,c008,web,,2026-07-06T12:07:03Z,61
s000022,u0396,c010,tv,,2026-07-06T12:11:16Z,121
s000023,u0247,c003,mobile,5.2.0,2026-07-06T12:12:11Z,17
s000024,u0659,c003,web,,2026-07-06T12:12:33Z,93
s000025,u0563,c004,tv,,2026-07-06T12:15:24Z,80
s000026,u0086,c059,mobile,5.2.0,2026-07-06T12:15:26Z,12
s000027,u0643,c021,tv,,2026-07-06T12:15:32Z,86
s000028,u0126,c021,tv,,2026-07-06T12:15:35Z,37
s000029,u0562,c001,tv,,2026-07-06T12:16:00Z,54
s000030,u0386,c023,mobile,5.2.0,2026-07-06T12:20:05Z,24
s000031,u0304,c045,mobile,5.2.0,2026-07-06T12:25:10Z,63
s000032,u0523,c009,web,,2026-07-06T12:25:57Z,45
s000033,u0291,c012,web,,2026-07-06T12:26:04Z,24
s000034,u0738,c001,mobile,5.2.0,2026-07-06T12:29:54Z,47
s000035,u0724,c003,mobile,5.2.0,2026-07-06T12:30:48Z,12
s000036,u0724,c003,mobile,5.2.0,2026-07-06T12:31:03Z,12
s000037,u0525,c011,web,,2026-07-06T12:32:57Z,128
s000038,u0255,c026,web,,2026-07-06T12:35:14Z,15
s000039,u0204,c037,mobile,5.2.0,2026-07-06T12:37:00Z,59
s000040,u0469,c002,tv,,2026-07-06T12:42:21Z,43
s000041,u0088,c056,mobile,5.2.0,2026-07-06T12:43:18Z,13
s000042,u0609,c004,mobile,5.2.0,2026-07-06T12:45:16Z,19
s000043,u0387,c050,web,,2026-07-06T12:45:55Z,10
s000044,u0231,c033,mobile,5.2.0,2026-07-06T12:46:06Z,19
s000045,u0182,c001,web,,2026-07-06T12:46:22Z,23
s000046,u0471,c027,web,,2026-07-06T12:46:38Z,38
s000047,u0231,c033,mobile,5.2.0,2026-07-06T12:46:43Z,19
s000048,u0266,c001,mobile,5.2.0,2026-07-06T12:48:42Z,28
s000049,u0266,c001,mobile,5.2.0,2026-07-06T12:49:04Z,28
s000050,u0658,c001,mobile,5.2.0,2026-07-06T12:49:54Z,26
s000051,u0658,c001,mobile,5.2.0,2026-07-06T12:50:48Z,26
s000052,u0658,c001,mobile,5.2.0,2026-07-06T12:51:17Z,26
s000053,u0062,c011,web,,2026-07-06T12:51:24Z,58
s000054,u0203,c054,mobile,5.2.0,2026-07-06T12:52:09Z,33
s000055,u0545,c001,web,,2026-07-06T12:53:09Z,12
s000056,u0049,c001,mobile,5.2.0,2026-07-06T12:53:48Z,37
s000057,u0222,c029,web,,2026-07-06T12:57:37Z,38
s000058,u0496,c050,mobile,5.2.0,2026-07-06T17:01:25Z,13
s000059,u0496,c050,mobile,5.2.0,2026-07-06T17:01:36Z,13
s000060,u0081,c003,tv,,2026-07-06T17:03:38Z,46
s000061,u0387,c007,web,,2026-07-06T17:06:33Z,37
s000062,u0279,c021,web,,2026-07-06T17:06:44Z,69
s000063,u0232,c001,tv,,2026-07-06T17:09:17Z,185
s000064,u0505,c005,web,,2026-07-06T17:11:37Z,43
s000065,u0355,c002,web,,2026-07-06T17:12:08Z,42
s000066,u0370,c005,mobile,5.2.0,2026-07-06T17:12:38Z,39
s000067,u0426,c001,mobile,5.2.0,2026-07-06T17:13:46Z,66
s000068,u0405,c003,mobile,5.2.0,2026-07-06T17:15:19Z,5
s000069,u0405,c003,mobile,5.2.0,2026-07-06T17:15:28Z,5
s000070,u0309,c011,mobile,5.2.0,2026-07-06T17:16:30Z,56
s000071,u0663,c049,web,,2026-07-06T17:16:39Z,35
s000072,u0654,c006,web,,2026-07-06T17:16:49Z,46
s000073,u0593,c017,mobile,5.2.0,2026-07-06T17:17:02Z,16
s000074,u0593,c017,mobile,5.2.0,2026-07-06T17:17:10Z,16
s000075,u0638,c001,web,,2026-07-06T17:17:14Z,40
s000076,u0220,c017,tv,,2026-07-06T17:18:48Z,108
s000077,u0613,c002,web,,2026-07-06T17:20:23Z,32
s000078,u0507,c004,tv,,2026-07-06T17:22:11Z,21
s000079,u0029,c017,mobile,5.2.0,2026-07-06T17:22:37Z,30
s000080,u0200,c009,mobile,5.2.0,2026-07-06T17:23:27Z,22
s000081,u0049,c016,web,,2026-07-06T17:26:45Z,14
s000082,u0038,c007,tv,,2026-07-06T17:27:59Z,92
s000083,u0217,c017,web,,2026-07-06T17:29:32Z,28
s000084,u0647,c035,web,,2026-07-06T17:31:10Z,12
s000085,u0014,c001,web,,2026-07-06T17:31:21Z,69
s000086,u0090,c026,tv,,2026-07-06T17:32:18Z,15
s000087,u0338,c014,tv,,2026-07-06T17:38:11Z,33
s000088,u0283,c001,mobile,5.2.0,2026-07-06T17:38:20Z,56
s000089,u0049,c001,web,,2026-07-06T17:38:47Z,11
s000090,u0283,c001,mobile,5.2.0,2026-07-06T17:39:11Z,56
s000091,u0097,c003,mobile,5.2.0,2026-07-06T17:41:26Z,52
s000092,u0575,c004,tv,,2026-07-06T17:44:16Z,52
s000093,u0369,c001,mobile,5.2.0,2026-07-06T17:45:34Z,16
s000094,u0759,c032,mobile,5.2.0,2026-07-06T17:46:02Z,9
s000095,u0658,c060,mobile,5.2.0,2026-07-06T17:46:23Z,5
s000096,u0759,c032,mobile,5.2.0,2026-07-06T17:46:47Z,9
s000097,u0759,c032,mobile,5.2.0,2026-07-06T17:47:37Z,9
s000098,u0539,c042,web,,2026-07-06T17:48:00Z,53
s000099,u0223,c052,tv,,2026-07-06T17:48:46Z,18
s000100,u0523,c002,tv,,2026-07-06T17:51:36Z,19
s000101,u0359,c059,mobile,5.2.0,2026-07-06T17:54:23Z,10
s000102,u0222,c006,mobile,5.2.0,2026-07-06T17:54:36Z,9
s000103,u0306,c021,mobile,5.2.0,2026-07-06T17:54:46Z,24
s000104,u0313,c028,mobile,5.2.0,2026-07-06T17:55:08Z,9
s000105,u0216,c001,mobile,5.2.0,2026-07-06T17:58:46Z,18
s000106,u0671,c017,mobile,5.2.0,2026-07-06T19:00:10Z,40
s000107,u0670,c021,tv,,2026-07-06T19:00:14Z,37
s000108,u0080,c019,tv,,2026-07-06T19:02:39Z,29
s000109,u0097,c001,mobile,5.2.0,2026-07-06T19:02:43Z,17
s000110,u0491,c004,web,,2026-07-06T19:02:49Z,15
s000111,u0353,c002,mobile,5.2.0,2026-07-06T19:03:17Z,9
s000112,u0353,c002,mobile,5.2.0,2026-07-06T19:04:16Z,9
s000113,u0011,c012,tv,,2026-07-06T19:04:27Z,39
s000114,u0547,c006,mobile,5.2.0,2026-07-06T19:05:21Z,13
s000115,u0313,c057,tv,,2026-07-06T19:06:06Z,46
s000116,u0198,c038,mobile,5.2.0,2026-07-06T19:06:22Z,54
s000117,u0639,c051,web,,2026-07-06T19:07:02Z,240
s000118,u0491,c011,web,,2026-07-06T19:07:18Z,35
s000119,u0279,c008,web,,2026-07-06T19:09:15Z,152
s000120,u0560,c003,mobile,5.2.0,2026-07-06T19:09:15Z,179
s000121,u0062,c038,web,,2026-07-06T19:11:45Z,15
s000122,u0042,c054,tv,,2026-07-06T19:12:16Z,64
s000123,u0153,c006,web,,2026-07-06T19:12:32Z,92
s000124,u0689,c018,tv,,2026-07-06T19:13:31Z,54
s000125,u0559,c005,mobile,5.2.0,2026-07-06T19:13:49Z,43
s000126,u0698,c055,mobile,5.2.0,2026-07-06T19:14:43Z,23
s000127,u0698,c055,mobile,5.2.0,2026-07-06T19:14:47Z,23
s000128,u0265,c001,mobile,5.2.0,2026-07-06T19:15:14Z,36
s000129,u0368,c007,mobile,5.2.0,2026-07-06T19:16:30Z,16
s000130,u0430,c016,mobile,5.2.0,2026-07-06T19:16:54Z,63
s000131,u0368,c007,mobile,5.2.0,2026-07-06T19:17:07Z,16
s000132,u0260,c002,web,,2026-07-06T19:17:20Z,16
s000133,u0679,c017,mobile,5.2.0,2026-07-06T19:17:23Z,14
s000134,u0182,c010,web,,2026-07-06T19:17:47Z,8
s000135,u0679,c017,mobile,5.2.0,2026-07-06T19:18:01Z,14
s000136,u0251,c059,web,,2026-07-06T19:18:17Z,26
s000137,u0058,c042,mobile,5.2.0,2026-07-06T19:19:07Z,19
s000138,u0068,c031,web,,2026-07-06T19:19:17Z,18
s000139,u0004,c039,web,,2026-07-06T19:19:25Z,55
s000140,u0189,c003,mobile,5.2.0,2026-07-06T19:20:11Z,7
s000141,u0111,c017,mobile,5.2.0,2026-07-06T19:20:14Z,25
s000142,u0111,c017,mobile,5.2.0,2026-07-06T19:20:35Z,25
s000143,u0111,c017,mobile,5.2.0,2026-07-06T19:21:07Z,25
s000144,u0615,c039,mobile,5.2.0,2026-07-06T19:21:11Z,30
s000145,u0041,c003,web,,2026-07-06T19:21:23Z,44
s000146,u0659,c010,web,,2026-07-06T19:21:32Z,71
s000147,u0615,c039,mobile,5.2.0,2026-07-06T19:21:40Z,30
s000148,u0498,c001,mobile,5.2.0,2026-07-06T19:21:41Z,11
s000149,u0688,c001,web,,2026-07-06T19:21:42Z,91
s000150,u0480,c001,web,,2026-07-06T19:24:14Z,20
s000151,u0243,c001,web,,2026-07-06T19:24:20Z,17
s000152,u0172,c002,web,,2026-07-06T19:25:48Z,34
s000153,u0462,c001,mobile,5.2.0,2026-07-06T19:26:41Z,29
s000154,u0061,c021,tv,,2026-07-06T19:26:47Z,60
s000155,u0212,c035,web,,2026-07-06T19:27:00Z,26
s000156,u0301,c042,mobile,5.2.0,2026-07-06T19:27:06Z,14
s000157,u0303,c011,mobile,5.2.0,2026-07-06T19:29:13Z,26
s000158,u0193,c001,web,,2026-07-06T19:30:12Z,59
s000159,u0038,c002,tv,,2026-07-06T19:30:45Z,51
s000160,u0052,c011,web,,2026-07-06T19:32:10Z,147
s000161,u0370,c004,mobile,5.2.0,2026-07-06T19:32:19Z,10
s000162,u0428,c001,tv,,2026-07-06T19:32:34Z,54
s000163,u0370,c004,mobile,5.2.0,2026-07-06T19:32:47Z,10
s000164,u0340,c003,tv,,2026-07-06T19:33:05Z,47
s000165,u0067,c013,web,,2026-07-06T19:33:37Z,15
s000166,u0598,c018,web,,2026-07-06T19:34:11Z,144
s000167,u0698,c005,mobile,5.2.0,2026-07-06T19:34:48Z,20
s000168,u0322,c009,mobile,5.2.0,2026-07-06T19:34:52Z,46
s000169,u0491,c006,web,,2026-07-06T19:35:45Z,15
s000170,u0489,c006,mobile,5.2.0,2026-07-06T19:36:21Z,35
s000171,u0409,c001,web,,2026-07-06T19:37:18Z,14
s000172,u0665,c002,mobile,5.2.0,2026-07-06T19:38:04Z,30
s000173,u0133,c033,mobile,5.2.0,2026-07-06T19:38:31Z,20
s000174,u0665,c002,mobile,5.2.0,2026-07-06T19:38:47Z,30
s000175,u0133,c033,mobile,5.2.0,2026-07-06T19:38:51Z,20
s000176,u0692,c011,web,,2026-07-06T19:38:52Z,33
s000177,u0515,c001,tv,,2026-07-06T19:39:43Z,240
s000178,u0374,c001,web,,2026-07-06T19:40:29Z,99
s000179,u0179,c003,tv,,2026-07-06T19:40:30Z,13
s000180,u0554,c016,web,,2026-07-06T19:40:56Z,105
s000181,u0599,c015,tv,,2026-07-06T19:44:27Z,33
s000182,u0658,c007,mobile,5.2.0,2026-07-06T19:46:55Z,40
s000183,u0738,c048,mobile,5.2.0,2026-07-06T19:46:56Z,12
s000184,u0342,c028,web,,2026-07-06T19:47:02Z,46
s000185,u0183,c040,tv,,2026-07-06T19:47:05Z,46
s000186,u0658,c007,mobile,5.2.0,2026-07-06T19:47:19Z,40
s000187,u0538,c026,web,,2026-07-06T19:47:50Z,110
s000188,u0629,c042,tv,,2026-07-06T19:49:29Z,24
s000189,u0216,c005,mobile,5.2.0,2026-07-06T19:49:43Z,13
s000190,u0073,c001,mobile,5.2.0,2026-07-06T19:50:08Z,42
s000191,u0472,c016,mobile,5.2.0,2026-07-06T19:50:46Z,35
s000192,u0447,c001,mobile,5.2.0,2026-07-06T19:50:58Z,15
s000193,u0126,c009,tv,,2026-07-06T19:51:07Z,27
s000194,u0372,c015,mobile,5.2.0,2026-07-06T19:52:58Z,11
s000195,u0010,c002,tv,,2026-07-06T19:53:00Z,34
s000196,u0262,c016,mobile,5.2.0,2026-07-06T19:53:14Z,8
s000197,u0521,c036,mobile,5.2.0,2026-07-06T19:53:15Z,16
s000198,u0042,c001,tv,,2026-07-06T19:53:27Z,104
s000199,u0262,c016,mobile,5.2.0,2026-07-06T19:53:36Z,8
s000200,u0476,c003,mobile,5.2.0,2026-07-06T19:54:16Z,16
s000201,u0262,c016,mobile,5.2.0,2026-07-06T19:54:30Z,8
s000202,u0375,c001,tv,,2026-07-06T19:55:35Z,82
s000203,u0463,c038,mobile,5.2.0,2026-07-06T19:58:56Z,6
s000204,u0272,c006,mobile,5.2.0,2026-07-06T19:59:44Z,39
s000205,u0463,c038,mobile,5.2.0,2026-07-06T19:59:49Z,6
s000206,u0272,c006,mobile,5.2.0,2026-07-06T20:00:31Z,39
s000207,u0463,c038,mobile,5.2.0,2026-07-06T20:00:36Z,6
s000208,u0272,c006,mobile,5.2.0,2026-07-06T20:01:00Z,39
s000209,u0539,c020,web,,2026-07-06T21:01:13Z,25
s000210,u0668,c001,mobile,5.2.0,2026-07-06T21:02:54Z,21
s000211,u0608,c010,web,,2026-07-06T21:04:05Z,60
s000212,u0688,c019,mobile,5.2.0,2026-07-06T21:04:27Z,21
s000213,u0330,c001,web,,2026-07-06T21:04:32Z,35
s000214,u0538,c021,web,,2026-07-06T21:04:44Z,36
s000215,u0562,c016,tv,,2026-07-06T21:05:45Z,53
s000216,u0345,c027,web,,2026-07-06T21:06:34Z,49
s000217,u0628,c026,tv,,2026-07-06T21:08:00Z,43
s000218,u0188,c003,mobile,5.2.0,2026-07-06T21:08:08Z,34
s000219,u0185,c005,mobile,5.2.0,2026-07-06T21:08:26Z,25
s000220,u0679,c033,mobile,5.2.0,2026-07-06T21:08:44Z,21
s000221,u0185,c005,mobile,5.2.0,2026-07-06T21:09:10Z,25
s000222,u0026,c032,web,,2026-07-06T21:09:23Z,12
s000223,u0587,c027,mobile,5.2.0,2026-07-06T21:09:40Z,15
s000224,u0133,c003,mobile,5.2.0,2026-07-06T21:10:01Z,18
s000225,u0006,c001,web,,2026-07-06T21:10:21Z,23
s000226,u0427,c039,web,,2026-07-06T21:12:31Z,159
s000227,u0366,c024,mobile,5.2.0,2026-07-06T21:12:41Z,46
s000228,u0366,c024,mobile,5.2.0,2026-07-06T21:12:52Z,46
s000229,u0472,c023,mobile,5.2.0,2026-07-06T21:14:07Z,14
s000230,u0750,c006,tv,,2026-07-06T21:14:39Z,48
s000231,u0472,c023,mobile,5.2.0,2026-07-06T21:14:50Z,14
s000232,u0385,c038,tv,,2026-07-06T21:15:02Z,110
s000233,u0566,c057,mobile,5.2.0,2026-07-06T21:15:44Z,122
s000234,u0035,c011,web,,2026-07-06T21:16:21Z,33
s000235,u0725,c018,mobile,5.2.0,2026-07-06T21:17:15Z,44
s000236,u0725,c018,mobile,5.2.0,2026-07-06T21:17:56Z,44
s000237,u0634,c015,tv,,2026-07-06T21:18:00Z,107
s000238,u0238,c002,web,,2026-07-06T21:19:18Z,56
s000239,u0489,c009,mobile,5.2.0,2026-07-06T21:20:59Z,66
s000240,u0697,c004,web,,2026-07-06T21:21:07Z,33
s000241,u0396,c028,tv,,2026-07-06T21:22:27Z,36
s000242,u0133,c020,mobile,5.2.0,2026-07-06T21:22:58Z,14
s000243,u0394,c045,mobile,5.2.0,2026-07-06T21:23:30Z,9
s000244,u0330,c017,web,,2026-07-06T21:24:12Z,29
s000245,u0540,c009,tv,,2026-07-06T21:24:13Z,14
s000246,u0460,c014,mobile,5.2.0,2026-07-06T21:24:18Z,15
s000247,u0460,c014,mobile,5.2.0,2026-07-06T21:24:29Z,15
s000248,u0242,c002,tv,,2026-07-06T21:25:43Z,81
s000249,u0726,c043,web,,2026-07-06T21:26:18Z,20
s000250,u0398,c008,mobile,5.2.0,2026-07-06T21:27:17Z,50
s000251,u0398,c008,mobile,5.2.0,2026-07-06T21:27:24Z,50
s000252,u0106,c002,web,,2026-07-06T21:27:48Z,33
s000253,u0478,c036,tv,,2026-07-06T21:27:55Z,212
s000254,u0118,c059,web,,2026-07-06T21:28:17Z,22
s000255,u0287,c004,tv,,2026-07-06T21:28:44Z,35
s000256,u0399,c031,mobile,5.2.0,2026-07-06T21:29:09Z,70
s000257,u0043,c002,mobile,5.2.0,2026-07-06T21:29:28Z,24
s000258,u0066,c011,web,,2026-07-06T21:29:37Z,66
s000259,u0399,c031,mobile,5.2.0,2026-07-06T21:29:54Z,70
s000260,u0744,c057,tv,,2026-07-06T21:30:37Z,69
s000261,u0168,c001,mobile,5.2.0,2026-07-06T21:30:48Z,28
s000262,u0431,c007,mobile,5.2.0,2026-07-06T21:30:48Z,21
s000263,u0028,c021,tv,,2026-07-06T21:32:37Z,37
s000264,u0447,c017,mobile,5.2.0,2026-07-06T21:32:55Z,16
s000265,u0462,c022,mobile,5.2.0,2026-07-06T21:33:39Z,24
s000266,u0571,c022,tv,,2026-07-06T21:34:31Z,45
s000267,u0737,c038,mobile,5.2.0,2026-07-06T21:35:21Z,10
s000268,u0235,c002,web,,2026-07-06T21:35:46Z,40
s000269,u0377,c003,mobile,5.2.0,2026-07-06T21:36:44Z,30
s000270,u0195,c017,mobile,5.2.0,2026-07-06T21:37:44Z,28
s000271,u0512,c036,mobile,5.2.0,2026-07-06T21:37:57Z,64
s000272,u0175,c008,web,,2026-07-06T21:38:05Z,59
s000273,u0702,c002,web,,2026-07-06T21:38:28Z,14
s000274,u0512,c036,mobile,5.2.0,2026-07-06T21:38:50Z,64
s000275,u0463,c018,mobile,5.2.0,2026-07-06T21:39:03Z,23
s000276,u0512,c036,mobile,5.2.0,2026-07-06T21:39:23Z,64
s000277,u0699,c001,mobile,5.2.0,2026-07-06T21:39:28Z,10
s000278,u0521,c002,mobile,5.2.0,2026-07-06T21:40:17Z,22
s000279,u0521,c002,mobile,5.2.0,2026-07-06T21:40:31Z,22
s000280,u0414,c002,mobile,5.2.0,2026-07-06T21:42:15Z,8
s000281,u0068,c013,tv,,2026-07-06T21:42:27Z,48
s000282,u0598,c031,web,,2026-07-06T21:43:09Z,58
s000283,u0414,c002,mobile,5.2.0,2026-07-06T21:43:15Z,8
s000284,u0163,c049,mobile,5.2.0,2026-07-06T21:43:53Z,19
s000285,u0131,c001,mobile,5.2.0,2026-07-06T21:44:19Z,19
s000286,u0131,c001,mobile,5.2.0,2026-07-06T21:44:55Z,19
s000287,u0133,c001,mobile,5.2.0,2026-07-06T21:45:05Z,32
s000288,u0658,c036,mobile,5.2.0,2026-07-06T21:45:28Z,11
s000289,u0035,c001,web,,2026-07-06T21:45:33Z,10
s000290,u0658,c036,mobile,5.2.0,2026-07-06T21:46:00Z,11
s000291,u0744,c034,tv,,2026-07-06T21:46:15Z,51
s000292,u0258,c001,web,,2026-07-06T21:47:04Z,34
s000293,u0122,c017,web,,2026-07-06T21:47:36Z,29
s000294,u0332,c003,mobile,5.2.0,2026-07-06T21:48:07Z,5
s000295,u0459,c058,web,,2026-07-06T21:49:15Z,18
s000296,u0701,c036,mobile,5.2.0,2026-07-06T21:50:39Z,8
s000297,u0247,c058,web,,2026-07-06T21:53:19Z,24
s000298,u0643,c007,tv,,2026-07-06T21:54:16Z,27
s000299,u0029,c028,tv,,2026-07-06T21:55:43Z,232
s000300,u0198,c047,mobile,5.2.0,2026-07-06T21:55:51Z,26
s000301,u0454,c001,tv,,2026-07-06T21:56:08Z,13
s000302,u0266,c001,mobile,5.2.0,2026-07-06T21:56:49Z,76
s000303,u0671,c060,mobile,5.2.0,2026-07-06T21:56:49Z,23
s000304,u0671,c060,mobile,5.2.0,2026-07-06T21:57:00Z,23
s000305,u0385,c001,web,,2026-07-06T21:57:16Z,14
s000306,u0152,c011,web,,2026-07-06T21:58:30Z,102
s000307,u0511,c001,tv,,2026-07-06T21:58:46Z,25
s000308,u0516,c002,mobile,5.2.0,2026-07-06T23:00:46Z,34
s000309,u0516,c002,mobile,5.2.0,2026-07-06T23:01:43Z,34
s000310,u0289,c026,mobile,5.2.0,2026-07-06T23:05:10Z,16
s000311,u0732,c010,web,,2026-07-06T23:06:16Z,50
s000312,u0289,c048,mobile,5.2.0,2026-07-06T23:09:41Z,8
s000313,u0218,c026,mobile,5.2.0,2026-07-06T23:10:12Z,46
s000314,u0594,c001,web,,2026-07-06T23:13:10Z,80
s000315,u0737,c004,tv,,2026-07-06T23:13:43Z,24
s000316,u0368,c001,mobile,5.2.0,2026-07-06T23:15:27Z,12
s000317,u0559,c013,mobile,5.2.0,2026-07-06T23:15:50Z,41
s000318,u0368,c001,mobile,5.2.0,2026-07-06T23:16:12Z,12
s000319,u0505,c026,web,,2026-07-06T23:16:38Z,54
s000320,u0648,c004,mobile,5.2.0,2026-07-06T23:18:01Z,21
s000321,u0659,c001,web,,2026-07-06T23:18:12Z,22
s000322,u0049,c019,web,,2026-07-06T23:19:15Z,9
s000323,u0584,c008,web,,2026-07-06T23:23:29Z,31
s000324,u0184,c041,tv,,2026-07-06T23:24:53Z,61
s000325,u0623,c025,web,,2026-07-06T23:25:02Z,62
s000326,u0126,c036,tv,,2026-07-06T23:25:09Z,123
s000327,u0369,c001,mobile,5.2.0,2026-07-06T23:38:54Z,11
s000328,u0459,c003,mobile,5.2.0,2026-07-06T23:40:39Z,8
s000329,u0441,c060,tv,,2026-07-06T23:42:15Z,48
s000330,u0516,c004,tv,,2026-07-06T23:45:10Z,40
s000331,u0293,c023,mobile,5.2.0,2026-07-06T23:46:01Z,17
s000332,u0605,c006,tv,,2026-07-06T23:46:48Z,21
s000333,u0335,c021,tv,,2026-07-06T23:47:05Z,13
s000334,u0304,c004,web,,2026-07-06T23:48:12Z,32
s000335,u0522,c042,web,,2026-07-06T23:48:18Z,29
s000336,u0684,c002,web,,2026-07-06T23:52:02Z,16
s000337,u0442,c048,tv,,2026-07-06T23:55:20Z,65
s000338,u0706,c006,web,,2026-07-06T23:55:22Z,11
s000339,u0139,c033,web,,2026-07-06T23:58:12Z,76
s000340,u0162,c028,mobile,5.2.0,2026-07-07T08:00:49Z,12
s000341,u0115,c012,mobile,5.2.0,2026-07-07T08:04:02Z,16
s000342,u0115,c012,mobile,5.2.0,2026-07-07T08:04:21Z,16
s000343,u0313,c040,web,,2026-07-07T08:13:50Z,24
s000344,u0139,c041,web,,2026-07-07T08:14:49Z,23
s000345,u0271,c020,web,,2026-07-07T08:16:32Z,110
s000346,u0097,c008,mobile,5.2.0,2026-07-07T08:18:07Z,18
s000347,u0623,c055,web,,2026-07-07T08:21:34Z,64
s000348,u0663,c018,web,,2026-07-07T08:21:37Z,90
s000349,u0085,c006,mobile,5.2.0,2026-07-07T08:23:08Z,28
s000350,u0130,c024,mobile,5.2.0,2026-07-07T08:26:21Z,24
s000351,u0130,c024,mobile,5.2.0,2026-07-07T08:26:34Z,24
s000352,u0489,c018,mobile,5.2.0,2026-07-07T08:29:46Z,9
s000353,u0566,c017,mobile,5.2.0,2026-07-07T08:33:15Z,11
s000354,u0247,c013,mobile,5.2.0,2026-07-07T08:35:44Z,17
s000355,u0247,c013,mobile,5.2.0,2026-07-07T08:35:54Z,17
s000356,u0479,c002,mobile,5.2.0,2026-07-07T08:40:29Z,26
s000357,u0386,c038,mobile,5.2.0,2026-07-07T08:41:46Z,29
s000358,u0124,c042,mobile,5.2.0,2026-07-07T08:45:36Z,21
s000359,u0124,c042,mobile,5.2.0,2026-07-07T08:45:43Z,21
s000360,u0199,c007,web,,2026-07-07T08:47:47Z,14
s000361,u0248,c020,mobile,5.2.0,2026-07-07T08:49:22Z,19
s000362,u0527,c002,tv,,2026-07-07T08:51:09Z,24
s000363,u0217,c021,tv,,2026-07-07T08:53:42Z,81
s000364,u0245,c009,tv,,2026-07-07T08:53:56Z,24
s000365,u0154,c011,web,,2026-07-07T08:59:42Z,30
s000366,u0247,c024,mobile,5.2.0,2026-07-07T12:00:46Z,20
s000367,u0172,c031,tv,,2026-07-07T12:03:47Z,33
s000368,u0419,c013,web,,2026-07-07T12:05:54Z,35
s000369,u0274,c001,web,,2026-07-07T12:06:14Z,97
s000370,u0271,c006,web,,2026-07-07T12:07:38Z,46
s000371,u0668,c001,mobile,5.2.0,2026-07-07T12:08:05Z,38
s000372,u0668,c001,mobile,5.2.0,2026-07-07T12:08:20Z,38
s000373,u0279,c032,tv,,2026-07-07T12:09:05Z,49
s000374,u0420,c010,mobile,5.2.0,2026-07-07T12:10:48Z,25
s000375,u0396,c040,tv,,2026-07-07T12:11:35Z,63
s000376,u0704,c017,tv,,2026-07-07T12:13:14Z,54
s000377,u0719,c001,mobile,5.2.0,2026-07-07T12:14:51Z,22
s000378,u0247,c018,mobile,5.2.0,2026-07-07T12:22:22Z,22
s000379,u0430,c020,mobile,5.2.0,2026-07-07T12:22:49Z,36
s000380,u0247,c018,mobile,5.2.0,2026-07-07T12:23:06Z,22
s000381,u0658,c049,mobile,5.2.0,2026-07-07T12:24:50Z,13
s000382,u0272,c059,mobile,5.2.0,2026-07-07T12:27:09Z,32
s000383,u0272,c059,mobile,5.2.0,2026-07-07T12:27:16Z,32
s000384,u0148,c028,tv,,2026-07-07T12:29:04Z,37
s000385,u0670,c016,tv,,2026-07-07T12:30:35Z,87
s000386,u0208,c023,tv,,2026-07-07T12:30:57Z,38
s000387,u0106,c048,web,,2026-07-07T12:32:12Z,106
s000388,u0181,c001,web,,2026-07-07T12:34:28Z,29
s000389,u0650,c003,mobile,5.2.0,2026-07-07T12:35:02Z,14
s000390,u0139,c022,mobile,5.2.0,2026-07-07T12:37:18Z,23
s000391,u0136,c002,mobile,5.2.0,2026-07-07T12:37:37Z,18
s000392,u0369,c001,mobile,5.2.0,2026-07-07T12:37:38Z,23
s000393,u0415,c005,tv,,2026-07-07T12:37:52Z,63
s000394,u0369,c001,mobile,5.2.0,2026-07-07T12:38:12Z,23
s000395,u0226,c001,mobile,5.2.0,2026-07-07T12:39:02Z,12
s000396,u0227,c048,mobile,5.2.0,2026-07-07T12:40:10Z,30
s000397,u0161,c011,tv,,2026-07-07T12:41:19Z,26
s000398,u0638,c004,web,,2026-07-07T12:42:59Z,30
s000399,u0238,c019,web,,2026-07-07T12:43:39Z,20
s000400,u0243,c037,web,,2026-07-07T12:47:14Z,23
s000401,u0551,c040,mobile,5.2.0,2026-07-07T12:47:22Z,60
s000402,u0049,c048,web,,2026-07-07T12:48:13Z,52
s000403,u0358,c019,mobile,5.2.0,2026-07-07T12:50:11Z,24
s000404,u0608,c022,web,,2026-07-07T12:53:17Z,41
s000405,u0745,c035,mobile,5.2.0,2026-07-07T12:54:27Z,10
s000406,u0745,c035,mobile,5.2.0,2026-07-07T12:54:47Z,10
s000407,u0293,c001,mobile,5.2.0,2026-07-07T12:55:02Z,13
s000408,u0293,c001,mobile,5.2.0,2026-07-07T12:55:09Z,13
s000409,u0293,c001,mobile,5.2.0,2026-07-07T12:55:15Z,13
s000410,u0401,c010,web,,2026-07-07T12:57:36Z,84
s000411,u0714,c016,tv,,2026-07-07T12:57:53Z,44
s000412,u0707,c025,web,,2026-07-07T12:59:06Z,72
s000413,u0524,c021,mobile,5.2.0,2026-07-07T17:00:06Z,6
s000414,u0524,c021,mobile,5.2.0,2026-07-07T17:00:15Z,6
s000415,u0294,c014,tv,,2026-07-07T17:00:30Z,26
s000416,u0524,c021,mobile,5.2.0,2026-07-07T17:00:44Z,6
s000417,u0656,c014,tv,,2026-07-07T17:01:40Z,81
s000418,u0449,c009,web,,2026-07-07T17:02:18Z,79
s000419,u0718,c005,mobile,5.2.0,2026-07-07T17:02:25Z,28
s000420,u0718,c005,mobile,5.2.0,2026-07-07T17:03:00Z,28
s000421,u0151,c009,mobile,5.2.0,2026-07-07T17:03:35Z,18
s000422,u0151,c009,mobile,5.2.0,2026-07-07T17:04:04Z,18
s000423,u0185,c002,mobile,5.2.0,2026-07-07T17:04:38Z,17
s000424,u0658,c001,mobile,5.2.0,2026-07-07T17:06:16Z,8
s000425,u0049,c002,web,,2026-07-07T17:07:46Z,14
s000426,u0312,c004,mobile,5.2.0,2026-07-07T17:08:02Z,13
s000427,u0340,c016,tv,,2026-07-07T17:10:27Z,58
s000428,u0422,c001,tv,,2026-07-07T17:10:36Z,25
s000429,u0558,c001,mobile,5.2.0,2026-07-07T17:11:24Z,21
s000430,u0595,c018,web,,2026-07-07T17:13:25Z,21
s000431,u0177,c009,tv,,2026-07-07T17:14:31Z,25
s000432,u0310,c001,tv,,2026-07-07T17:14:52Z,24
s000433,u0267,c001,web,,2026-07-07T17:15:05Z,10
s000434,u0683,c054,mobile,5.2.0,2026-07-07T17:17:19Z,25
s000435,u0683,c054,mobile,5.2.0,2026-07-07T17:17:41Z,25
s000436,u0218,c004,mobile,5.2.0,2026-07-07T17:17:49Z,38
s000437,u0449,c005,mobile,5.2.0,2026-07-07T17:18:12Z,13
s000438,u0449,c005,mobile,5.2.0,2026-07-07T17:18:30Z,13
s000439,u0138,c006,mobile,5.2.0,2026-07-07T17:18:32Z,50
s000440,u0098,c040,tv,,2026-07-07T17:20:16Z,53
s000441,u0448,c020,tv,,2026-07-07T17:21:13Z,121
s000442,u0688,c002,mobile,5.2.0,2026-07-07T17:23:31Z,11
s000443,u0138,c027,mobile,5.2.0,2026-07-07T17:23:43Z,19
s000444,u0244,c029,mobile,5.2.0,2026-07-07T17:24:55Z,27
s000445,u0244,c029,mobile,5.2.0,2026-07-07T17:25:52Z,27
s000446,u0476,c011,tv,,2026-07-07T17:28:04Z,15
s000447,u0503,c013,mobile,5.2.0,2026-07-07T17:31:04Z,16
s000448,u0522,c004,web,,2026-07-07T17:31:52Z,27
s000449,u0303,c051,mobile,5.2.0,2026-07-07T17:32:41Z,44
s000450,u0497,c011,mobile,5.2.0,2026-07-07T17:35:31Z,49
s000451,u0497,c011,mobile,5.2.0,2026-07-07T17:35:43Z,49
s000452,u0721,c001,web,,2026-07-07T17:35:54Z,26
s000453,u0497,c011,mobile,5.2.0,2026-07-07T17:36:04Z,49
s000454,u0193,c001,web,,2026-07-07T17:38:24Z,25
s000455,u0617,c007,tv,,2026-07-07T17:41:38Z,61
s000456,u0099,c014,web,,2026-07-07T17:42:53Z,18
s000457,u0113,c036,web,,2026-07-07T17:43:49Z,31
s000458,u0446,c005,tv,,2026-07-07T17:44:06Z,43
s000459,u0381,c003,web,,2026-07-07T17:48:17Z,142
s000460,u0337,c033,tv,,2026-07-07T17:54:19Z,139
s000461,u0291,c033,web,,2026-07-07T17:59:13Z,32
s000462,u0177,c009,tv,,2026-07-07T19:00:24Z,49
s000463,u0242,c001,mobile,5.2.0,2026-07-07T19:02:00Z,65
s000464,u0564,c005,web,,2026-07-07T19:02:29Z,23
s000465,u0157,c013,web,,2026-07-07T19:03:06Z,39
s000466,u0524,c050,mobile,5.2.0,2026-07-07T19:03:33Z,5
s000467,u0346,c013,mobile,5.2.0,2026-07-07T19:04:36Z,25
s000468,u0464,c046,tv,,2026-07-07T19:06:14Z,48
s000469,u0313,c005,mobile,5.2.0,2026-07-07T19:06:18Z,13
s000470,u0313,c005,mobile,5.2.0,2026-07-07T19:06:42Z,13
s000471,u0086,c024,mobile,5.2.0,2026-07-07T19:07:09Z,21
s000472,u0626,c053,web,,2026-07-07T19:07:13Z,22
s000473,u0313,c005,mobile,5.2.0,2026-07-07T19:07:14Z,13
s000474,u0138,c010,mobile,5.2.0,2026-07-07T19:08:01Z,15
s000475,u0439,c006,mobile,5.2.0,2026-07-07T19:08:21Z,52
s000476,u0035,c050,web,,2026-07-07T19:08:58Z,53
s000477,u0375,c001,tv,,2026-07-07T19:10:34Z,28
s000478,u0170,c002,mobile,5.2.0,2026-07-07T19:13:21Z,18
s000479,u0636,c001,mobile,5.2.0,2026-07-07T19:14:16Z,60
s000480,u0487,c005,mobile,5.2.0,2026-07-07T19:14:18Z,56
s000481,u0467,c001,tv,,2026-07-07T19:14:38Z,109
s000482,u0396,c037,tv,,2026-07-07T19:15:42Z,87
s000483,u0364,c015,web,,2026-07-07T19:17:11Z,61
s000484,u0434,c032,mobile,5.2.0,2026-07-07T19:17:49Z,16
s000485,u0474,c006,mobile,5.2.0,2026-07-07T19:17:51Z,18
s000486,u0455,c012,web,,2026-07-07T19:18:12Z,8
s000487,u0179,c010,tv,,2026-07-07T19:18:26Z,21
s000488,u0095,c029,web,,2026-07-07T19:18:32Z,14
s000489,u0413,c010,mobile,5.2.0,2026-07-07T19:19:00Z,9
s000490,u0615,c008,tv,,2026-07-07T19:19:00Z,71
s000491,u0302,c006,tv,,2026-07-07T19:19:17Z,27
s000492,u0396,c022,tv,,2026-07-07T19:20:20Z,105
s000493,u0070,c009,web,,2026-07-07T19:21:17Z,14
s000494,u0491,c014,web,,2026-07-07T19:21:51Z,18
s000495,u0694,c005,mobile,5.2.0,2026-07-07T19:21:59Z,30
s000496,u0355,c054,web,,2026-07-07T19:22:04Z,40
s000497,u0236,c051,web,,2026-07-07T19:23:12Z,23
s000498,u0634,c017,tv,,2026-07-07T19:23:33Z,33
s000499,u0667,c036,web,,2026-07-07T19:24:24Z,12
s000500,u0098,c005,tv,,2026-07-07T19:24:56Z,51
s000501,u0190,c020,mobile,5.2.0,2026-07-07T19:26:10Z,22
s000502,u0138,c013,mobile,5.2.0,2026-07-07T19:26:38Z,45
s000503,u0183,c001,tv,,2026-07-07T19:27:24Z,29
s000504,u0340,c038,tv,,2026-07-07T19:28:22Z,130
s000505,u0042,c010,tv,,2026-07-07T19:29:18Z,33
s000506,u0026,c014,mobile,5.2.0,2026-07-07T19:29:35Z,37
s000507,u0250,c024,mobile,5.2.0,2026-07-07T19:29:54Z,11
s000508,u0067,c002,tv,,2026-07-07T19:30:02Z,23
s000509,u0599,c005,web,,2026-07-07T19:32:39Z,58
s000510,u0330,c031,web,,2026-07-07T19:33:18Z,33
s000511,u0061,c008,web,,2026-07-07T19:34:17Z,25
s000512,u0223,c005,mobile,5.2.0,2026-07-07T19:34:31Z,18
s000513,u0216,c038,mobile,5.2.0,2026-07-07T19:34:35Z,42
s000514,u0271,c017,mobile,5.2.0,2026-07-07T19:34:42Z,8
s000515,u0677,c031,mobile,5.2.0,2026-07-07T19:34:44Z,11
s000516,u0271,c017,mobile,5.2.0,2026-07-07T19:34:57Z,8
s000517,u0216,c038,mobile,5.2.0,2026-07-07T19:35:06Z,42
s000518,u0223,c005,mobile,5.2.0,2026-07-07T19:35:18Z,18
s000519,u0028,c010,tv,,2026-07-07T19:36:49Z,128
s000520,u0694,c046,mobile,5.2.0,2026-07-07T19:37:06Z,29
s000521,u0067,c001,mobile,5.2.0,2026-07-07T19:38:36Z,23
s000522,u0585,c032,mobile,5.2.0,2026-07-07T19:39:11Z,29
s000523,u0491,c045,web,,2026-07-07T19:39:56Z,9
s000524,u0687,c004,mobile,5.2.0,2026-07-07T19:40:03Z,17
s000525,u0687,c004,mobile,5.2.0,2026-07-07T19:40:52Z,17
s000526,u0683,c052,mobile,5.2.0,2026-07-07T19:40:56Z,50
s000527,u0683,c052,mobile,5.2.0,2026-07-07T19:41:07Z,50
s000528,u0288,c025,tv,,2026-07-07T19:41:49Z,20
s000529,u0337,c036,tv,,2026-07-07T19:42:59Z,178
s000530,u0003,c003,mobile,5.2.0,2026-07-07T19:43:00Z,18
s000531,u0157,c001,web,,2026-07-07T19:43:20Z,38
s000532,u0308,c030,web,,2026-07-07T19:44:04Z,89
s000533,u0312,c001,mobile,5.2.0,2026-07-07T19:44:17Z,51
s000534,u0593,c004,mobile,5.2.0,2026-07-07T19:45:10Z,26
s000535,u0009,c014,web,,2026-07-07T19:45:12Z,39
s000536,u0037,c005,tv,,2026-07-07T19:48:22Z,72
s000537,u0182,c009,web,,2026-07-07T19:48:37Z,23
s000538,u0102,c002,mobile,5.2.0,2026-07-07T19:52:29Z,35
s000539,u0444,c033,mobile,5.2.0,2026-07-07T19:53:01Z,38
s000540,u0366,c001,mobile,5.2.0,2026-07-07T19:53:25Z,28
s000541,u0366,c001,mobile,5.2.0,2026-07-07T19:53:36Z,28
s000542,u0163,c016,mobile,5.2.0,2026-07-07T19:54:21Z,38
s000543,u0434,c001,web,,2026-07-07T19:54:24Z,57
s000544,u0069,c006,mobile,5.2.0,2026-07-07T19:54:48Z,14
s000545,u0365,c053,tv,,2026-07-07T19:55:04Z,49
s000546,u0434,c051,mobile,5.2.0,2026-07-07T19:55:11Z,19
s000547,u0719,c003,mobile,5.2.0,2026-07-07T19:55:23Z,48
s000548,u0434,c051,mobile,5.2.0,2026-07-07T19:55:24Z,19
s000549,u0719,c003,mobile,5.2.0,2026-07-07T19:55:26Z,48
s000550,u0512,c009,mobile,5.2.0,2026-07-07T19:55:39Z,56
s000551,u0182,c016,web,,2026-07-07T19:56:00Z,54
s000552,u0434,c051,mobile,5.2.0,2026-07-07T19:56:04Z,19
s000553,u0252,c042,mobile,5.2.0,2026-07-07T19:57:23Z,12
s000554,u0057,c005,mobile,5.2.0,2026-07-07T19:57:33Z,10
s000555,u0172,c007,web,,2026-07-07T19:57:33Z,25
s000556,u0252,c042,mobile,5.2.0,2026-07-07T19:57:45Z,12
s000557,u0697,c014,web,,2026-07-07T19:57:57Z,40
s000558,u0386,c017,mobile,5.2.0,2026-07-07T19:58:42Z,30
s000559,u0386,c017,mobile,5.2.0,2026-07-07T19:59:32Z,30
s000560,u0698,c001,mobile,5.2.0,2026-07-07T21:00:11Z,37
s000561,u0081,c026,mobile,5.2.0,2026-07-07T21:02:05Z,41
s000562,u0188,c001,mobile,5.2.0,2026-07-07T21:02:10Z,21
s000563,u0100,c034,web,,2026-07-07T21:02:54Z,53
s000564,u0618,c002,tv,,2026-07-07T21:02:59Z,27
s000565,u0188,c001,mobile,5.2.0,2026-07-07T21:03:08Z,21
s000566,u0604,c006,tv,,2026-07-07T21:05:08Z,73
s000567,u0216,c022,mobile,5.2.0,2026-07-07T21:07:34Z,15
s000568,u0638,c012,web,,2026-07-07T21:09:01Z,10
s000569,u0170,c042,mobile,5.2.0,2026-07-07T21:09:03Z,35
s000570,u0699,c024,mobile,5.2.0,2026-07-07T21:11:30Z,34
s000571,u0210,c001,tv,,2026-07-07T21:11:48Z,76
s000572,u0382,c037,tv,,2026-07-07T21:13:34Z,60
s000573,u0226,c009,tv,,2026-07-07T21:14:19Z,18
s000574,u0288,c002,web,,2026-07-07T21:16:16Z,19
s000575,u0394,c039,tv,,2026-07-07T21:16:35Z,41
s000576,u0650,c031,mobile,5.2.0,2026-07-07T21:16:48Z,21
s000577,u0650,c031,mobile,5.2.0,2026-07-07T21:17:17Z,21
s000578,u0153,c008,web,,2026-07-07T21:18:36Z,30
s000579,u0307,c022,tv,,2026-07-07T21:19:08Z,54
s000580,u0028,c024,web,,2026-07-07T21:19:50Z,15
s000581,u0122,c005,web,,2026-07-07T21:20:39Z,28
s000582,u0482,c011,web,,2026-07-07T21:20:51Z,120
s000583,u0707,c001,web,,2026-07-07T21:21:22Z,39
s000584,u0308,c051,mobile,5.2.0,2026-07-07T21:21:57Z,42
s000585,u0562,c001,tv,,2026-07-07T21:22:02Z,33
s000586,u0291,c033,web,,2026-07-07T21:22:24Z,11
s000587,u0699,c018,mobile,5.2.0,2026-07-07T21:22:57Z,23
s000588,u0072,c011,web,,2026-07-07T21:25:40Z,63
s000589,u0651,c005,tv,,2026-07-07T21:26:58Z,33
s000590,u0496,c047,mobile,5.2.0,2026-07-07T21:28:42Z,5
s000591,u0590,c003,tv,,2026-07-07T21:28:48Z,51
s000592,u0496,c047,mobile,5.2.0,2026-07-07T21:29:40Z,5
s000593,u0688,c020,mobile,5.2.0,2026-07-07T21:29:43Z,11
s000594,u0688,c020,mobile,5.2.0,2026-07-07T21:30:00Z,11
s000595,u0453,c005,web,,2026-07-07T21:30:06Z,20
s000596,u0462,c006,mobile,5.2.0,2026-07-07T21:30:12Z,19
s000597,u0181,c018,web,,2026-07-07T21:30:16Z,19
s000598,u0688,c020,mobile,5.2.0,2026-07-07T21:30:16Z,11
s000599,u0246,c029,mobile,5.2.0,2026-07-07T21:33:30Z,32
s000600,u0226,c001,mobile,5.2.0,2026-07-07T21:33:33Z,21
s000601,u0071,c005,web,,2026-07-07T21:33:43Z,24
s000602,u0246,c029,mobile,5.2.0,2026-07-07T21:33:45Z,32
s000603,u0246,c029,mobile,5.2.0,2026-07-07T21:33:57Z,32
s000604,u0008,c001,mobile,5.2.0,2026-07-07T21:34:13Z,8
s000605,u0168,c003,tv,,2026-07-07T21:34:44Z,20
s000606,u0236,c031,web,,2026-07-07T21:35:07Z,27
s000607,u0710,c021,tv,,2026-07-07T21:35:15Z,20
s000608,u0375,c031,tv,,2026-07-07T21:36:25Z,34
s000609,u0320,c005,web,,2026-07-07T21:36:46Z,49
s000610,u0146,c014,mobile,5.2.0,2026-07-07T21:37:51Z,20
s000611,u0146,c014,mobile,5.2.0,2026-07-07T21:38:37Z,20
s000612,u0112,c006,tv,,2026-07-07T21:41:48Z,12
s000613,u0211,c003,mobile,5.2.0,2026-07-07T21:42:28Z,31
s000614,u0116,c055,mobile,5.2.0,2026-07-07T21:43:03Z,52
s000615,u0301,c009,mobile,5.2.0,2026-07-07T21:43:34Z,35
s000616,u0116,c055,mobile,5.2.0,2026-07-07T21:43:54Z,52
s000617,u0005,c003,tv,,2026-07-07T21:43:56Z,13
s000618,u0214,c025,mobile,5.2.0,2026-07-07T21:44:28Z,18
s000619,u0104,c007,mobile,5.2.0,2026-07-07T21:45:45Z,28
s000620,u0407,c030,mobile,5.2.0,2026-07-07T21:46:42Z,27
s000621,u0272,c001,mobile,5.2.0,2026-07-07T21:47:04Z,32
s000622,u0555,c001,tv,,2026-07-07T21:48:28Z,18
s000623,u0411,c001,mobile,5.2.0,2026-07-07T21:48:29Z,22
s000624,u0195,c049,mobile,5.2.0,2026-07-07T21:49:05Z,11
s000625,u0571,c004,mobile,5.2.0,2026-07-07T21:49:13Z,33
s000626,u0571,c004,mobile,5.2.0,2026-07-07T21:49:19Z,33
s000627,u0195,c049,mobile,5.2.0,2026-07-07T21:49:36Z,11
s000628,u0571,c004,mobile,5.2.0,2026-07-07T21:49:40Z,33
s000629,u0027,c006,tv,,2026-07-07T21:49:59Z,15
s000630,u0195,c049,mobile,5.2.0,2026-07-07T21:50:13Z,11
s000631,u0309,c001,tv,,2026-07-07T21:50:23Z,57
s000632,u0568,c002,mobile,5.2.0,2026-07-07T21:51:13Z,17
s000633,u0353,c002,mobile,5.2.0,2026-07-07T21:51:27Z,20
s000634,u0607,c034,tv,,2026-07-07T21:51:27Z,37
s000635,u0469,c001,tv,,2026-07-07T21:52:05Z,53
s000636,u0479,c003,mobile,5.2.0,2026-07-07T21:53:13Z,13
s000637,u0301,c028,mobile,5.2.0,2026-07-07T21:54:12Z,32
s000638,u0183,c008,tv,,2026-07-07T21:54:48Z,21
s000639,u0123,c040,web,,2026-07-07T21:55:26Z,36
s000640,u0551,c003,mobile,5.2.0,2026-07-07T21:56:31Z,38
s000641,u0275,c004,web,,2026-07-07T21:56:50Z,19
s000642,u0086,c005,mobile,5.2.0,2026-07-07T21:57:50Z,17
s000643,u0086,c005,mobile,5.2.0,2026-07-07T21:58:28Z,17
s000644,u0621,c012,mobile,5.2.0,2026-07-07T23:06:25Z,26
s000645,u0621,c012,mobile,5.2.0,2026-07-07T23:06:49Z,26
s000646,u0299,c051,tv,,2026-07-07T23:07:31Z,43
s000647,u0580,c001,mobile,5.2.0,2026-07-07T23:08:59Z,49
s000648,u0184,c003,tv,,2026-07-07T23:10:56Z,36
s000649,u0027,c033,tv,,2026-07-07T23:11:17Z,55
s000650,u0111,c058,mobile,5.2.0,2026-07-07T23:14:19Z,19
s000651,u0111,c058,mobile,5.2.0,2026-07-07T23:14:30Z,19
s000652,u0253,c024,tv,,2026-07-07T23:14:36Z,104
s000653,u0111,c058,mobile,5.2.0,2026-07-07T23:15:07Z,19
s000654,u0291,c050,web,,2026-07-07T23:17:11Z,23
s000655,u0338,c002,tv,,2026-07-07T23:25:22Z,214
s000656,u0225,c001,web,,2026-07-07T23:29:45Z,59
s000657,u0430,c002,mobile,5.2.0,2026-07-07T23:32:19Z,6
s000658,u0332,c006,mobile,5.2.0,2026-07-07T23:34:14Z,34
s000659,u0183,c031,tv,,2026-07-07T23:34:52Z,53
s000660,u0169,c002,mobile,5.2.0,2026-07-07T23:36:30Z,18
s000661,u0676,c031,mobile,5.2.0,2026-07-07T23:37:16Z,9
s000662,u0037,c004,tv,,2026-07-07T23:42:59Z,24
s000663,u0139,c001,web,,2026-07-07T23:43:03Z,15
s000664,u0485,c003,web,,2026-07-07T23:47:34Z,28
s000665,u0057,c002,mobile,5.2.0,2026-07-07T23:49:44Z,19
s000666,u0210,c030,tv,,2026-07-07T23:50:01Z,47
s000667,u0180,c001,tv,,2026-07-07T23:50:06Z,62
s000668,u0596,c029,mobile,5.2.0,2026-07-07T23:56:23Z,17
s000669,u0018,c020,web,,2026-07-07T23:56:46Z,25
s000670,u0596,c029,mobile,5.2.0,2026-07-07T23:57:11Z,17
s000671,u0586,c003,tv,,2026-07-07T23:57:44Z,46
s000672,u0257,c017,mobile,5.2.0,2026-07-07T23:59:28Z,48
s000673,u0502,c027,tv,,2026-07-07T23:59:32Z,71
s000674,u0189,c001,tv,,2026-07-08T08:02:24Z,18
s000675,u0245,c002,tv,,2026-07-08T08:03:33Z,41
s000676,u0109,c001,mobile,5.2.0,2026-07-08T08:05:28Z,42
s000677,u0529,c022,mobile,5.2.0,2026-07-08T08:30:24Z,19
s000678,u0224,c059,web,,2026-07-08T08:33:31Z,29
s000679,u0683,c037,mobile,5.2.0,2026-07-08T08:36:47Z,43
s000680,u0683,c037,mobile,5.2.0,2026-07-08T08:37:11Z,43
s000681,u0151,c020,tv,,2026-07-08T08:38:11Z,18
s000682,u0236,c045,web,,2026-07-08T08:41:34Z,24
s000683,u0681,c009,tv,,2026-07-08T08:45:17Z,18
s000684,u0658,c004,mobile,5.2.0,2026-07-08T08:49:13Z,81
s000685,u0658,c004,mobile,5.2.0,2026-07-08T08:50:03Z,81
s000686,u0300,c001,tv,,2026-07-08T12:03:01Z,63
s000687,u0300,c003,mobile,5.2.0,2026-07-08T12:05:02Z,35
s000688,u0654,c002,web,,2026-07-08T12:05:07Z,24
s000689,u0300,c003,mobile,5.2.0,2026-07-08T12:05:37Z,35
s000690,u0359,c002,mobile,5.2.0,2026-07-08T12:10:49Z,11
s000691,u0276,c005,mobile,5.2.0,2026-07-08T12:11:01Z,30
s000692,u0359,c002,mobile,5.2.0,2026-07-08T12:11:24Z,11
s000693,u0715,c024,mobile,5.2.0,2026-07-08T12:12:03Z,9
s000694,u0715,c024,mobile,5.2.0,2026-07-08T12:12:31Z,9
s000695,u0189,c053,mobile,5.2.0,2026-07-08T12:14:03Z,15
s000696,u0352,c002,tv,,2026-07-08T12:14:39Z,82
s000697,u0252,c001,web,,2026-07-08T12:18:22Z,17
s000698,u0434,c004,mobile,5.2.0,2026-07-08T12:18:40Z,6
s000699,u0690,c001,web,,2026-07-08T12:18:42Z,85
s000700,u0434,c004,mobile,5.2.0,2026-07-08T12:19:34Z,6
s000701,u0047,c011,tv,,2026-07-08T12:20:34Z,7
s000702,u0288,c038,web,,2026-07-08T12:21:34Z,25
s000703,u0650,c002,mobile,5.2.0,2026-07-08T12:22:42Z,71
s000704,u0292,c041,mobile,5.2.0,2026-07-08T12:25:37Z,25
s000705,u0018,c030,web,,2026-07-08T12:28:39Z,42
s000706,u0677,c003,mobile,5.2.0,2026-07-08T12:29:42Z,13
s000707,u0032,c024,mobile,5.2.0,2026-07-08T12:31:00Z,16
s000708,u0032,c024,mobile,5.2.0,2026-07-08T12:31:25Z,16
s000709,u0165,c048,tv,,2026-07-08T12:31:40Z,29
s000710,u0198,c001,mobile,5.2.0,2026-07-08T12:37:19Z,19
s000711,u0053,c003,tv,,2026-07-08T12:42:25Z,18
s000712,u0711,c053,tv,,2026-07-08T12:46:05Z,56
s000713,u0717,c001,web,,2026-07-08T12:53:38Z,33
s000714,u0531,c002,tv,,2026-07-08T12:54:49Z,30
s000715,u0603,c035,mobile,5.2.0,2026-07-08T12:57:21Z,31
s000716,u0081,c013,tv,,2026-07-08T12:57:48Z,101
s000717,u0473,c008,web,,2026-07-08T12:58:55Z,37
s000718,u0022,c021,mobile,5.2.0,2026-07-08T17:02:25Z,21
s000719,u0279,c032,web,,2026-07-08T17:02:37Z,26
s000720,u0694,c019,mobile,5.2.0,2026-07-08T17:03:20Z,30
s000721,u0694,c019,mobile,5.2.0,2026-07-08T17:03:32Z,30
s000722,u0299,c003,tv,,2026-07-08T17:03:44Z,25
s000723,u0318,c031,tv,,2026-07-08T17:04:05Z,32
s000724,u0744,c033,tv,,2026-07-08T17:05:31Z,45
s000725,u0369,c005,mobile,5.2.0,2026-07-08T17:06:15Z,31
s000726,u0279,c037,web,,2026-07-08T17:08:31Z,75
s000727,u0710,c056,tv,,2026-07-08T17:08:33Z,22
s000728,u0439,c006,mobile,5.2.0,2026-07-08T17:09:27Z,37
s000729,u0073,c024,mobile,5.2.0,2026-07-08T17:09:41Z,16
s000730,u0058,c001,mobile,5.2.0,2026-07-08T17:10:03Z,14
s000731,u0746,c019,mobile,5.2.0,2026-07-08T17:12:38Z,13
s000732,u0122,c016,web,,2026-07-08T17:12:44Z,30
s000733,u0431,c014,mobile,5.2.0,2026-07-08T17:12:50Z,25
s000734,u0375,c010,tv,,2026-07-08T17:13:37Z,78
s000735,u0407,c011,mobile,5.2.0,2026-07-08T17:16:44Z,12
s000736,u0309,c048,mobile,5.2.0,2026-07-08T17:18:26Z,18
s000737,u0459,c039,mobile,5.2.0,2026-07-08T17:18:39Z,8
s000738,u0309,c048,mobile,5.2.0,2026-07-08T17:19:12Z,18
s000739,u0725,c009,mobile,5.2.0,2026-07-08T17:20:54Z,18
s000740,u0298,c012,web,,2026-07-08T17:21:10Z,34
s000741,u0422,c017,tv,,2026-07-08T17:21:18Z,80
s000742,u0725,c009,mobile,5.2.0,2026-07-08T17:21:23Z,18
s000743,u0076,c016,mobile,5.2.0,2026-07-08T17:22:04Z,67
s000744,u0138,c028,web,,2026-07-08T17:24:00Z,8
s000745,u0631,c002,mobile,5.2.0,2026-07-08T17:24:17Z,32
s000746,u0631,c002,mobile,5.2.0,2026-07-08T17:24:21Z,32
s000747,u0368,c008,mobile,5.2.0,2026-07-08T17:24:28Z,9
s000748,u0687,c003,tv,,2026-07-08T17:27:44Z,108
s000749,u0134,c005,mobile,5.2.0,2026-07-08T17:28:35Z,12
s000750,u0019,c009,web,,2026-07-08T17:28:41Z,25
s000751,u0134,c005,mobile,5.2.0,2026-07-08T17:28:52Z,12
s000752,u0596,c001,mobile,5.2.0,2026-07-08T17:29:20Z,14
s000753,u0115,c022,mobile,5.2.0,2026-07-08T17:30:19Z,18
s000754,u0115,c022,mobile,5.2.0,2026-07-08T17:30:27Z,18
s000755,u0278,c002,mobile,5.2.0,2026-07-08T17:31:39Z,17
s000756,u0606,c013,mobile,5.2.0,2026-07-08T17:31:53Z,14
s000757,u0265,c026,tv,,2026-07-08T17:32:43Z,46
s000758,u0030,c006,web,,2026-07-08T17:35:53Z,24
s000759,u0073,c008,web,,2026-07-08T17:36:25Z,43
s000760,u0490,c001,web,,2026-07-08T17:41:03Z,18
s000761,u0340,c004,web,,2026-07-08T17:41:35Z,22
s000762,u0629,c017,web,,2026-07-08T17:41:53Z,83
s000763,u0292,c002,tv,,2026-07-08T17:42:23Z,45
s000764,u0194,c049,mobile,5.2.0,2026-07-08T17:43:17Z,65
s000765,u0194,c049,mobile,5.2.0,2026-07-08T17:43:47Z,65
s000766,u0301,c023,tv,,2026-07-08T17:43:49Z,113
s000767,u0694,c020,mobile,5.2.0,2026-07-08T17:43:55Z,28
s000768,u0491,c010,web,,2026-07-08T17:44:50Z,48
s000769,u0720,c002,mobile,5.2.0,2026-07-08T17:45:42Z,36
s000770,u0556,c016,tv,,2026-07-08T17:46:10Z,97
s000771,u0115,c060,web,,2026-07-08T17:47:32Z,35
s000772,u0299,c006,tv,,2026-07-08T17:47:41Z,106
s000773,u0295,c002,web,,2026-07-08T17:50:19Z,38
s000774,u0056,c006,web,,2026-07-08T17:52:19Z,27
s000775,u0419,c001,web,,2026-07-08T17:53:03Z,122
s000776,u0663,c004,web,,2026-07-08T17:54:34Z,50
s000777,u0012,c001,web,,2026-07-08T17:55:52Z,89
s000778,u0723,c057,mobile,5.2.0,2026-07-08T17:56:04Z,19
s000779,u0723,c057,mobile,5.2.0,2026-07-08T17:56:38Z,19
s000780,u0315,c029,tv,,2026-07-08T19:00:00Z,213
s000781,u0510,c049,mobile,5.2.0,2026-07-08T19:00:37Z,9
s000782,u0638,c004,web,,2026-07-08T19:00:45Z,115
s000783,u0297,c030,tv,,2026-07-08T19:00:46Z,16
s000784,u0510,c049,mobile,5.2.0,2026-07-08T19:01:21Z,9
s000785,u0725,c006,mobile,5.2.0,2026-07-08T19:03:42Z,22
s000786,u0659,c003,mobile,5.2.0,2026-07-08T19:04:14Z,13
s000787,u0659,c003,mobile,5.2.0,2026-07-08T19:04:30Z,13
s000788,u0588,c025,web,,2026-07-08T19:04:35Z,58
s000789,u0756,c023,mobile,5.2.0,2026-07-08T19:06:04Z,17
s000790,u0165,c003,tv,,2026-07-08T19:06:06Z,34
s000791,u0512,c013,mobile,5.2.0,2026-07-08T19:06:42Z,79
s000792,u0756,c023,mobile,5.2.0,2026-07-08T19:07:04Z,17
s000793,u0512,c013,mobile,5.2.0,2026-07-08T19:07:08Z,79
s000794,u0222,c002,mobile,5.2.0,2026-07-08T19:07:38Z,6
s000795,u0452,c004,mobile,5.2.0,2026-07-08T19:08:52Z,36
s000796,u0452,c004,mobile,5.2.0,2026-07-08T19:09:00Z,36
s000797,u0694,c017,mobile,5.2.0,2026-07-08T19:09:30Z,63
s000798,u0721,c049,web,,2026-07-08T19:09:59Z,25
s000799,u0437,c012,mobile,5.2.0,2026-07-08T19:10:25Z,61
s000800,u0216,c003,mobile,5.2.0,2026-07-08T19:10:52Z,10
s000801,u0216,c003,mobile,5.2.0,2026-07-08T19:11:03Z,10
s000802,u0036,c013,web,,2026-07-08T19:11:04Z,29
s000803,u0437,c012,mobile,5.2.0,2026-07-08T19:11:18Z,61
s000804,u0334,c030,tv,,2026-07-08T19:11:31Z,49
s000805,u0292,c016,tv,,2026-07-08T19:11:50Z,13
s000806,u0251,c001,web,,2026-07-08T19:12:18Z,38
s000807,u0663,c029,web,,2026-07-08T19:13:07Z,20
s000808,u0723,c038,mobile,5.2.0,2026-07-08T19:13:47Z,33
s000809,u0332,c007,mobile,5.2.0,2026-07-08T19:14:27Z,12
s000810,u0643,c014,tv,,2026-07-08T19:14:56Z,42
s000811,u0615,c026,mobile,5.2.0,2026-07-08T19:14:58Z,17
s000812,u0369,c059,mobile,5.2.0,2026-07-08T19:15:02Z,29
s000813,u0332,c007,mobile,5.2.0,2026-07-08T19:15:27Z,12
s000814,u0165,c013,tv,,2026-07-08T19:15:39Z,20
s000815,u0675,c004,tv,,2026-07-08T19:15:47Z,81
s000816,u0185,c004,mobile,5.2.0,2026-07-08T19:16:13Z,27
s000817,u0185,c004,mobile,5.2.0,2026-07-08T19:16:52Z,27
s000818,u0485,c025,tv,,2026-07-08T19:16:55Z,55
s000819,u0168,c018,mobile,5.2.0,2026-07-08T19:17:24Z,30
s000820,u0313,c016,tv,,2026-07-08T19:17:51Z,44
s000821,u0297,c010,tv,,2026-07-08T19:18:06Z,174
s000822,u0637,c046,mobile,5.2.0,2026-07-08T19:18:18Z,36
s000823,u0368,c041,mobile,5.2.0,2026-07-08T19:18:34Z,7
s000824,u0368,c041,mobile,5.2.0,2026-07-08T19:18:43Z,7
s000825,u0051,c025,tv,,2026-07-08T19:19:28Z,32
s000826,u0224,c003,web,,2026-07-08T19:20:31Z,60
s000827,u0559,c002,mobile,5.2.0,2026-07-08T19:21:28Z,40
s000828,u0028,c001,tv,,2026-07-08T19:23:08Z,38
s000829,u0136,c010,mobile,5.2.0,2026-07-08T19:23:31Z,18
s000830,u0101,c024,tv,,2026-07-08T19:25:00Z,24
s000831,u0368,c026,mobile,5.2.0,2026-07-08T19:25:20Z,51
s000832,u0368,c026,mobile,5.2.0,2026-07-08T19:25:27Z,51
s000833,u0368,c026,mobile,5.2.0,2026-07-08T19:25:34Z,51
s000834,u0251,c022,web,,2026-07-08T19:25:36Z,14
s000835,u0046,c029,web,,2026-07-08T19:26:32Z,66
s000836,u0615,c059,mobile,5.2.0,2026-07-08T19:27:39Z,22
s000837,u0358,c011,mobile,5.2.0,2026-07-08T19:27:52Z,14
s000838,u0028,c020,tv,,2026-07-08T19:28:01Z,33
s000839,u0208,c032,tv,,2026-07-08T19:29:02Z,45
s000840,u0148,c025,tv,,2026-07-08T19:29:31Z,40
s000841,u0304,c010,mobile,5.2.0,2026-07-08T19:29:37Z,40
s000842,u0218,c021,mobile,5.2.0,2026-07-08T19:29:55Z,45
s000843,u0484,c051,mobile,5.2.0,2026-07-08T19:30:11Z,24
s000844,u0092,c001,web,,2026-07-08T19:30:21Z,34
s000845,u0448,c053,mobile,5.2.0,2026-07-08T19:30:56Z,37
s000846,u0346,c002,mobile,5.2.0,2026-07-08T19:31:28Z,13
s000847,u0346,c002,mobile,5.2.0,2026-07-08T19:32:05Z,13
s000848,u0719,c026,mobile,5.2.0,2026-07-08T19:33:44Z,24
s000849,u0050,c016,web,,2026-07-08T19:34:50Z,152
s000850,u0325,c017,mobile,5.2.0,2026-07-08T19:36:38Z,54
s000851,u0006,c031,web,,2026-07-08T19:37:04Z,47
s000852,u0325,c017,mobile,5.2.0,2026-07-08T19:37:16Z,54
s000853,u0325,c017,mobile,5.2.0,2026-07-08T19:37:59Z,54
s000854,u0172,c001,web,,2026-07-08T19:38:20Z,27
s000855,u0189,c001,mobile,5.2.0,2026-07-08T19:38:30Z,9
s000856,u0575,c013,tv,,2026-07-08T19:38:46Z,110
s000857,u0614,c020,mobile,5.2.0,2026-07-08T19:39:09Z,29
s000858,u0524,c006,mobile,5.2.0,2026-07-08T19:39:11Z,15
s000859,u0672,c020,tv,,2026-07-08T19:39:29Z,34
s000860,u0188,c001,mobile,5.2.0,2026-07-08T19:39:57Z,11
s000861,u0188,c001,mobile,5.2.0,2026-07-08T19:40:18Z,11
s000862,u0699,c001,mobile,5.2.0,2026-07-08T19:40:42Z,18
s000863,u0699,c001,mobile,5.2.0,2026-07-08T19:41:05Z,18
s000864,u0283,c006,mobile,5.2.0,2026-07-08T19:41:20Z,32
s000865,u0306,c002,mobile,5.2.0,2026-07-08T19:41:37Z,38
s000866,u0448,c002,mobile,5.2.0,2026-07-08T19:41:59Z,20
s000867,u0512,c001,mobile,5.2.0,2026-07-08T19:43:13Z,25
s000868,u0189,c022,mobile,5.2.0,2026-07-08T19:44:18Z,38
s000869,u0476,c049,tv,,2026-07-08T19:44:32Z,35
s000870,u0341,c018,mobile,5.2.0,2026-07-08T19:44:45Z,15
s000871,u0054,c002,web,,2026-07-08T19:44:50Z,80
s000872,u0527,c002,tv,,2026-07-08T19:44:52Z,16
s000873,u0358,c021,mobile,5.2.0,2026-07-08T19:45:02Z,14
s000874,u0187,c012,web,,2026-07-08T19:45:08Z,21
s000875,u0702,c004,tv,,2026-07-08T19:45:12Z,25
s000876,u0038,c001,tv,,2026-07-08T19:45:13Z,34
s000877,u0358,c021,mobile,5.2.0,2026-07-08T19:45:54Z,14
s000878,u0309,c003,tv,,2026-07-08T19:45:57Z,85
s000879,u0630,c001,mobile,5.2.0,2026-07-08T19:46:33Z,20
s000880,u0115,c039,mobile,5.2.0,2026-07-08T19:46:42Z,16
s000881,u0052,c005,web,,2026-07-08T19:47:10Z,25
s000882,u0574,c026,mobile,5.2.0,2026-07-08T19:48:57Z,44
s000883,u0151,c005,mobile,5.2.0,2026-07-08T19:49:40Z,19
s000884,u0103,c051,tv,,2026-07-08T19:51:27Z,65
s000885,u0253,c006,web,,2026-07-08T19:51:42Z,58
s000886,u0076,c002,tv,,2026-07-08T19:51:43Z,89
s000887,u0687,c039,mobile,5.2.0,2026-07-08T19:53:06Z,19
s000888,u0344,c007,mobile,5.2.0,2026-07-08T19:53:21Z,71
s000889,u0344,c007,mobile,5.2.0,2026-07-08T19:53:28Z,71
s000890,u0324,c033,tv,,2026-07-08T19:53:58Z,119
s000891,u0344,c007,mobile,5.2.0,2026-07-08T19:54:02Z,71
s000892,u0042,c001,tv,,2026-07-08T19:55:49Z,48
s000893,u0423,c003,mobile,5.2.0,2026-07-08T19:56:03Z,7
s000894,u0423,c003,mobile,5.2.0,2026-07-08T19:56:20Z,7
s000895,u0371,c003,mobile,5.2.0,2026-07-08T19:56:22Z,17
s000896,u0564,c014,web,,2026-07-08T19:57:41Z,32
s000897,u0700,c060,mobile,5.2.0,2026-07-08T19:57:48Z,63
s000898,u0700,c060,mobile,5.2.0,2026-07-08T19:58:36Z,63
s000899,u0569,c001,web,,2026-07-08T19:59:28Z,21
s000900,u0053,c048,tv,,2026-07-08T19:59:54Z,34
s000901,u0510,c025,mobile,5.2.0,2026-07-08T21:00:07Z,34
s000902,u0589,c032,tv,,2026-07-08T21:00:43Z,61
s000903,u0011,c004,tv,,2026-07-08T21:00:45Z,35
s000904,u0115,c032,web,,2026-07-08T21:02:24Z,112
s000905,u0251,c001,web,,2026-07-08T21:02:30Z,14
s000906,u0283,c011,mobile,5.2.0,2026-07-08T21:02:52Z,21
s000907,u0095,c003,web,,2026-07-08T21:02:56Z,44
s000908,u0356,c042,web,,2026-07-08T21:03:39Z,50
s000909,u0438,c006,tv,,2026-07-08T21:04:06Z,33
s000910,u0282,c012,mobile,5.2.0,2026-07-08T21:05:50Z,24
s000911,u0753,c015,tv,,2026-07-08T21:06:02Z,77
s000912,u0132,c045,tv,,2026-07-08T21:06:28Z,57
s000913,u0226,c025,mobile,5.2.0,2026-07-08T21:09:01Z,17
s000914,u0031,c055,tv,,2026-07-08T21:09:31Z,59
s000915,u0215,c003,tv,,2026-07-08T21:10:08Z,82
s000916,u0560,c002,mobile,5.2.0,2026-07-08T21:10:13Z,29
s000917,u0426,c010,mobile,5.2.0,2026-07-08T21:10:35Z,37
s000918,u0425,c001,tv,,2026-07-08T21:12:26Z,40
s000919,u0709,c005,web,,2026-07-08T21:12:40Z,24
s000920,u0750,c058,tv,,2026-07-08T21:13:09Z,54
s000921,u0478,c002,tv,,2026-07-08T21:14:45Z,44
s000922,u0212,c035,tv,,2026-07-08T21:15:43Z,56
s000923,u0295,c001,mobile,5.2.0,2026-07-08T21:17:20Z,16
s000924,u0643,c020,tv,,2026-07-08T21:17:41Z,106
s000925,u0295,c001,mobile,5.2.0,2026-07-08T21:17:49Z,16
s000926,u0198,c014,mobile,5.2.0,2026-07-08T21:17:59Z,28
s000927,u0283,c053,mobile,5.2.0,2026-07-08T21:19:26Z,46
s000928,u0116,c008,mobile,5.2.0,2026-07-08T21:19:33Z,23
s000929,u0283,c053,mobile,5.2.0,2026-07-08T21:19:54Z,46
s000930,u0116,c008,mobile,5.2.0,2026-07-08T21:20:06Z,23
s000931,u0116,c008,mobile,5.2.0,2026-07-08T21:21:02Z,23
s000932,u0152,c034,web,,2026-07-08T21:21:31Z,35
s000933,u0042,c013,tv,,2026-07-08T21:22:22Z,108
s000934,u0390,c017,web,,2026-07-08T21:22:22Z,15
s000935,u0110,c001,mobile,5.2.0,2026-07-08T21:23:04Z,22
s000936,u0089,c005,web,,2026-07-08T21:23:28Z,83
s000937,u0593,c024,mobile,5.2.0,2026-07-08T21:23:32Z,29
s000938,u0454,c036,tv,,2026-07-08T21:23:51Z,12
s000939,u0593,c024,mobile,5.2.0,2026-07-08T21:23:54Z,29
s000940,u0716,c001,tv,,2026-07-08T21:23:58Z,59
s000941,u0523,c004,web,,2026-07-08T21:24:15Z,9
s000942,u0195,c002,web,,2026-07-08T21:24:35Z,42
s000943,u0121,c032,tv,,2026-07-08T21:25:03Z,40
s000944,u0098,c025,tv,,2026-07-08T21:25:15Z,57
s000945,u0247,c056,mobile,5.2.0,2026-07-08T21:25:52Z,10
s000946,u0104,c043,web,,2026-07-08T21:28:10Z,18
s000947,u0409,c039,web,,2026-07-08T21:29:22Z,26
s000948,u0075,c056,mobile,5.2.0,2026-07-08T21:29:47Z,22
s000949,u0580,c004,mobile,5.2.0,2026-07-08T21:30:05Z,11
s000950,u0165,c013,tv,,2026-07-08T21:30:08Z,30
s000951,u0580,c004,mobile,5.2.0,2026-07-08T21:30:32Z,11
s000952,u0138,c056,mobile,5.2.0,2026-07-08T21:30:36Z,13
s000953,u0667,c018,web,,2026-07-08T21:32:51Z,13
s000954,u0608,c002,web,,2026-07-08T21:33:08Z,83
s000955,u0183,c001,tv,,2026-07-08T21:34:48Z,46
s000956,u0562,c001,tv,,2026-07-08T21:35:05Z,38
s000957,u0373,c020,web,,2026-07-08T21:35:25Z,27
s000958,u0324,c022,tv,,2026-07-08T21:35:29Z,72
s000959,u0441,c005,tv,,2026-07-08T21:35:52Z,76
s000960,u0231,c016,mobile,5.2.0,2026-07-08T21:36:56Z,80
s000961,u0304,c034,tv,,2026-07-08T21:37:00Z,23
s000962,u0231,c016,mobile,5.2.0,2026-07-08T21:37:15Z,80
s000963,u0489,c004,mobile,5.2.0,2026-07-08T21:38:19Z,26
s000964,u0361,c012,mobile,5.2.0,2026-07-08T21:38:27Z,7
s000965,u0361,c012,mobile,5.2.0,2026-07-08T21:39:05Z,7
s000966,u0563,c001,tv,,2026-07-08T21:39:20Z,39
s000967,u0313,c010,tv,,2026-07-08T21:39:31Z,168
s000968,u0091,c024,mobile,5.2.0,2026-07-08T21:39:41Z,9
s000969,u0590,c034,tv,,2026-07-08T21:40:15Z,18
s000970,u0619,c012,mobile,5.2.0,2026-07-08T21:40:20Z,17
s000971,u0079,c003,tv,,2026-07-08T21:40:32Z,16
s000972,u0598,c029,web,,2026-07-08T21:41:38Z,27
s000973,u0077,c001,mobile,5.2.0,2026-07-08T21:42:35Z,45
s000974,u0604,c001,tv,,2026-07-08T21:42:52Z,51
s000975,u0671,c017,mobile,5.2.0,2026-07-08T21:44:39Z,53
s000976,u0714,c010,mobile,5.2.0,2026-07-08T21:44:53Z,14
s000977,u0120,c059,tv,,2026-07-08T21:45:21Z,63
s000978,u0671,c017,mobile,5.2.0,2026-07-08T21:45:23Z,53
s000979,u0222,c051,mobile,5.2.0,2026-07-08T21:46:24Z,14
s000980,u0590,c007,tv,,2026-07-08T21:46:31Z,10
s000981,u0170,c022,mobile,5.2.0,2026-07-08T21:46:33Z,56
s000982,u0539,c007,tv,,2026-07-08T21:46:41Z,78
s000983,u0170,c022,mobile,5.2.0,2026-07-08T21:46:59Z,56
s000984,u0222,c051,mobile,5.2.0,2026-07-08T21:47:21Z,14
s000985,u0570,c013,mobile,5.2.0,2026-07-08T21:47:40Z,66
s000986,u0403,c054,tv,,2026-07-08T21:47:43Z,34
s000987,u0449,c045,mobile,5.2.0,2026-07-08T21:49:23Z,48
s000988,u0477,c007,mobile,5.2.0,2026-07-08T21:50:25Z,14
s000989,u0724,c009,tv,,2026-07-08T21:50:49Z,28
s000990,u0634,c002,tv,,2026-07-08T21:50:50Z,19
s000991,u0083,c029,mobile,5.2.0,2026-07-08T21:51:48Z,29
s000992,u0300,c031,mobile,5.2.0,2026-07-08T21:52:13Z,21
s000993,u0216,c011,mobile,5.2.0,2026-07-08T21:52:19Z,22
s000994,u0586,c059,mobile,5.2.0,2026-07-08T21:52:19Z,34
s000995,u0216,c011,mobile,5.2.0,2026-07-08T21:52:38Z,22
s000996,u0628,c051,tv,,2026-07-08T21:52:46Z,28
s000997,u0247,c001,mobile,5.2.0,2026-07-08T21:52:51Z,30
s000998,u0625,c002,web,,2026-07-08T21:52:54Z,14
s000999,u0359,c011,mobile,5.2.0,2026-07-08T21:53:26Z,24
s001000,u0239,c003,tv,,2026-07-08T21:53:37Z,77
s001001,u0359,c011,mobile,5.2.0,2026-07-08T21:54:06Z,24
s001002,u0191,c001,web,,2026-07-08T21:54:16Z,14
s001003,u0756,c009,tv,,2026-07-08T21:54:39Z,19
s001004,u0631,c019,mobile,5.2.0,2026-07-08T21:56:54Z,28
s001005,u0443,c020,tv,,2026-07-08T21:58:00Z,63
s001006,u0330,c032,web,,2026-07-08T21:58:21Z,30
s001007,u0177,c001,tv,,2026-07-08T21:59:38Z,33
s001008,u0247,c004,mobile,5.2.0,2026-07-08T21:59:53Z,80
s001009,u0358,c001,mobile,5.2.0,2026-07-08T21:59:57Z,26
s001010,u0746,c003,mobile,5.2.0,2026-07-08T23:00:19Z,16
s001011,u0394,c003,mobile,5.2.0,2026-07-08T23:07:16Z,10
s001012,u0080,c004,tv,,2026-07-08T23:07:40Z,103
s001013,u0742,c013,tv,,2026-07-08T23:09:37Z,57
s001014,u0245,c003,tv,,2026-07-08T23:10:00Z,159
s001015,u0106,c037,web,,2026-07-08T23:11:29Z,16
s001016,u0390,c034,web,,2026-07-08T23:18:27Z,22
s001017,u0077,c006,mobile,5.2.0,2026-07-08T23:18:29Z,16
s001018,u0305,c003,tv,,2026-07-08T23:20:15Z,43
s001019,u0580,c023,tv,,2026-07-08T23:20:28Z,59
s001020,u0175,c002,web,,2026-07-08T23:20:42Z,39
s001021,u0579,c053,web,,2026-07-08T23:20:51Z,10
s001022,u0512,c026,tv,,2026-07-08T23:21:37Z,128
s001023,u0551,c021,mobile,5.2.0,2026-07-08T23:21:49Z,37
s001024,u0363,c049,web,,2026-07-08T23:24:50Z,98
s001025,u0604,c005,tv,,2026-07-08T23:26:49Z,9
s001026,u0206,c012,mobile,5.2.0,2026-07-08T23:28:02Z,32
s001027,u0161,c002,mobile,5.2.0,2026-07-08T23:30:54Z,26
s001028,u0018,c001,web,,2026-07-08T23:31:11Z,50
s001029,u0161,c002,mobile,5.2.0,2026-07-08T23:31:47Z,26
s001030,u0733,c050,tv,,2026-07-08T23:31:48Z,66
s001031,u0229,c030,tv,,2026-07-08T23:34:58Z,69
s001032,u0628,c017,tv,,2026-07-08T23:41:14Z,135
s001033,u0654,c025,mobile,5.2.0,2026-07-08T23:41:50Z,20
s001034,u0270,c004,web,,2026-07-08T23:42:33Z,58
s001035,u0453,c026,mobile,5.2.0,2026-07-08T23:43:25Z,56
s001036,u0118,c004,web,,2026-07-08T23:43:53Z,35
s001037,u0383,c036,web,,2026-07-08T23:44:29Z,49
s001038,u0188,c018,mobile,5.2.0,2026-07-08T23:45:09Z,8
s001039,u0312,c030,tv,,2026-07-08T23:49:43Z,58
s001040,u0293,c036,tv,,2026-07-08T23:49:53Z,97
s001041,u0138,c015,mobile,5.2.0,2026-07-08T23:50:27Z,16
s001042,u0269,c054,web,,2026-07-08T23:51:47Z,35
s001043,u0351,c002,tv,,2026-07-08T23:53:21Z,43
s001044,u0363,c002,web,,2026-07-08T23:54:12Z,66
s001045,u0021,c055,tv,,2026-07-08T23:54:22Z,40
s001046,u0761,c037,tv,,2026-07-08T23:54:31Z,36
s001047,u0244,c004,mobile,5.2.0,2026-07-08T23:57:01Z,13
s001048,u0244,c004,mobile,5.2.0,2026-07-08T23:57:58Z,13
s001049,u0369,c003,mobile,5.2.0,2026-07-08T23:59:46Z,16
s001050,u0593,c020,mobile,5.2.0,2026-07-09T08:00:03Z,14
s001051,u0109,c002,mobile,5.2.0,2026-07-09T08:00:24Z,42
s001052,u0468,c012,tv,,2026-07-09T08:01:47Z,21
s001053,u0697,c005,mobile,5.2.0,2026-07-09T08:11:41Z,20
s001054,u0252,c002,mobile,5.2.0,2026-07-09T08:20:12Z,22
s001055,u0659,c001,mobile,5.2.0,2026-07-09T08:22:03Z,56
s001056,u0340,c009,tv,,2026-07-09T08:22:27Z,14
s001057,u0659,c001,mobile,5.2.0,2026-07-09T08:22:48Z,56
s001058,u0579,c013,mobile,5.2.0,2026-07-09T08:23:08Z,19
s001059,u0335,c025,web,,2026-07-09T08:28:14Z,44
s001060,u0239,c017,tv,,2026-07-09T08:30:36Z,55
s001061,u0473,c028,web,,2026-07-09T08:46:01Z,63
s001062,u0541,c006,tv,,2026-07-09T12:02:18Z,61
s001063,u0757,c002,mobile,5.2.0,2026-07-09T12:04:38Z,8
s001064,u0138,c038,mobile,5.2.0,2026-07-09T12:08:24Z,12
s001065,u0411,c057,mobile,5.2.0,2026-07-09T12:10:41Z,13
s001066,u0173,c004,tv,,2026-07-09T12:11:38Z,27
s001067,u0230,c003,mobile,5.2.0,2026-07-09T12:14:51Z,10
s001068,u0658,c010,mobile,5.2.0,2026-07-09T12:17:18Z,8
s001069,u0739,c034,tv,,2026-07-09T12:17:27Z,76
s001070,u0658,c010,mobile,5.2.0,2026-07-09T12:17:52Z,8
s001071,u0658,c010,mobile,5.2.0,2026-07-09T12:18:27Z,8
s001072,u0030,c003,web,,2026-07-09T12:19:45Z,94
s001073,u0506,c017,mobile,5.2.0,2026-07-09T12:21:36Z,12
s001074,u0663,c048,web,,2026-07-09T12:24:42Z,49
s001075,u0496,c004,mobile,5.2.0,2026-07-09T12:24:54Z,29
s001076,u0496,c004,mobile,5.2.0,2026-07-09T12:25:31Z,29
s001077,u0307,c002,tv,,2026-07-09T12:26:10Z,96
s001078,u0247,c011,mobile,5.2.0,2026-07-09T12:27:43Z,21
s001079,u0250,c007,mobile,5.2.0,2026-07-09T12:30:31Z,17
s001080,u0545,c015,tv,,2026-07-09T12:35:30Z,85
s001081,u0197,c010,tv,,2026-07-09T12:39:10Z,29
s001082,u0155,c003,tv,,2026-07-09T12:42:59Z,58
s001083,u0446,c001,mobile,5.2.0,2026-07-09T12:45:03Z,57
s001084,u0270,c006,web,,2026-07-09T12:45:34Z,19
s001085,u0446,c001,mobile,5.2.0,2026-07-09T12:45:54Z,57
s001086,u0039,c056,web,,2026-07-09T12:46:55Z,73
s001087,u0639,c004,web,,2026-07-09T12:49:27Z,107
s001088,u0104,c001,web,,2026-07-09T12:50:36Z,79
s001089,u0083,c033,mobile,5.2.0,2026-07-09T12:52:32Z,53
s001090,u0601,c031,web,,2026-07-09T12:55:46Z,58
s001091,u0467,c001,tv,,2026-07-09T12:56:01Z,98
s001092,u0307,c020,tv,,2026-07-09T12:58:14Z,56
s001093,u0389,c008,web,,2026-07-09T12:58:22Z,24
s001094,u0307,c007,mobile,5.2.0,2026-07-09T17:00:26Z,14
s001095,u0307,c007,mobile,5.2.0,2026-07-09T17:00:41Z,14
s001096,u0307,c007,mobile,5.2.0,2026-07-09T17:01:10Z,14
s001097,u0448,c046,mobile,5.2.0,2026-07-09T17:01:23Z,46
s001098,u0663,c016,web,,2026-07-09T17:02:23Z,91
s001099,u0278,c002,mobile,5.2.0,2026-07-09T17:04:08Z,16
s001100,u0260,c003,mobile,5.2.0,2026-07-09T17:05:45Z,22
s001101,u0179,c001,tv,,2026-07-09T17:06:37Z,25
s001102,u0018,c001,web,,2026-07-09T17:07:53Z,43
s001103,u0178,c024,web,,2026-07-09T17:07:57Z,72
s001104,u0321,c001,mobile,5.2.0,2026-07-09T17:09:33Z,22
s001105,u0321,c001,mobile,5.2.0,2026-07-09T17:10:25Z,22
s001106,u0371,c001,mobile,5.2.0,2026-07-09T17:11:28Z,36
s001107,u0371,c001,mobile,5.2.0,2026-07-09T17:11:35Z,36
s001108,u0383,c005,web,,2026-07-09T17:12:34Z,15
s001109,u0043,c001,mobile,5.2.0,2026-07-09T17:12:58Z,50
s001110,u0043,c001,mobile,5.2.0,2026-07-09T17:13:55Z,50
s001111,u0043,c001,mobile,5.2.0,2026-07-09T17:14:06Z,50
s001112,u0548,c001,mobile,5.2.0,2026-07-09T17:14:28Z,64
s001113,u0666,c015,mobile,5.2.0,2026-07-09T17:15:00Z,27
s001114,u0118,c010,web,,2026-07-09T17:18:54Z,113
s001115,u0318,c030,tv,,2026-07-09T17:19:08Z,10
s001116,u0415,c013,tv,,2026-07-09T17:20:29Z,59
s001117,u0351,c036,tv,,2026-07-09T17:21:53Z,64
s001118,u0258,c038,mobile,5.2.0,2026-07-09T17:22:48Z,12
s001119,u0258,c038,mobile,5.2.0,2026-07-09T17:23:06Z,12
s001120,u0608,c003,web,,2026-07-09T17:23:55Z,42
s001121,u0727,c003,mobile,5.2.0,2026-07-09T17:25:58Z,7
s001122,u0433,c002,tv,,2026-07-09T17:26:25Z,20
s001123,u0374,c003,web,,2026-07-09T17:27:43Z,74
s001124,u0595,c005,web,,2026-07-09T17:29:52Z,31
s001125,u0160,c039,tv,,2026-07-09T17:31:13Z,63
s001126,u0665,c007,mobile,5.2.0,2026-07-09T17:34:32Z,57
s001127,u0634,c007,tv,,2026-07-09T17:35:07Z,17
s001128,u0617,c001,tv,,2026-07-09T17:39:46Z,20
s001129,u0066,c012,web,,2026-07-09T17:42:20Z,64
s001130,u0052,c021,web,,2026-07-09T17:43:53Z,25
s001131,u0375,c005,tv,,2026-07-09T17:44:00Z,31
s001132,u0266,c003,mobile,5.2.0,2026-07-09T17:48:19Z,26
s001133,u0266,c003,mobile,5.2.0,2026-07-09T17:48:43Z,26
s001134,u0010,c024,tv,,2026-07-09T17:49:00Z,17
s001135,u0710,c009,tv,,2026-07-09T17:50:18Z,26
s001136,u0190,c001,web,,2026-07-09T17:50:40Z,32
s001137,u0252,c031,mobile,5.2.0,2026-07-09T17:59:08Z,15
s001138,u0455,c004,web,,2026-07-09T19:02:15Z,20
s001139,u0286,c001,mobile,5.2.0,2026-07-09T19:03:01Z,15
s001140,u0286,c001,mobile,5.2.0,2026-07-09T19:03:37Z,15
s001141,u0479,c001,web,,2026-07-09T19:04:17Z,20
s001142,u0222,c001,mobile,5.2.0,2026-07-09T19:07:28Z,13
s001143,u0658,c018,mobile,5.2.0,2026-07-09T19:07:50Z,12
s001144,u0079,c015,tv,,2026-07-09T19:07:53Z,103
s001145,u0709,c042,mobile,5.2.0,2026-07-09T19:09:30Z,10
s001146,u0157,c030,web,,2026-07-09T19:09:43Z,17
s001147,u0709,c042,mobile,5.2.0,2026-07-09T19:09:52Z,10
s001148,u0658,c016,mobile,5.2.0,2026-07-09T19:10:17Z,7
s001149,u0448,c039,mobile,5.2.0,2026-07-09T19:10:22Z,36
s001150,u0658,c016,mobile,5.2.0,2026-07-09T19:10:25Z,7
s001151,u0360,c009,tv,,2026-07-09T19:10:43Z,32
s001152,u0377,c001,mobile,5.2.0,2026-07-09T19:11:44Z,55
s001153,u0704,c013,tv,,2026-07-09T19:13:27Z,83
s001154,u0230,c041,mobile,5.2.0,2026-07-09T19:14:43Z,8
s001155,u0654,c006,web,,2026-07-09T19:14:47Z,49
s001156,u0511,c043,tv,,2026-07-09T19:15:34Z,26
s001157,u0555,c033,web,,2026-07-09T19:15:44Z,31
s001158,u0309,c016,tv,,2026-07-09T19:16:05Z,86
s001159,u0291,c040,web,,2026-07-09T19:16:53Z,40
s001160,u0419,c004,web,,2026-07-09T19:17:46Z,17
s001161,u0698,c039,mobile,5.2.0,2026-07-09T19:18:19Z,33
s001162,u0662,c029,mobile,5.2.0,2026-07-09T19:18:46Z,41
s001163,u0662,c029,mobile,5.2.0,2026-07-09T19:19:04Z,41
s001164,u0341,c017,mobile,5.2.0,2026-07-09T19:19:13Z,33
s001165,u0028,c033,web,,2026-07-09T19:19:16Z,21
s001166,u0485,c002,tv,,2026-07-09T19:19:24Z,27
s001167,u0658,c011,mobile,5.2.0,2026-07-09T19:19:38Z,14
s001168,u0658,c011,mobile,5.2.0,2026-07-09T19:19:46Z,14
s001169,u0434,c003,mobile,5.2.0,2026-07-09T19:19:56Z,100
s001170,u0341,c017,mobile,5.2.0,2026-07-09T19:20:11Z,33
s001171,u0348,c003,tv,,2026-07-09T19:21:47Z,61
s001172,u0458,c033,web,,2026-07-09T19:23:18Z,40
s001173,u0480,c045,web,,2026-07-09T19:23:29Z,52
s001174,u0699,c040,mobile,5.2.0,2026-07-09T19:23:46Z,22
s001175,u0699,c040,mobile,5.2.0,2026-07-09T19:23:53Z,22
s001176,u0171,c022,mobile,5.2.0,2026-07-09T19:23:58Z,42
s001177,u0472,c002,mobile,5.2.0,2026-07-09T19:25:18Z,31
s001178,u0258,c032,web,,2026-07-09T19:26:20Z,26
s001179,u0105,c001,web,,2026-07-09T19:26:58Z,99
s001180,u0547,c002,mobile,5.2.0,2026-07-09T19:27:20Z,10
s001181,u0738,c046,mobile,5.2.0,2026-07-09T19:27:21Z,34
s001182,u0155,c029,tv,,2026-07-09T19:28:41Z,54
s001183,u0153,c001,web,,2026-07-09T19:28:51Z,23
s001184,u0200,c015,mobile,5.2.0,2026-07-09T19:29:28Z,33
s001185,u0221,c018,mobile,5.2.0,2026-07-09T19:29:29Z,7
s001186,u0522,c013,web,,2026-07-09T19:30:14Z,46
s001187,u0221,c018,mobile,5.2.0,2026-07-09T19:30:25Z,7
s001188,u0126,c016,tv,,2026-07-09T19:30:51Z,40
s001189,u0554,c032,tv,,2026-07-09T19:31:00Z,21
s001190,u0246,c011,mobile,5.2.0,2026-07-09T19:31:56Z,42
s001191,u0682,c001,web,,2026-07-09T19:32:00Z,76
s001192,u0246,c011,mobile,5.2.0,2026-07-09T19:32:22Z,42
s001193,u0491,c031,web,,2026-07-09T19:32:54Z,97
s001194,u0192,c001,tv,,2026-07-09T19:33:46Z,59
s001195,u0375,c009,tv,,2026-07-09T19:33:46Z,44
s001196,u0488,c002,mobile,5.2.0,2026-07-09T19:33:51Z,11
s001197,u0666,c007,mobile,5.2.0,2026-07-09T19:34:37Z,22
s001198,u0059,c002,tv,,2026-07-09T19:35:04Z,34
s001199,u0599,c001,mobile,5.2.0,2026-07-09T19:35:18Z,9
s001200,u0366,c001,mobile,5.2.0,2026-07-09T19:35:49Z,7
s001201,u0210,c015,tv,,2026-07-09T19:36:06Z,206
s001202,u0622,c018,mobile,5.2.0,2026-07-09T19:36:23Z,29
s001203,u0574,c002,mobile,5.2.0,2026-07-09T19:36:39Z,17
s001204,u0115,c001,mobile,5.2.0,2026-07-09T19:36:54Z,34
s001205,u0622,c018,mobile,5.2.0,2026-07-09T19:37:21Z,29
s001206,u0622,c018,mobile,5.2.0,2026-07-09T19:37:56Z,29
s001207,u0471,c008,web,,2026-07-09T19:38:32Z,81
s001208,u0189,c006,mobile,5.2.0,2026-07-09T19:39:24Z,20
s001209,u0163,c004,mobile,5.2.0,2026-07-09T19:40:45Z,17
s001210,u0473,c038,web,,2026-07-09T19:41:08Z,91
s001211,u0187,c002,web,,2026-07-09T19:41:13Z,93
s001212,u0340,c001,tv,,2026-07-09T19:41:47Z,62
s001213,u0663,c058,mobile,5.2.0,2026-07-09T19:42:06Z,78
s001214,u0053,c001,tv,,2026-07-09T19:42:30Z,103
s001215,u0058,c005,web,,2026-07-09T19:43:08Z,48
s001216,u0480,c015,web,,2026-07-09T19:44:13Z,23
s001217,u0436,c020,mobile,5.2.0,2026-07-09T19:45:28Z,14
s001218,u0566,c005,mobile,5.2.0,2026-07-09T19:45:37Z,75
s001219,u0566,c005,mobile,5.2.0,2026-07-09T19:45:41Z,75
s001220,u0035,c001,web,,2026-07-09T19:45:57Z,79
s001221,u0711,c001,mobile,5.2.0,2026-07-09T19:46:54Z,20
s001222,u0454,c017,tv,,2026-07-09T19:47:32Z,23
s001223,u0515,c010,tv,,2026-07-09T19:47:32Z,56
s001224,u0151,c009,mobile,5.2.0,2026-07-09T19:47:43Z,32
s001225,u0170,c004,mobile,5.2.0,2026-07-09T19:48:39Z,16
s001226,u0588,c011,web,,2026-07-09T19:48:45Z,41
s001227,u0112,c002,tv,,2026-07-09T19:49:00Z,21
s001228,u0625,c041,web,,2026-07-09T19:49:04Z,24
s001229,u0301,c021,mobile,5.2.0,2026-07-09T19:50:01Z,26
s001230,u0363,c011,web,,2026-07-09T19:52:30Z,70
s001231,u0517,c002,mobile,5.2.0,2026-07-09T19:53:22Z,23
s001232,u0077,c011,mobile,5.2.0,2026-07-09T19:53:36Z,13
s001233,u0130,c004,tv,,2026-07-09T19:53:54Z,39
s001234,u0077,c011,mobile,5.2.0,2026-07-09T19:54:13Z,13
s001235,u0122,c041,web,,2026-07-09T19:54:31Z,43
s001236,u0165,c001,tv,,2026-07-09T19:55:11Z,40
s001237,u0723,c023,tv,,2026-07-09T19:55:41Z,78
s001238,u0070,c002,tv,,2026-07-09T19:58:27Z,24
s001239,u0746,c010,mobile,5.2.0,2026-07-09T19:59:37Z,48
s001240,u0434,c003,mobile,5.2.0,2026-07-09T19:59:48Z,21
s001241,u0746,c010,mobile,5.2.0,2026-07-09T19:59:51Z,48
s001242,u0027,c001,tv,,2026-07-09T21:01:54Z,22
s001243,u0505,c011,web,,2026-07-09T21:02:00Z,25
s001244,u0720,c003,mobile,5.2.0,2026-07-09T21:02:39Z,23
s001245,u0197,c007,tv,,2026-07-09T21:05:31Z,59
s001246,u0049,c031,web,,2026-07-09T21:06:03Z,66
s001247,u0568,c004,mobile,5.2.0,2026-07-09T21:08:10Z,15
s001248,u0631,c026,mobile,5.2.0,2026-07-09T21:08:51Z,20
s001249,u0113,c002,web,,2026-07-09T21:09:53Z,126
s001250,u0419,c004,web,,2026-07-09T21:10:56Z,38
s001251,u0739,c028,tv,,2026-07-09T21:11:22Z,42
s001252,u0009,c048,web,,2026-07-09T21:12:53Z,22
s001253,u0112,c013,tv,,2026-07-09T21:14:09Z,44
s001254,u0562,c053,tv,,2026-07-09T21:14:49Z,26
s001255,u0524,c052,web,,2026-07-09T21:15:11Z,33
s001256,u0098,c001,mobile,5.2.0,2026-07-09T21:15:20Z,61
s001257,u0420,c002,web,,2026-07-09T21:16:01Z,28
s001258,u0128,c001,tv,,2026-07-09T21:18:39Z,71
s001259,u0299,c003,tv,,2026-07-09T21:19:39Z,52
s001260,u0126,c001,tv,,2026-07-09T21:20:32Z,67
s001261,u0502,c008,tv,,2026-07-09T21:22:42Z,21
s001262,u0272,c012,mobile,5.2.0,2026-07-09T21:23:18Z,9
s001263,u0683,c057,mobile,5.2.0,2026-07-09T21:23:36Z,31
s001264,u0053,c004,tv,,2026-07-09T21:24:09Z,25
s001265,u0658,c031,mobile,5.2.0,2026-07-09T21:25:05Z,23
s001266,u0408,c057,tv,,2026-07-09T21:25:40Z,72
s001267,u0330,c048,web,,2026-07-09T21:26:15Z,59
s001268,u0068,c001,web,,2026-07-09T21:26:45Z,39
s001269,u0066,c003,web,,2026-07-09T21:28:05Z,73
s001270,u0359,c009,mobile,5.2.0,2026-07-09T21:28:25Z,14
s001271,u0320,c027,web,,2026-07-09T21:28:48Z,18
s001272,u0185,c002,mobile,5.2.0,2026-07-09T21:31:24Z,9
s001273,u0566,c011,mobile,5.2.0,2026-07-09T21:31:46Z,15
s001274,u0566,c011,mobile,5.2.0,2026-07-09T21:32:14Z,15
s001275,u0185,c002,mobile,5.2.0,2026-07-09T21:32:23Z,9
s001276,u0318,c011,mobile,5.2.0,2026-07-09T21:32:42Z,7
s001277,u0138,c003,mobile,5.2.0,2026-07-09T21:32:54Z,45
s001278,u0745,c054,mobile,5.2.0,2026-07-09T21:32:57Z,22
s001279,u0318,c011,mobile,5.2.0,2026-07-09T21:33:10Z,7
s001280,u0745,c054,mobile,5.2.0,2026-07-09T21:33:12Z,22
s001281,u0185,c002,mobile,5.2.0,2026-07-09T21:33:13Z,9
s001282,u0031,c006,mobile,5.2.0,2026-07-09T21:34:02Z,10
s001283,u0309,c001,mobile,5.2.0,2026-07-09T21:34:05Z,51
s001284,u0577,c002,tv,,2026-07-09T21:34:05Z,17
s001285,u0031,c006,mobile,5.2.0,2026-07-09T21:34:13Z,10
s001286,u0659,c020,mobile,5.2.0,2026-07-09T21:34:35Z,31
s001287,u0018,c034,web,,2026-07-09T21:35:41Z,13
s001288,u0430,c004,mobile,5.2.0,2026-07-09T21:35:50Z,10
s001289,u0314,c021,tv,,2026-07-09T21:36:49Z,13
s001290,u0732,c003,web,,2026-07-09T21:38:17Z,15
s001291,u0442,c045,tv,,2026-07-09T21:38:50Z,15
s001292,u0455,c014,web,,2026-07-09T21:39:48Z,23
s001293,u0441,c047,tv,,2026-07-09T21:40:09Z,28
s001294,u0366,c022,mobile,5.2.0,2026-07-09T21:40:31Z,7
s001295,u0355,c019,web,,2026-07-09T21:40:58Z,41
s001296,u0522,c010,web,,2026-07-09T21:41:28Z,43
s001297,u0524,c002,mobile,5.2.0,2026-07-09T21:41:56Z,26
s001298,u0524,c002,mobile,5.2.0,2026-07-09T21:42:01Z,26
s001299,u0183,c020,tv,,2026-07-09T21:42:05Z,222
s001300,u0177,c044,tv,,2026-07-09T21:42:48Z,55
s001301,u0590,c021,tv,,2026-07-09T21:44:53Z,48
s001302,u0551,c017,mobile,5.2.0,2026-07-09T21:45:25Z,15
s001303,u0579,c010,web,,2026-07-09T21:45:33Z,24
s001304,u0576,c001,web,,2026-07-09T21:45:37Z,81
s001305,u0190,c009,mobile,5.2.0,2026-07-09T21:46:34Z,75
s001306,u0359,c001,mobile,5.2.0,2026-07-09T21:46:46Z,16
s001307,u0049,c007,web,,2026-07-09T21:47:12Z,43
s001308,u0190,c009,mobile,5.2.0,2026-07-09T21:47:32Z,75
s001309,u0190,c009,mobile,5.2.0,2026-07-09T21:47:58Z,75
s001310,u0650,c060,mobile,5.2.0,2026-07-09T21:48:29Z,28
s001311,u0554,c044,web,,2026-07-09T21:49:38Z,101
s001312,u0075,c048,mobile,5.2.0,2026-07-09T21:50:00Z,40
s001313,u0442,c001,tv,,2026-07-09T21:51:06Z,26
s001314,u0419,c014,web,,2026-07-09T21:51:33Z,126
s001315,u0738,c038,mobile,5.2.0,2026-07-09T21:51:48Z,10
s001316,u0190,c051,mobile,5.2.0,2026-07-09T21:54:35Z,33
s001317,u0300,c011,mobile,5.2.0,2026-07-09T21:54:39Z,31
s001318,u0757,c007,mobile,5.2.0,2026-07-09T21:54:48Z,18
s001319,u0086,c001,mobile,5.2.0,2026-07-09T21:56:10Z,34
s001320,u0331,c001,mobile,5.2.0,2026-07-09T21:56:29Z,11
s001321,u0409,c017,web,,2026-07-09T21:56:54Z,51
s001322,u0178,c002,web,,2026-07-09T21:57:17Z,29
s001323,u0197,c019,tv,,2026-07-09T21:57:24Z,125
s001324,u0194,c020,web,,2026-07-09T21:57:32Z,60
s001325,u0434,c027,mobile,5.2.0,2026-07-09T21:58:57Z,31
s001326,u0448,c004,mobile,5.2.0,2026-07-09T21:59:24Z,63
s001327,u0471,c012,web,,2026-07-09T23:01:06Z,16
s001328,u0601,c003,tv,,2026-07-09T23:04:17Z,68
s001329,u0076,c033,tv,,2026-07-09T23:04:47Z,94
s001330,u0614,c023,web,,2026-07-09T23:06:28Z,131
s001331,u0665,c001,mobile,5.2.0,2026-07-09T23:08:16Z,19
s001332,u0750,c001,tv,,2026-07-09T23:11:46Z,43
s001333,u0418,c002,mobile,5.2.0,2026-07-09T23:14:08Z,58
s001334,u0418,c002,mobile,5.2.0,2026-07-09T23:14:21Z,58
s001335,u0082,c024,mobile,5.2.0,2026-07-09T23:14:59Z,26
s001336,u0111,c002,mobile,5.2.0,2026-07-09T23:16:19Z,13
s001337,u0441,c056,tv,,2026-07-09T23:16:47Z,173
s001338,u0623,c022,web,,2026-07-09T23:18:39Z,53
s001339,u0292,c036,tv,,2026-07-09T23:20:20Z,22
s001340,u0509,c001,mobile,5.2.0,2026-07-09T23:20:21Z,19
s001341,u0704,c017,tv,,2026-07-09T23:21:14Z,48
s001342,u0432,c045,tv,,2026-07-09T23:22:08Z,62
s001343,u0530,c034,mobile,5.2.0,2026-07-09T23:34:30Z,4
s001344,u0047,c035,mobile,5.2.0,2026-07-09T23:36:30Z,19
s001345,u0130,c004,tv,,2026-07-09T23:38:41Z,59
s001346,u0382,c022,tv,,2026-07-09T23:41:45Z,240
s001347,u0556,c008,tv,,2026-07-09T23:42:29Z,30
s001348,u0251,c024,web,,2026-07-09T23:43:50Z,47
s001349,u0744,c001,web,,2026-07-09T23:46:02Z,10
s001350,u0599,c007,tv,,2026-07-09T23:46:44Z,67
s001351,u0116,c001,mobile,5.2.0,2026-07-09T23:48:55Z,13
s001352,u0051,c022,tv,,2026-07-09T23:49:44Z,24
s001353,u0395,c026,mobile,5.2.0,2026-07-09T23:50:08Z,85
s001354,u0604,c003,tv,,2026-07-09T23:50:26Z,33
s001355,u0498,c014,mobile,5.2.0,2026-07-09T23:51:27Z,11
s001356,u0498,c014,mobile,5.2.0,2026-07-09T23:51:32Z,11
s001357,u0478,c003,tv,,2026-07-09T23:51:47Z,35
s001358,u0203,c001,mobile,5.2.0,2026-07-09T23:56:49Z,54
s001359,u0109,c024,mobile,5.2.0,2026-07-09T23:57:59Z,30
s001360,u0218,c013,mobile,5.2.0,2026-07-09T23:58:07Z,15
s001361,u0625,c055,mobile,5.2.0,2026-07-09T23:58:11Z,4
s001362,u0218,c013,mobile,5.2.0,2026-07-09T23:58:44Z,15
s001363,u0103,c002,tv,,2026-07-09T23:59:24Z,18
s001364,u0218,c013,mobile,5.2.0,2026-07-09T23:59:29Z,15
s001365,u0356,c004,web,,2026-07-09T23:59:29Z,31
s001366,u0227,c036,mobile,5.2.0,2026-07-10T08:02:06Z,29
s001367,u0493,c001,web,,2026-07-10T08:10:31Z,57
s001368,u0647,c018,web,,2026-07-10T08:21:14Z,35
s001369,u0415,c047,web,,2026-07-10T08:22:22Z,51
s001370,u0128,c026,tv,,2026-07-10T08:23:32Z,99
s001371,u0175,c014,mobile,5.2.0,2026-07-10T08:30:22Z,14
s001372,u0377,c002,mobile,5.2.0,2026-07-10T08:32:15Z,56
s001373,u0377,c002,mobile,5.2.0,2026-07-10T08:32:36Z,56
s001374,u0377,c002,mobile,5.2.0,2026-07-10T08:33:16Z,56
s001375,u0726,c024,web,,2026-07-10T08:35:12Z,10
s001376,u0124,c020,mobile,5.2.0,2026-07-10T08:45:10Z,22
s001377,u0124,c020,mobile,5.2.0,2026-07-10T08:45:30Z,22
s001378,u0549,c009,mobile,5.2.0,2026-07-10T08:46:34Z,18
s001379,u0115,c007,mobile,5.2.0,2026-07-10T08:50:19Z,11
s001380,u0008,c008,web,,2026-07-10T08:57:01Z,19
s001381,u0200,c029,mobile,5.2.0,2026-07-10T12:00:39Z,48
s001382,u0529,c021,mobile,5.2.0,2026-07-10T12:00:40Z,34
s001383,u0662,c048,web,,2026-07-10T12:15:08Z,18
s001384,u0354,c007,mobile,5.2.0,2026-07-10T12:15:58Z,23
s001385,u0354,c007,mobile,5.2.0,2026-07-10T12:16:52Z,23
s001386,u0174,c015,web,,2026-07-10T12:20:22Z,12
s001387,u0216,c003,mobile,5.2.0,2026-07-10T12:20:35Z,40
s001388,u0395,c014,tv,,2026-07-10T12:20:46Z,53
s001389,u0242,c003,mobile,5.2.0,2026-07-10T12:20:48Z,5
s001390,u0216,c003,mobile,5.2.0,2026-07-10T12:21:17Z,40
s001391,u0242,c003,mobile,5.2.0,2026-07-10T12:21:25Z,5
s001392,u0242,c003,mobile,5.2.0,2026-07-10T12:21:29Z,5
s001393,u0035,c037,web,,2026-07-10T12:22:39Z,75
s001394,u0570,c002,mobile,5.2.0,2026-07-10T12:23:44Z,67
s001395,u0570,c002,mobile,5.2.0,2026-07-10T12:24:36Z,67
s001396,u0570,c002,mobile,5.2.0,2026-07-10T12:25:33Z,67
s001397,u0547,c011,tv,,2026-07-10T12:30:02Z,87
s001398,u0413,c019,web,,2026-07-10T12:31:25Z,42
s001399,u0710,c059,tv,,2026-07-10T12:32:25Z,22
s001400,u0551,c002,mobile,5.2.0,2026-07-10T12:38:02Z,19
s001401,u0390,c020,web,,2026-07-10T12:39:30Z,32
s001402,u0056,c026,mobile,5.2.0,2026-07-10T12:43:33Z,18
s001403,u0595,c027,web,,2026-07-10T12:43:42Z,35
s001404,u0745,c001,mobile,5.2.0,2026-07-10T12:55:52Z,14
s001405,u0330,c017,mobile,5.2.0,2026-07-10T12:57:13Z,15
s001406,u0177,c012,tv,,2026-07-10T12:59:30Z,14
s001407,u0674,c001,mobile,5.2.0,2026-07-10T12:59:55Z,30
s001408,u0524,c008,mobile,5.2.0,2026-07-10T17:02:23Z,19
s001409,u0524,c008,mobile,5.2.0,2026-07-10T17:03:18Z,19
s001410,u0458,c015,mobile,5.2.0,2026-07-10T17:03:52Z,14
s001411,u0061,c006,tv,,2026-07-10T17:04:06Z,58
s001412,u0562,c001,tv,,2026-07-10T17:04:34Z,80
s001413,u0650,c010,tv,,2026-07-10T17:07:56Z,81
s001414,u0541,c018,tv,,2026-07-10T17:08:20Z,32
s001415,u0719,c005,mobile,5.2.0,2026-07-10T17:09:04Z,15
s001416,u0244,c019,mobile,5.2.0,2026-07-10T17:09:33Z,60
s001417,u0337,c013,tv,,2026-07-10T17:09:57Z,27
s001418,u0457,c011,tv,,2026-07-10T17:11:36Z,77
s001419,u0452,c002,mobile,5.2.0,2026-07-10T17:12:25Z,56
s001420,u0452,c002,mobile,5.2.0,2026-07-10T17:13:13Z,56
s001421,u0160,c012,tv,,2026-07-10T17:13:17Z,37
s001422,u0526,c030,mobile,5.2.0,2026-07-10T17:16:12Z,17
s001423,u0098,c002,tv,,2026-07-10T17:16:28Z,60
s001424,u0725,c002,mobile,5.2.0,2026-07-10T17:16:37Z,31
s001425,u0244,c002,mobile,5.2.0,2026-07-10T17:18:09Z,25
s001426,u0147,c024,mobile,5.2.0,2026-07-10T17:18:31Z,9
s001427,u0528,c004,mobile,5.2.0,2026-07-10T17:19:57Z,50
s001428,u0428,c049,tv,,2026-07-10T17:20:08Z,58
s001429,u0590,c036,tv,,2026-07-10T17:21:16Z,17
s001430,u0080,c043,tv,,2026-07-10T17:23:25Z,107
s001431,u0280,c007,web,,2026-07-10T17:23:54Z,99
s001432,u0355,c043,web,,2026-07-10T17:25:22Z,49
s001433,u0155,c009,tv,,2026-07-10T17:27:01Z,19
s001434,u0700,c037,tv,,2026-07-10T17:27:02Z,81
s001435,u0755,c011,tv,,2026-07-10T17:28:59Z,117
s001436,u0475,c022,tv,,2026-07-10T17:29:57Z,23
s001437,u0307,c038,mobile,5.2.0,2026-07-10T17:30:10Z,7
s001438,u0467,c017,tv,,2026-07-10T17:30:32Z,84
s001439,u0173,c018,tv,,2026-07-10T17:30:43Z,50
s001440,u0663,c027,web,,2026-07-10T17:31:14Z,183
s001441,u0220,c014,tv,,2026-07-10T17:31:24Z,92
s001442,u0028,c001,tv,,2026-07-10T17:32:37Z,36
s001443,u0744,c054,tv,,2026-07-10T17:33:07Z,60
s001444,u0106,c002,web,,2026-07-10T17:33:13Z,26
s001445,u0625,c020,web,,2026-07-10T17:34:31Z,57
s001446,u0241,c001,web,,2026-07-10T17:36:01Z,16
s001447,u0382,c021,tv,,2026-07-10T17:36:39Z,97
s001448,u0660,c015,mobile,5.2.0,2026-07-10T17:37:52Z,7
s001449,u0704,c008,tv,,2026-07-10T17:38:03Z,24
s001450,u0660,c015,mobile,5.2.0,2026-07-10T17:38:15Z,7
s001451,u0753,c042,tv,,2026-07-10T17:39:14Z,26
s001452,u0365,c001,tv,,2026-07-10T17:41:17Z,41
s001453,u0686,c001,tv,,2026-07-10T17:41:38Z,88
s001454,u0312,c001,mobile,5.2.0,2026-07-10T17:44:14Z,43
s001455,u0484,c001,web,,2026-07-10T17:45:24Z,45
s001456,u0738,c025,mobile,5.2.0,2026-07-10T17:45:31Z,12
s001457,u0217,c011,mobile,5.2.0,2026-07-10T17:45:40Z,15
s001458,u0591,c042,mobile,5.2.0,2026-07-10T17:45:56Z,25
s001459,u0591,c042,mobile,5.2.0,2026-07-10T17:46:10Z,25
s001460,u0658,c047,mobile,5.2.0,2026-07-10T17:46:10Z,10
s001461,u0630,c005,mobile,5.2.0,2026-07-10T17:47:53Z,14
s001462,u0630,c005,mobile,5.2.0,2026-07-10T17:48:34Z,14
s001463,u0356,c004,web,,2026-07-10T17:49:20Z,130
s001464,u0638,c003,mobile,5.2.0,2026-07-10T17:50:00Z,36
s001465,u0638,c003,mobile,5.2.0,2026-07-10T17:50:31Z,36
s001466,u0726,c001,web,,2026-07-10T17:51:04Z,73
s001467,u0704,c012,tv,,2026-07-10T17:55:16Z,20
s001468,u0235,c056,web,,2026-07-10T17:58:14Z,19
s001469,u0501,c011,mobile,5.2.0,2026-07-10T17:58:37Z,22
s001470,u0015,c004,tv,,2026-07-10T17:58:44Z,74
s001471,u0351,c015,tv,,2026-07-10T17:59:56Z,42
s001472,u0560,c004,mobile,5.2.0,2026-07-10T19:00:56Z,91
s001473,u0599,c003,tv,,2026-07-10T19:01:15Z,26
s001474,u0288,c001,web,,2026-07-10T19:01:49Z,62
s001475,u0286,c001,mobile,5.2.0,2026-07-10T19:02:20Z,17
s001476,u0590,c016,tv,,2026-07-10T19:02:36Z,25
s001477,u0173,c002,tv,,2026-07-10T19:02:49Z,99
s001478,u0579,c001,web,,2026-07-10T19:03:08Z,32
s001479,u0212,c003,web,,2026-07-10T19:03:43Z,38
s001480,u0627,c043,mobile,5.2.0,2026-07-10T19:03:43Z,9
s001481,u0676,c020,tv,,2026-07-10T19:03:50Z,30
s001482,u0627,c043,mobile,5.2.0,2026-07-10T19:03:59Z,9
s001483,u0381,c009,web,,2026-07-10T19:04:16Z,160
s001484,u0053,c011,mobile,5.2.0,2026-07-10T19:04:33Z,32
s001485,u0710,c018,web,,2026-07-10T19:05:17Z,28
s001486,u0039,c003,mobile,5.2.0,2026-07-10T19:05:29Z,58
s001487,u0184,c042,tv,,2026-07-10T19:06:05Z,58
s001488,u0637,c009,mobile,5.2.0,2026-07-10T19:06:20Z,26
s001489,u0467,c058,tv,,2026-07-10T19:07:07Z,172
s001490,u0689,c006,mobile,5.2.0,2026-07-10T19:07:55Z,46
s001491,u0448,c028,mobile,5.2.0,2026-07-10T19:08:11Z,28
s001492,u0028,c012,tv,,2026-07-10T19:08:24Z,78
s001493,u0448,c028,mobile,5.2.0,2026-07-10T19:08:46Z,28
s001494,u0369,c007,mobile,5.2.0,2026-07-10T19:09:45Z,17
s001495,u0393,c003,mobile,5.2.0,2026-07-10T19:09:51Z,8
s001496,u0393,c003,mobile,5.2.0,2026-07-10T19:10:07Z,8
s001497,u0459,c017,mobile,5.2.0,2026-07-10T19:10:19Z,22
s001498,u0307,c001,mobile,5.2.0,2026-07-10T19:10:29Z,8
s001499,u0724,c003,mobile,5.2.0,2026-07-10T19:10:39Z,21
s001500,u0307,c001,mobile,5.2.0,2026-07-10T19:10:51Z,8
s001501,u0724,c003,mobile,5.2.0,2026-07-10T19:11:36Z,21
s001502,u0309,c001,tv,,2026-07-10T19:11:51Z,23
s001503,u0131,c001,mobile,5.2.0,2026-07-10T19:13:02Z,10
s001504,u0641,c006,web,,2026-07-10T19:14:27Z,57
s001505,u0176,c006,web,,2026-07-10T19:15:01Z,35
s001506,u0271,c059,mobile,5.2.0,2026-07-10T19:15:01Z,23
s001507,u0218,c060,tv,,2026-07-10T19:15:39Z,55
s001508,u0524,c008,mobile,5.2.0,2026-07-10T19:15:43Z,10
s001509,u0707,c011,web,,2026-07-10T19:16:04Z,20
s001510,u0109,c016,mobile,5.2.0,2026-07-10T19:16:43Z,22
s001511,u0105,c011,web,,2026-07-10T19:16:53Z,43
s001512,u0699,c001,mobile,5.2.0,2026-07-10T19:18:24Z,16
s001513,u0459,c043,mobile,5.2.0,2026-07-10T19:20:35Z,23
s001514,u0026,c009,mobile,5.2.0,2026-07-10T19:21:16Z,9
s001515,u0128,c013,tv,,2026-07-10T19:21:23Z,53
s001516,u0026,c009,mobile,5.2.0,2026-07-10T19:21:58Z,9
s001517,u0026,c009,mobile,5.2.0,2026-07-10T19:22:02Z,9
s001518,u0430,c038,mobile,5.2.0,2026-07-10T19:24:20Z,26
s001519,u0422,c001,tv,,2026-07-10T19:24:49Z,47
s001520,u0026,c012,mobile,5.2.0,2026-07-10T19:27:43Z,11
s001521,u0026,c012,mobile,5.2.0,2026-07-10T19:28:13Z,11
s001522,u0472,c044,mobile,5.2.0,2026-07-10T19:28:36Z,61
s001523,u0266,c010,mobile,5.2.0,2026-07-10T19:29:19Z,24
s001524,u0583,c002,tv,,2026-07-10T19:30:11Z,67
s001525,u0585,c025,web,,2026-07-10T19:30:26Z,14
s001526,u0302,c053,tv,,2026-07-10T19:33:05Z,87
s001527,u0630,c001,mobile,5.2.0,2026-07-10T19:34:18Z,33
s001528,u0448,c060,mobile,5.2.0,2026-07-10T19:34:22Z,14
s001529,u0309,c022,tv,,2026-07-10T19:34:36Z,93
s001530,u0024,c003,tv,,2026-07-10T19:34:59Z,43
s001531,u0659,c019,web,,2026-07-10T19:35:22Z,60
s001532,u0197,c019,tv,,2026-07-10T19:35:27Z,45
s001533,u0343,c003,web,,2026-07-10T19:35:52Z,32
s001534,u0106,c023,web,,2026-07-10T19:36:03Z,48
s001535,u0737,c020,mobile,5.2.0,2026-07-10T19:38:18Z,18
s001536,u0246,c001,mobile,5.2.0,2026-07-10T19:38:20Z,25
s001537,u0499,c002,web,,2026-07-10T19:38:33Z,28
s001538,u0138,c049,mobile,5.2.0,2026-07-10T19:38:54Z,22
s001539,u0138,c049,mobile,5.2.0,2026-07-10T19:39:04Z,22
s001540,u0647,c024,mobile,5.2.0,2026-07-10T19:39:40Z,33
s001541,u0147,c009,tv,,2026-07-10T19:39:54Z,61
s001542,u0658,c042,web,,2026-07-10T19:40:26Z,15
s001543,u0234,c005,mobile,5.2.0,2026-07-10T19:40:34Z,10
s001544,u0400,c001,mobile,5.2.0,2026-07-10T19:40:35Z,52
s001545,u0222,c002,mobile,5.2.0,2026-07-10T19:40:59Z,7
s001546,u0501,c018,mobile,5.2.0,2026-07-10T19:41:19Z,45
s001547,u0027,c009,tv,,2026-07-10T19:41:20Z,37
s001548,u0443,c017,mobile,5.2.0,2026-07-10T19:41:27Z,15
s001549,u0400,c001,mobile,5.2.0,2026-07-10T19:41:34Z,52
s001550,u0501,c018,mobile,5.2.0,2026-07-10T19:41:52Z,45
s001551,u0028,c003,tv,,2026-07-10T19:42:18Z,71
s001552,u0279,c032,web,,2026-07-10T19:43:55Z,22
s001553,u0567,c055,web,,2026-07-10T19:45:18Z,41
s001554,u0198,c002,web,,2026-07-10T19:45:25Z,38
s001555,u0375,c049,tv,,2026-07-10T19:47:32Z,114
s001556,u0273,c021,web,,2026-07-10T19:48:16Z,81
s001557,u0052,c045,web,,2026-07-10T19:49:39Z,39
s001558,u0596,c019,mobile,5.2.0,2026-07-10T19:49:39Z,8
s001559,u0203,c002,mobile,5.2.0,2026-07-10T19:49:47Z,18
s001560,u0203,c002,mobile,5.2.0,2026-07-10T19:50:16Z,18
s001561,u0523,c004,tv,,2026-07-10T19:50:42Z,72
s001562,u0203,c002,mobile,5.2.0,2026-07-10T19:51:14Z,18
s001563,u0698,c001,mobile,5.2.0,2026-07-10T19:51:24Z,17
s001564,u0068,c006,web,,2026-07-10T19:52:06Z,57
s001565,u0183,c014,tv,,2026-07-10T19:52:22Z,41
s001566,u0087,c002,mobile,5.2.0,2026-07-10T19:53:07Z,29
s001567,u0087,c002,mobile,5.2.0,2026-07-10T19:53:47Z,29
s001568,u0710,c026,tv,,2026-07-10T19:54:22Z,36
s001569,u0710,c009,tv,,2026-07-10T19:55:31Z,17
s001570,u0637,c001,mobile,5.2.0,2026-07-10T19:55:47Z,15
s001571,u0513,c028,mobile,5.2.0,2026-07-10T19:57:48Z,15
s001572,u0513,c028,mobile,5.2.0,2026-07-10T19:58:00Z,15
s001573,u0135,c001,web,,2026-07-10T19:58:05Z,50
s001574,u0415,c006,tv,,2026-07-10T19:58:22Z,19
s001575,u0002,c060,mobile,5.2.0,2026-07-10T19:58:52Z,15
s001576,u0513,c028,mobile,5.2.0,2026-07-10T19:58:55Z,15
s001577,u0704,c005,tv,,2026-07-10T19:59:02Z,18
s001578,u0497,c031,mobile,5.2.0,2026-07-10T19:59:08Z,55
s001579,u0002,c060,mobile,5.2.0,2026-07-10T19:59:12Z,15
s001580,u0497,c031,mobile,5.2.0,2026-07-10T19:59:23Z,55
s001581,u0002,c060,mobile,5.2.0,2026-07-10T19:59:45Z,15
s001582,u0711,c035,mobile,5.2.0,2026-07-10T21:00:40Z,77
s001583,u0181,c023,tv,,2026-07-10T21:00:44Z,21
s001584,u0307,c014,mobile,5.2.0,2026-07-10T21:01:13Z,8
s001585,u0338,c008,tv,,2026-07-10T21:01:18Z,121
s001586,u0711,c035,mobile,5.2.0,2026-07-10T21:01:25Z,77
s001587,u0307,c014,mobile,5.2.0,2026-07-10T21:01:39Z,8
s001588,u0476,c002,tv,,2026-07-10T21:01:45Z,24
s001589,u0283,c010,mobile,5.2.0,2026-07-10T21:02:25Z,55
s001590,u0571,c017,mobile,5.2.0,2026-07-10T21:02:30Z,17
s001591,u0187,c003,web,,2026-07-10T21:03:07Z,18
s001592,u0571,c017,mobile,5.2.0,2026-07-10T21:03:08Z,17
s001593,u0080,c037,web,,2026-07-10T21:04:27Z,81
s001594,u0434,c005,mobile,5.2.0,2026-07-10T21:04:41Z,48
s001595,u0277,c001,web,,2026-07-10T21:05:51Z,22
s001596,u0547,c002,mobile,5.2.0,2026-07-10T21:05:57Z,52
s001597,u0205,c021,mobile,5.2.0,2026-07-10T21:06:27Z,59
s001598,u0187,c014,web,,2026-07-10T21:06:36Z,30
s001599,u0627,c002,mobile,5.2.0,2026-07-10T21:07:19Z,22
s001600,u0710,c048,tv,,2026-07-10T21:09:35Z,46
s001601,u0307,c002,mobile,5.2.0,2026-07-10T21:10:40Z,9
s001602,u0307,c002,mobile,5.2.0,2026-07-10T21:10:50Z,9
s001603,u0058,c009,tv,,2026-07-10T21:11:56Z,79
s001604,u0291,c029,web,,2026-07-10T21:12:00Z,12
s001605,u0098,c019,tv,,2026-07-10T21:12:21Z,19
s001606,u0002,c002,mobile,5.2.0,2026-07-10T21:13:32Z,179
s001607,u0002,c002,mobile,5.2.0,2026-07-10T21:13:44Z,179
s001608,u0554,c014,mobile,5.2.0,2026-07-10T21:13:45Z,26
s001609,u0703,c057,web,,2026-07-10T21:14:28Z,21
s001610,u0554,c014,mobile,5.2.0,2026-07-10T21:14:45Z,26
s001611,u0554,c014,mobile,5.2.0,2026-07-10T21:14:56Z,26
s001612,u0027,c004,tv,,2026-07-10T21:15:21Z,18
s001613,u0306,c010,mobile,5.2.0,2026-07-10T21:15:24Z,23
s001614,u0574,c006,mobile,5.2.0,2026-07-10T21:15:40Z,30
s001615,u0574,c006,mobile,5.2.0,2026-07-10T21:15:43Z,30
s001616,u0306,c010,mobile,5.2.0,2026-07-10T21:15:47Z,23
s001617,u0138,c024,mobile,5.2.0,2026-07-10T21:16:53Z,16
s001618,u0279,c022,web,,2026-07-10T21:19:16Z,42
s001619,u0138,c002,mobile,5.2.0,2026-07-10T21:22:39Z,35
s001620,u0723,c005,mobile,5.2.0,2026-07-10T21:23:08Z,14
s001621,u0434,c001,mobile,5.2.0,2026-07-10T21:23:41Z,11
s001622,u0122,c033,web,,2026-07-10T21:24:14Z,19
s001623,u0189,c039,mobile,5.2.0,2026-07-10T21:24:45Z,51
s001624,u0187,c059,web,,2026-07-10T21:25:16Z,112
s001625,u0177,c012,tv,,2026-07-10T21:26:42Z,99
s001626,u0099,c001,web,,2026-07-10T21:26:43Z,35
s001627,u0688,c040,mobile,5.2.0,2026-07-10T21:27:28Z,38
s001628,u0160,c001,web,,2026-07-10T21:28:19Z,32
s001629,u0423,c045,tv,,2026-07-10T21:28:26Z,74
s001630,u0104,c060,web,,2026-07-10T21:30:17Z,19
s001631,u0692,c030,mobile,5.2.0,2026-07-10T21:30:24Z,21
s001632,u0619,c014,mobile,5.2.0,2026-07-10T21:30:51Z,38
s001633,u0132,c025,tv,,2026-07-10T21:31:14Z,63
s001634,u0539,c054,tv,,2026-07-10T21:31:52Z,17
s001635,u0297,c002,tv,,2026-07-10T21:32:10Z,43
s001636,u0171,c001,mobile,5.2.0,2026-07-10T21:32:42Z,15
s001637,u0658,c008,mobile,5.2.0,2026-07-10T21:35:24Z,14
s001638,u0368,c014,mobile,5.2.0,2026-07-10T21:35:58Z,30
s001639,u0458,c002,web,,2026-07-10T21:37:09Z,22
s001640,u0432,c001,tv,,2026-07-10T21:37:10Z,92
s001641,u0207,c004,web,,2026-07-10T21:37:38Z,28
s001642,u0462,c001,mobile,5.2.0,2026-07-10T21:38:29Z,23
s001643,u0491,c013,web,,2026-07-10T21:38:45Z,22
s001644,u0495,c020,web,,2026-07-10T21:38:58Z,72
s001645,u0192,c008,tv,,2026-07-10T21:41:19Z,68
s001646,u0368,c057,mobile,5.2.0,2026-07-10T21:41:36Z,9
s001647,u0323,c007,tv,,2026-07-10T21:41:41Z,62
s001648,u0353,c001,mobile,5.2.0,2026-07-10T21:42:29Z,17
s001649,u0053,c007,tv,,2026-07-10T21:42:40Z,105
s001650,u0311,c010,tv,,2026-07-10T21:42:46Z,71
s001651,u0136,c004,tv,,2026-07-10T21:42:47Z,44
s001652,u0028,c036,tv,,2026-07-10T21:42:57Z,44
s001653,u0353,c001,mobile,5.2.0,2026-07-10T21:43:16Z,17
s001654,u0353,c001,mobile,5.2.0,2026-07-10T21:43:41Z,17
s001655,u0591,c008,mobile,5.2.0,2026-07-10T21:43:55Z,48
s001656,u0226,c031,mobile,5.2.0,2026-07-10T21:45:40Z,53
s001657,u0744,c002,tv,,2026-07-10T21:47:32Z,16
s001658,u0318,c010,tv,,2026-07-10T21:47:56Z,16
s001659,u0137,c025,tv,,2026-07-10T21:51:19Z,47
s001660,u0468,c002,mobile,5.2.0,2026-07-10T21:51:21Z,14
s001661,u0218,c060,mobile,5.2.0,2026-07-10T21:51:59Z,14
s001662,u0246,c021,web,,2026-07-10T21:52:57Z,90
s001663,u0681,c001,mobile,5.2.0,2026-07-10T21:53:21Z,19
s001664,u0740,c042,mobile,5.2.0,2026-07-10T21:53:38Z,7
s001665,u0322,c003,mobile,5.2.0,2026-07-10T21:53:41Z,21
s001666,u0698,c027,mobile,5.2.0,2026-07-10T21:54:00Z,15
s001667,u0687,c060,mobile,5.2.0,2026-07-10T21:54:21Z,13
s001668,u0698,c027,mobile,5.2.0,2026-07-10T21:54:24Z,15
s001669,u0740,c042,mobile,5.2.0,2026-07-10T21:54:27Z,7
s001670,u0740,c042,mobile,5.2.0,2026-07-10T21:54:35Z,7
s001671,u0172,c001,web,,2026-07-10T21:55:30Z,25
s001672,u0204,c010,mobile,5.2.0,2026-07-10T21:55:41Z,11
s001673,u0070,c013,tv,,2026-07-10T21:56:05Z,22
s001674,u0372,c006,mobile,5.2.0,2026-07-10T21:56:18Z,13
s001675,u0590,c009,tv,,2026-07-10T21:56:42Z,14
s001676,u0372,c006,mobile,5.2.0,2026-07-10T21:56:43Z,13
s001677,u0622,c054,mobile,5.2.0,2026-07-10T21:59:16Z,45
s001678,u0634,c017,tv,,2026-07-10T21:59:37Z,11
s001679,u0027,c023,tv,,2026-07-10T23:00:43Z,60
s001680,u0663,c014,web,,2026-07-10T23:01:31Z,50
s001681,u0657,c004,mobile,5.2.0,2026-07-10T23:06:45Z,43
s001682,u0272,c020,mobile,5.2.0,2026-07-10T23:07:05Z,16
s001683,u0657,c004,mobile,5.2.0,2026-07-10T23:07:09Z,43
s001684,u0638,c023,mobile,5.2.0,2026-07-10T23:08:18Z,40
s001685,u0245,c006,tv,,2026-07-10T23:09:32Z,22
s001686,u0669,c048,mobile,5.2.0,2026-07-10T23:10:41Z,42
s001687,u0035,c005,mobile,5.2.0,2026-07-10T23:14:02Z,38
s001688,u0248,c001,mobile,5.2.0,2026-07-10T23:19:58Z,30
s001689,u0634,c004,tv,,2026-07-10T23:20:41Z,54
s001690,u0521,c034,mobile,5.2.0,2026-07-10T23:20:43Z,22
s001691,u0460,c002,mobile,5.2.0,2026-07-10T23:20:45Z,14
s001692,u0521,c034,mobile,5.2.0,2026-07-10T23:20:57Z,22
s001693,u0460,c002,mobile,5.2.0,2026-07-10T23:21:10Z,14
s001694,u0096,c001,mobile,5.2.0,2026-07-10T23:21:13Z,30
s001695,u0014,c040,web,,2026-07-10T23:23:37Z,28
s001696,u0218,c002,mobile,5.2.0,2026-07-10T23:29:08Z,11
s001697,u0218,c002,mobile,5.2.0,2026-07-10T23:29:12Z,11
s001698,u0629,c002,tv,,2026-07-10T23:30:17Z,40
s001699,u0679,c002,tv,,2026-07-10T23:31:19Z,86
s001700,u0756,c023,mobile,5.2.0,2026-07-10T23:31:53Z,14
s001701,u0333,c031,mobile,5.2.0,2026-07-10T23:32:00Z,27
s001702,u0756,c023,mobile,5.2.0,2026-07-10T23:32:39Z,14
s001703,u0352,c003,tv,,2026-07-10T23:37:40Z,25
s001704,u0145,c029,tv,,2026-07-10T23:39:20Z,31
s001705,u0593,c001,mobile,5.2.0,2026-07-10T23:40:28Z,64
s001706,u0251,c001,web,,2026-07-10T23:42:36Z,60
s001707,u0138,c011,mobile,5.2.0,2026-07-10T23:45:27Z,31
s001708,u0263,c021,mobile,5.2.0,2026-07-10T23:45:27Z,14
s001709,u0117,c039,mobile,5.2.0,2026-07-10T23:48:01Z,14
s001710,u0117,c039,mobile,5.2.0,2026-07-10T23:48:13Z,14
s001711,u0117,c039,mobile,5.2.0,2026-07-10T23:48:45Z,14
s001712,u0682,c005,web,,2026-07-10T23:57:58Z,90
s001713,u0178,c006,web,,2026-07-10T23:58:18Z,17
s001714,u0330,c002,web,,2026-07-11T08:01:17Z,21
s001715,u0517,c034,web,,2026-07-11T08:04:11Z,25
s001716,u0147,c002,mobile,5.2.0,2026-07-11T08:07:25Z,7
s001717,u0147,c002,mobile,5.2.0,2026-07-11T08:08:05Z,7
s001718,u0479,c001,mobile,5.2.0,2026-07-11T08:08:47Z,11
s001719,u0139,c009,web,,2026-07-11T08:09:32Z,20
s001720,u0227,c059,mobile,5.2.0,2026-07-11T08:09:36Z,15
s001721,u0279,c045,web,,2026-07-11T08:09:58Z,145
s001722,u0120,c041,tv,,2026-07-11T08:11:20Z,51
s001723,u0430,c002,mobile,5.2.0,2026-07-11T08:16:01Z,19
s001724,u0430,c002,mobile,5.2.0,2026-07-11T08:16:36Z,19
s001725,u0472,c019,mobile,5.2.0,2026-07-11T08:18:37Z,13
s001726,u0046,c055,mobile,5.2.0,2026-07-11T08:22:24Z,22
s001727,u0596,c001,mobile,5.2.0,2026-07-11T08:40:30Z,22
s001728,u0402,c018,mobile,5.2.0,2026-07-11T08:42:03Z,11
s001729,u0402,c018,mobile,5.2.0,2026-07-11T08:42:27Z,11
s001730,u0226,c001,mobile,5.2.0,2026-07-11T08:42:33Z,18
s001731,u0715,c038,mobile,5.2.0,2026-07-11T08:44:33Z,11
s001732,u0568,c010,tv,,2026-07-11T08:49:39Z,69
s001733,u0631,c033,mobile,5.2.0,2026-07-11T08:52:05Z,18
s001734,u0196,c020,tv,,2026-07-11T08:57:08Z,21
s001735,u0002,c037,mobile,5.2.0,2026-07-11T12:00:45Z,44
s001736,u0035,c033,web,,2026-07-11T12:00:50Z,27
s001737,u0304,c004,mobile,5.2.0,2026-07-11T12:01:35Z,14
s001738,u0593,c001,mobile,5.2.0,2026-07-11T12:02:45Z,14
s001739,u0134,c002,tv,,2026-07-11T12:04:56Z,60
s001740,u0587,c031,mobile,5.2.0,2026-07-11T12:05:56Z,8
s001741,u0587,c031,mobile,5.2.0,2026-07-11T12:06:36Z,8
s001742,u0186,c049,mobile,5.2.0,2026-07-11T12:10:11Z,11
s001743,u0383,c027,web,,2026-07-11T12:11:09Z,57
s001744,u0449,c038,mobile,5.2.0,2026-07-11T12:13:14Z,21
s001745,u0401,c017,web,,2026-07-11T12:16:18Z,35
s001746,u0670,c003,mobile,5.2.0,2026-07-11T12:16:35Z,33
s001747,u0670,c003,mobile,5.2.0,2026-07-11T12:17:35Z,33
s001748,u0670,c003,mobile,5.2.0,2026-07-11T12:17:58Z,33
s001749,u0524,c002,mobile,5.2.0,2026-07-11T12:18:28Z,14
s001750,u0477,c058,mobile,5.2.0,2026-07-11T12:18:58Z,25
s001751,u0722,c001,mobile,5.2.0,2026-07-11T12:20:50Z,73
s001752,u0722,c001,mobile,5.2.0,2026-07-11T12:21:39Z,73
s001753,u0560,c003,tv,,2026-07-11T12:22:25Z,72
s001754,u0658,c018,mobile,5.2.0,2026-07-11T12:23:24Z,13
s001755,u0346,c055,mobile,5.2.0,2026-07-11T12:23:32Z,32
s001756,u0346,c055,mobile,5.2.0,2026-07-11T12:23:37Z,32
s001757,u0648,c002,mobile,5.2.0,2026-07-11T12:27:08Z,40
s001758,u0105,c002,web,,2026-07-11T12:29:01Z,53
s001759,u0248,c017,mobile,5.2.0,2026-07-11T12:30:43Z,16
s001760,u0092,c034,web,,2026-07-11T12:31:55Z,62
s001761,u0530,c019,mobile,5.2.0,2026-07-11T12:35:35Z,18
s001762,u0274,c052,mobile,5.2.0,2026-07-11T12:36:55Z,16
s001763,u0628,c013,tv,,2026-07-11T12:38:54Z,15
s001764,u0109,c039,mobile,5.2.0,2026-07-11T12:40:52Z,9
s001765,u0663,c020,web,,2026-07-11T12:42:21Z,37
s001766,u0395,c001,tv,,2026-07-11T12:43:57Z,82
s001767,u0609,c054,mobile,5.2.0,2026-07-11T12:44:23Z,18
s001768,u0344,c007,mobile,5.2.0,2026-07-11T12:46:08Z,27
s001769,u0657,c060,mobile,5.2.0,2026-07-11T12:47:41Z,12
s001770,u0282,c024,mobile,5.2.0,2026-07-11T12:49:04Z,11
s001771,u0030,c008,tv,,2026-07-11T12:50:15Z,140
s001772,u0372,c053,mobile,5.2.0,2026-07-11T12:50:21Z,7
s001773,u0487,c001,tv,,2026-07-11T12:50:26Z,138
s001774,u0601,c048,tv,,2026-07-11T12:50:34Z,40
s001775,u0714,c002,mobile,5.2.0,2026-07-11T12:51:05Z,19
s001776,u0375,c009,tv,,2026-07-11T12:54:25Z,46
s001777,u0059,c003,tv,,2026-07-11T12:54:34Z,98
s001778,u0283,c011,mobile,5.2.0,2026-07-11T12:56:04Z,23
s001779,u0283,c011,mobile,5.2.0,2026-07-11T12:56:47Z,23
s001780,u0005,c007,web,,2026-07-11T12:57:10Z,19
s001781,u0333,c003,mobile,5.2.0,2026-07-11T12:59:03Z,18
s001782,u0431,c033,mobile,5.2.0,2026-07-11T17:02:06Z,20
s001783,u0050,c055,web,,2026-07-11T17:02:38Z,80
s001784,u0431,c033,mobile,5.2.0,2026-07-11T17:03:06Z,20
s001785,u0187,c003,web,,2026-07-11T17:06:15Z,65
s001786,u0497,c003,mobile,5.2.0,2026-07-11T17:07:33Z,43
s001787,u0129,c053,web,,2026-07-11T17:07:38Z,70
s001788,u0103,c001,tv,,2026-07-11T17:08:20Z,56
s001789,u0035,c050,web,,2026-07-11T17:14:53Z,57
s001790,u0249,c001,tv,,2026-07-11T17:15:03Z,103
s001791,u0687,c001,mobile,5.2.0,2026-07-11T17:15:16Z,26
s001792,u0695,c049,web,,2026-07-11T17:18:18Z,35
s001793,u0509,c005,mobile,5.2.0,2026-07-11T17:19:03Z,37
s001794,u0625,c010,web,,2026-07-11T17:20:38Z,33
s001795,u0088,c008,mobile,5.2.0,2026-07-11T17:20:46Z,19
s001796,u0208,c027,mobile,5.2.0,2026-07-11T17:24:54Z,19
s001797,u0500,c047,tv,,2026-07-11T17:24:58Z,21
s001798,u0436,c046,mobile,5.2.0,2026-07-11T17:25:21Z,19
s001799,u0588,c001,mobile,5.2.0,2026-07-11T17:25:21Z,13
s001800,u0588,c001,mobile,5.2.0,2026-07-11T17:25:38Z,13
s001801,u0593,c005,tv,,2026-07-11T17:25:45Z,108
s001802,u0436,c046,mobile,5.2.0,2026-07-11T17:26:00Z,19
s001803,u0145,c002,tv,,2026-07-11T17:26:22Z,53
s001804,u0460,c010,mobile,5.2.0,2026-07-11T17:26:40Z,8
s001805,u0631,c015,mobile,5.2.0,2026-07-11T17:27:15Z,47
s001806,u0460,c010,mobile,5.2.0,2026-07-11T17:27:21Z,8
s001807,u0098,c001,tv,,2026-07-11T17:28:00Z,75
s001808,u0585,c039,mobile,5.2.0,2026-07-11T17:28:17Z,13
s001809,u0699,c041,mobile,5.2.0,2026-07-11T17:29:16Z,18
s001810,u0724,c001,mobile,5.2.0,2026-07-11T17:29:44Z,7
s001811,u0724,c001,mobile,5.2.0,2026-07-11T17:29:47Z,7
s001812,u0521,c013,mobile,5.2.0,2026-07-11T17:31:30Z,28
s001813,u0355,c030,web,,2026-07-11T17:31:55Z,48
s001814,u0588,c003,web,,2026-07-11T17:34:12Z,69
s001815,u0187,c004,web,,2026-07-11T17:36:51Z,29
s001816,u0423,c001,tv,,2026-07-11T17:40:27Z,13
s001817,u0650,c015,mobile,5.2.0,2026-07-11T17:40:52Z,16
s001818,u0501,c001,tv,,2026-07-11T17:43:13Z,31
s001819,u0473,c010,web,,2026-07-11T17:43:34Z,35
s001820,u0607,c010,tv,,2026-07-11T17:45:04Z,37
s001821,u0568,c035,mobile,5.2.0,2026-07-11T17:46:57Z,11
s001822,u0541,c044,tv,,2026-07-11T17:47:05Z,38
s001823,u0467,c004,tv,,2026-07-11T17:47:11Z,31
s001824,u0568,c035,mobile,5.2.0,2026-07-11T17:47:22Z,11
s001825,u0568,c035,mobile,5.2.0,2026-07-11T17:48:08Z,11
s001826,u0271,c027,web,,2026-07-11T17:48:43Z,69
s001827,u0688,c016,tv,,2026-07-11T17:50:06Z,57
s001828,u0630,c029,mobile,5.2.0,2026-07-11T17:50:24Z,8
s001829,u0630,c029,mobile,5.2.0,2026-07-11T17:50:57Z,8
s001830,u0036,c001,web,,2026-07-11T17:56:31Z,30
s001831,u0495,c048,web,,2026-07-11T19:00:56Z,14
s001832,u0298,c026,web,,2026-07-11T19:01:23Z,55
s001833,u0515,c028,tv,,2026-07-11T19:01:30Z,45
s001834,u0505,c008,tv,,2026-07-11T19:01:56Z,77
s001835,u0468,c034,tv,,2026-07-11T19:02:25Z,26
s001836,u0607,c047,tv,,2026-07-11T19:02:29Z,17
s001837,u0028,c003,tv,,2026-07-11T19:03:02Z,62
s001838,u0010,c003,tv,,2026-07-11T19:05:41Z,36
s001839,u0409,c006,web,,2026-07-11T19:07:08Z,40
s001840,u0168,c023,tv,,2026-07-11T19:07:41Z,41
s001841,u0523,c016,web,,2026-07-11T19:09:20Z,42
s001842,u0488,c003,mobile,5.2.0,2026-07-11T19:10:32Z,26
s001843,u0111,c002,mobile,5.2.0,2026-07-11T19:11:00Z,14
s001844,u0461,c041,mobile,5.2.0,2026-07-11T19:11:03Z,12
s001845,u0111,c002,mobile,5.2.0,2026-07-11T19:11:26Z,14
s001846,u0758,c001,web,,2026-07-11T19:11:34Z,34
s001847,u0171,c006,mobile,5.2.0,2026-07-11T19:12:23Z,17
s001848,u0704,c011,tv,,2026-07-11T19:12:25Z,29
s001849,u0302,c015,tv,,2026-07-11T19:13:17Z,70
s001850,u0047,c001,mobile,5.2.0,2026-07-11T19:13:58Z,10
s001851,u0697,c011,web,,2026-07-11T19:16:01Z,29
s001852,u0059,c011,tv,,2026-07-11T19:16:16Z,11
s001853,u0252,c006,mobile,5.2.0,2026-07-11T19:16:37Z,39
s001854,u0309,c034,tv,,2026-07-11T19:19:16Z,22
s001855,u0310,c002,tv,,2026-07-11T19:19:20Z,29
s001856,u0207,c052,web,,2026-07-11T19:20:57Z,15
s001857,u0235,c003,web,,2026-07-11T19:21:39Z,28
s001858,u0016,c001,tv,,2026-07-11T19:21:42Z,25
s001859,u0382,c007,tv,,2026-07-11T19:22:04Z,162
s001860,u0116,c045,mobile,5.2.0,2026-07-11T19:24:42Z,12
s001861,u0478,c001,mobile,5.2.0,2026-07-11T19:24:43Z,34
s001862,u0116,c045,mobile,5.2.0,2026-07-11T19:25:37Z,12
s001863,u0116,c045,mobile,5.2.0,2026-07-11T19:25:45Z,12
s001864,u0222,c059,mobile,5.2.0,2026-07-11T19:27:08Z,6
s001865,u0222,c059,mobile,5.2.0,2026-07-11T19:27:40Z,6
s001866,u0739,c002,tv,,2026-07-11T19:28:30Z,38
s001867,u0528,c002,mobile,5.2.0,2026-07-11T19:30:10Z,18
s001868,u0126,c003,tv,,2026-07-11T19:31:08Z,151
s001869,u0454,c002,mobile,5.2.0,2026-07-11T19:31:17Z,8
s001870,u0396,c037,tv,,2026-07-11T19:31:34Z,49
s001871,u0164,c003,tv,,2026-07-11T19:31:35Z,54
s001872,u0454,c002,mobile,5.2.0,2026-07-11T19:32:02Z,8
s001873,u0036,c015,web,,2026-07-11T19:32:47Z,55
s001874,u0551,c005,web,,2026-07-11T19:34:21Z,61
s001875,u0735,c054,mobile,5.2.0,2026-07-11T19:34:36Z,14
s001876,u0747,c001,web,,2026-07-11T19:36:19Z,20
s001877,u0745,c003,tv,,2026-07-11T19:36:45Z,25
s001878,u0055,c048,mobile,5.2.0,2026-07-11T19:37:01Z,32
s001879,u0448,c028,tv,,2026-07-11T19:37:15Z,21
s001880,u0447,c045,mobile,5.2.0,2026-07-11T19:38:57Z,40
s001881,u0289,c008,mobile,5.2.0,2026-07-11T19:39:44Z,21
s001882,u0307,c034,mobile,5.2.0,2026-07-11T19:40:19Z,18
s001883,u0744,c008,tv,,2026-07-11T19:43:01Z,53
s001884,u0321,c020,web,,2026-07-11T19:44:09Z,57
s001885,u0699,c036,mobile,5.2.0,2026-07-11T19:44:46Z,27
s001886,u0131,c001,mobile,5.2.0,2026-07-11T19:44:49Z,9
s001887,u0149,c001,tv,,2026-07-11T19:44:52Z,44
s001888,u0053,c002,tv,,2026-07-11T19:45:03Z,37
s001889,u0177,c043,tv,,2026-07-11T19:45:37Z,98
s001890,u0178,c001,web,,2026-07-11T19:45:41Z,48
s001891,u0313,c023,tv,,2026-07-11T19:46:42Z,62
s001892,u0230,c006,mobile,5.2.0,2026-07-11T19:46:45Z,23
s001893,u0222,c007,mobile,5.2.0,2026-07-11T19:47:52Z,14
s001894,u0346,c032,mobile,5.2.0,2026-07-11T19:48:07Z,22
s001895,u0463,c003,mobile,5.2.0,2026-07-11T19:48:58Z,37
s001896,u0346,c032,mobile,5.2.0,2026-07-11T19:49:06Z,22
s001897,u0288,c009,web,,2026-07-11T19:49:12Z,15
s001898,u0351,c001,tv,,2026-07-11T19:49:32Z,66
s001899,u0703,c001,web,,2026-07-11T19:49:47Z,23
s001900,u0433,c015,mobile,5.2.0,2026-07-11T19:50:02Z,17
s001901,u0099,c003,web,,2026-07-11T19:51:29Z,13
s001902,u0109,c002,mobile,5.2.0,2026-07-11T19:52:21Z,21
s001903,u0226,c001,web,,2026-07-11T19:53:16Z,26
s001904,u0569,c015,web,,2026-07-11T19:53:24Z,12
s001905,u0171,c010,tv,,2026-07-11T19:53:56Z,78
s001906,u0202,c018,tv,,2026-07-11T19:54:00Z,60
s001907,u0448,c037,tv,,2026-07-11T19:54:06Z,54
s001908,u0292,c001,tv,,2026-07-11T19:54:27Z,38
s001909,u0568,c047,mobile,5.2.0,2026-07-11T19:54:29Z,84
s001910,u0192,c002,web,,2026-07-11T19:55:11Z,75
s001911,u0190,c049,mobile,5.2.0,2026-07-11T19:55:33Z,93
s001912,u0217,c001,tv,,2026-07-11T19:56:00Z,18
s001913,u0375,c044,tv,,2026-07-11T19:56:02Z,50
s001914,u0658,c002,mobile,5.2.0,2026-07-11T19:56:16Z,8
s001915,u0527,c003,tv,,2026-07-11T19:56:30Z,25
s001916,u0178,c003,web,,2026-07-11T19:57:34Z,25
s001917,u0711,c015,tv,,2026-07-11T19:58:04Z,76
s001918,u0439,c002,mobile,5.2.0,2026-07-11T19:58:37Z,46
s001919,u0650,c013,mobile,5.2.0,2026-07-11T19:59:20Z,31
s001920,u0650,c013,mobile,5.2.0,2026-07-11T19:59:35Z,31
s001921,u0419,c004,web,,2026-07-11T21:00:58Z,30
s001922,u0426,c014,web,,2026-07-11T21:02:47Z,77
s001923,u0539,c013,web,,2026-07-11T21:03:38Z,36
s001924,u0683,c001,mobile,5.2.0,2026-07-11T21:03:43Z,25
s001925,u0181,c013,web,,2026-07-11T21:04:10Z,7
s001926,u0421,c048,mobile,5.2.0,2026-07-11T21:04:22Z,21
s001927,u0126,c001,mobile,5.2.0,2026-07-11T21:04:36Z,22
s001928,u0575,c009,tv,,2026-07-11T21:04:49Z,89
s001929,u0437,c001,mobile,5.2.0,2026-07-11T21:06:01Z,27
s001930,u0195,c008,web,,2026-07-11T21:07:39Z,42
s001931,u0554,c008,web,,2026-07-11T21:07:56Z,49
s001932,u0170,c003,mobile,5.2.0,2026-07-11T21:08:24Z,30
s001933,u0057,c050,tv,,2026-07-11T21:09:26Z,51
s001934,u0468,c051,tv,,2026-07-11T21:09:30Z,67
s001935,u0198,c008,web,,2026-07-11T21:12:04Z,24
s001936,u0166,c008,web,,2026-07-11T21:12:28Z,240
s001937,u0607,c003,tv,,2026-07-11T21:12:28Z,79
s001938,u0711,c004,mobile,5.2.0,2026-07-11T21:12:55Z,42
s001939,u0309,c002,tv,,2026-07-11T21:13:56Z,69
s001940,u0157,c007,web,,2026-07-11T21:15:33Z,45
s001941,u0414,c001,mobile,5.2.0,2026-07-11T21:15:49Z,9
s001942,u0601,c018,tv,,2026-07-11T21:16:16Z,240
s001943,u0414,c001,mobile,5.2.0,2026-07-11T21:16:19Z,9
s001944,u0042,c051,tv,,2026-07-11T21:17:01Z,75
s001945,u0247,c023,mobile,5.2.0,2026-07-11T21:17:24Z,5
s001946,u0655,c010,mobile,5.2.0,2026-07-11T21:17:35Z,87
s001947,u0115,c006,mobile,5.2.0,2026-07-11T21:17:50Z,50
s001948,u0655,c010,mobile,5.2.0,2026-07-11T21:18:06Z,87
s001949,u0297,c015,web,,2026-07-11T21:18:11Z,93
s001950,u0009,c001,web,,2026-07-11T21:18:21Z,9
s001951,u0624,c026,mobile,5.2.0,2026-07-11T21:19:25Z,24
s001952,u0421,c033,tv,,2026-07-11T21:20:16Z,24
s001953,u0183,c003,tv,,2026-07-11T21:21:12Z,59
s001954,u0137,c014,tv,,2026-07-11T21:21:40Z,40
s001955,u0448,c017,mobile,5.2.0,2026-07-11T21:21:47Z,20
s001956,u0737,c002,mobile,5.2.0,2026-07-11T21:23:05Z,13
s001957,u0737,c002,mobile,5.2.0,2026-07-11T21:24:03Z,13
s001958,u0131,c007,mobile,5.2.0,2026-07-11T21:24:36Z,10
s001959,u0692,c019,mobile,5.2.0,2026-07-11T21:24:50Z,10
s001960,u0497,c023,web,,2026-07-11T21:25:23Z,44
s001961,u0621,c015,web,,2026-07-11T21:25:35Z,71
s001962,u0180,c005,tv,,2026-07-11T21:26:52Z,28
s001963,u0308,c006,mobile,5.2.0,2026-07-11T21:27:02Z,24
s001964,u0159,c022,mobile,5.2.0,2026-07-11T21:27:04Z,13
s001965,u0606,c008,mobile,5.2.0,2026-07-11T21:27:21Z,16
s001966,u0227,c004,mobile,5.2.0,2026-07-11T21:27:25Z,11
s001967,u0128,c022,tv,,2026-07-11T21:27:44Z,29
s001968,u0159,c022,mobile,5.2.0,2026-07-11T21:27:56Z,13
s001969,u0457,c005,tv,,2026-07-11T21:28:20Z,30
s001970,u0624,c007,mobile,5.2.0,2026-07-11T21:28:29Z,23
s001971,u0659,c031,web,,2026-07-11T21:29:27Z,40
s001972,u0406,c003,web,,2026-07-11T21:32:00Z,37
s001973,u0309,c007,tv,,2026-07-11T21:33:47Z,35
s001974,u0374,c030,web,,2026-07-11T21:33:57Z,52
s001975,u0279,c003,web,,2026-07-11T21:34:10Z,55
s001976,u0638,c005,web,,2026-07-11T21:35:00Z,81
s001977,u0203,c033,mobile,5.2.0,2026-07-11T21:35:45Z,34
s001978,u0066,c046,tv,,2026-07-11T21:35:55Z,82
s001979,u0583,c021,tv,,2026-07-11T21:36:39Z,74
s001980,u0744,c012,tv,,2026-07-11T21:37:27Z,58
s001981,u0214,c009,mobile,5.2.0,2026-07-11T21:38:39Z,12
s001982,u0214,c009,mobile,5.2.0,2026-07-11T21:38:45Z,12
s001983,u0065,c001,mobile,5.2.0,2026-07-11T21:39:45Z,8
s001984,u0111,c003,mobile,5.2.0,2026-07-11T21:39:51Z,14
s001985,u0313,c011,tv,,2026-07-11T21:40:11Z,38
s001986,u0065,c001,mobile,5.2.0,2026-07-11T21:40:21Z,8
s001987,u0111,c003,mobile,5.2.0,2026-07-11T21:40:38Z,14
s001988,u0551,c043,mobile,5.2.0,2026-07-11T21:41:17Z,12
s001989,u0407,c003,mobile,5.2.0,2026-07-11T21:42:43Z,12
s001990,u0407,c003,mobile,5.2.0,2026-07-11T21:42:50Z,12
s001991,u0549,c003,tv,,2026-07-11T21:42:54Z,92
s001992,u0323,c018,tv,,2026-07-11T21:44:24Z,44
s001993,u0183,c010,tv,,2026-07-11T21:45:43Z,123
s001994,u0047,c008,mobile,5.2.0,2026-07-11T21:46:31Z,25
s001995,u0710,c001,tv,,2026-07-11T21:46:46Z,54
s001996,u0450,c004,tv,,2026-07-11T21:47:02Z,16
s001997,u0047,c008,mobile,5.2.0,2026-07-11T21:47:03Z,25
s001998,u0419,c009,web,,2026-07-11T21:47:22Z,30
s001999,u0376,c016,tv,,2026-07-11T21:47:34Z,217
s002000,u0477,c001,mobile,5.2.0,2026-07-11T21:48:29Z,30
s002001,u0184,c013,web,,2026-07-11T21:48:39Z,49
s002002,u0525,c006,web,,2026-07-11T21:48:40Z,83
s002003,u0645,c019,mobile,5.2.0,2026-07-11T21:48:43Z,17
s002004,u0645,c019,mobile,5.2.0,2026-07-11T21:48:59Z,17
s002005,u0507,c049,tv,,2026-07-11T21:49:01Z,33
s002006,u0570,c010,mobile,5.2.0,2026-07-11T21:51:15Z,34
s002007,u0570,c010,mobile,5.2.0,2026-07-11T21:52:04Z,34
s002008,u0744,c005,tv,,2026-07-11T21:53:07Z,36
s002009,u0063,c016,mobile,5.2.0,2026-07-11T21:53:18Z,7
s002010,u0248,c012,mobile,5.2.0,2026-07-11T21:54:33Z,30
s002011,u0296,c001,mobile,5.2.0,2026-07-11T21:55:21Z,40
s002012,u0270,c020,mobile,5.2.0,2026-07-11T21:55:42Z,51
s002013,u0296,c001,mobile,5.2.0,2026-07-11T21:55:51Z,40
s002014,u0270,c020,mobile,5.2.0,2026-07-11T21:56:23Z,51
s002015,u0372,c013,mobile,5.2.0,2026-07-11T21:56:37Z,25
s002016,u0601,c001,tv,,2026-07-11T21:57:07Z,46
s002017,u0673,c013,mobile,5.2.0,2026-07-11T21:58:05Z,9
s002018,u0129,c002,mobile,5.2.0,2026-07-11T21:58:14Z,10
s002019,u0437,c003,mobile,5.2.0,2026-07-11T21:58:34Z,48
s002020,u0673,c013,mobile,5.2.0,2026-07-11T21:58:50Z,9
s002021,u0129,c002,mobile,5.2.0,2026-07-11T21:59:01Z,10
s002022,u0437,c003,mobile,5.2.0,2026-07-11T21:59:02Z,48
s002023,u0134,c016,tv,,2026-07-11T21:59:31Z,30
s002024,u0359,c056,web,,2026-07-11T21:59:37Z,64
s002025,u0062,c001,web,,2026-07-11T21:59:59Z,23
s002026,u0039,c002,mobile,5.2.0,2026-07-11T23:03:19Z,10
s002027,u0692,c019,mobile,5.2.0,2026-07-11T23:04:36Z,26
s002028,u0568,c005,mobile,5.2.0,2026-07-11T23:04:45Z,33
s002029,u0446,c045,mobile,5.2.0,2026-07-11T23:05:45Z,17
s002030,u0446,c045,mobile,5.2.0,2026-07-11T23:06:38Z,17
s002031,u0744,c008,mobile,5.2.0,2026-07-11T23:06:46Z,44
s002032,u0744,c008,mobile,5.2.0,2026-07-11T23:06:54Z,44
s002033,u0511,c036,tv,,2026-07-11T23:07:23Z,48
s002034,u0419,c032,web,,2026-07-11T23:08:49Z,85
s002035,u0309,c001,tv,,2026-07-11T23:08:56Z,86
s002036,u0207,c003,web,,2026-07-11T23:10:34Z,19
s002037,u0056,c002,web,,2026-07-11T23:10:47Z,107
s002038,u0735,c041,mobile,5.2.0,2026-07-11T23:11:17Z,13
s002039,u0497,c019,mobile,5.2.0,2026-07-11T23:11:56Z,14
s002040,u0562,c011,tv,,2026-07-11T23:12:13Z,36
s002041,u0275,c030,web,,2026-07-11T23:12:53Z,34
s002042,u0663,c044,web,,2026-07-11T23:15:25Z,161
s002043,u0153,c004,web,,2026-07-11T23:15:31Z,32
s002044,u0663,c016,web,,2026-07-11T23:16:44Z,75
s002045,u0468,c037,tv,,2026-07-11T23:17:59Z,55
s002046,u0569,c003,web,,2026-07-11T23:22:43Z,58
s002047,u0575,c004,tv,,2026-07-11T23:25:31Z,142
s002048,u0560,c030,mobile,5.2.0,2026-07-11T23:29:49Z,18
s002049,u0560,c030,mobile,5.2.0,2026-07-11T23:30:08Z,18
s002050,u0613,c048,web,,2026-07-11T23:32:41Z,28
s002051,u0535,c001,mobile,5.2.0,2026-07-11T23:32:57Z,33
s002052,u0535,c001,mobile,5.2.0,2026-07-11T23:33:56Z,33
s002053,u0505,c019,web,,2026-07-11T23:35:24Z,34
s002054,u0292,c003,mobile,5.2.0,2026-07-11T23:35:30Z,7
s002055,u0207,c036,web,,2026-07-11T23:36:01Z,109
s002056,u0307,c004,mobile,5.2.0,2026-07-11T23:36:13Z,35
s002057,u0292,c003,mobile,5.2.0,2026-07-11T23:36:18Z,7
s002058,u0071,c002,web,,2026-07-11T23:40:11Z,13
s002059,u0195,c003,web,,2026-07-11T23:41:10Z,61
s002060,u0182,c004,web,,2026-07-11T23:43:05Z,18
s002061,u0087,c007,mobile,5.2.0,2026-07-11T23:44:52Z,54
s002062,u0087,c007,mobile,5.2.0,2026-07-11T23:45:13Z,54
s002063,u0021,c008,tv,,2026-07-11T23:45:46Z,87
s002064,u0157,c011,web,,2026-07-11T23:45:53Z,28
s002065,u0659,c001,web,,2026-07-11T23:46:55Z,30
s002066,u0719,c002,mobile,5.2.0,2026-07-11T23:49:12Z,8
s002067,u0595,c053,web,,2026-07-11T23:50:19Z,28
s002068,u0687,c007,mobile,5.2.0,2026-07-11T23:52:44Z,10
s002069,u0629,c001,tv,,2026-07-11T23:52:59Z,41
s002070,u0608,c026,web,,2026-07-11T23:53:52Z,73
s002071,u0028,c014,tv,,2026-07-11T23:54:09Z,51
s002072,u0137,c018,tv,,2026-07-11T23:54:42Z,14
s002073,u0139,c050,tv,,2026-07-11T23:59:41Z,119
s002074,u0663,c024,mobile,5.2.0,2026-07-12T08:00:09Z,55
s002075,u0136,c019,mobile,5.2.0,2026-07-12T08:03:13Z,34
s002076,u0136,c019,mobile,5.2.0,2026-07-12T08:03:48Z,34
s002077,u0119,c001,mobile,5.2.0,2026-07-12T08:04:00Z,31
s002078,u0119,c001,mobile,5.2.0,2026-07-12T08:04:25Z,31
s002079,u0119,c001,mobile,5.2.0,2026-07-12T08:04:34Z,31
s002080,u0159,c004,mobile,5.2.0,2026-07-12T08:05:26Z,7
s002081,u0671,c009,mobile,5.2.0,2026-07-12T08:14:08Z,54
s002082,u0485,c020,tv,,2026-07-12T08:14:34Z,83
s002083,u0340,c008,tv,,2026-07-12T08:22:02Z,35
s002084,u0184,c005,tv,,2026-07-12T08:23:21Z,18
s002085,u0652,c023,web,,2026-07-12T08:26:26Z,61
s002086,u0282,c024,mobile,5.2.0,2026-07-12T08:38:52Z,53
s002087,u0616,c001,tv,,2026-07-12T08:40:32Z,68
s002088,u0154,c001,web,,2026-07-12T08:55:46Z,24
s002089,u0195,c019,web,,2026-07-12T12:01:27Z,94
s002090,u0428,c002,tv,,2026-07-12T12:08:17Z,64
s002091,u0628,c021,mobile,5.2.0,2026-07-12T12:08:39Z,49
s002092,u0255,c004,web,,2026-07-12T12:10:56Z,50
s002093,u0183,c001,mobile,5.2.0,2026-07-12T12:11:32Z,10
s002094,u0297,c021,tv,,2026-07-12T12:12:39Z,22
s002095,u0109,c009,mobile,5.2.0,2026-07-12T12:20:20Z,28
s002096,u0658,c001,mobile,5.2.0,2026-07-12T12:20:55Z,12
s002097,u0109,c009,mobile,5.2.0,2026-07-12T12:21:09Z,28
s002098,u0173,c013,tv,,2026-07-12T12:21:39Z,43
s002099,u0373,c006,web,,2026-07-12T12:24:01Z,28
s002100,u0500,c041,tv,,2026-07-12T12:31:18Z,33
s002101,u0331,c004,web,,2026-07-12T12:39:37Z,39
s002102,u0255,c031,web,,2026-07-12T12:40:59Z,45
s002103,u0707,c011,web,,2026-07-12T12:46:51Z,43
s002104,u0066,c007,mobile,5.2.0,2026-07-12T12:48:41Z,14
s002105,u0304,c011,mobile,5.2.0,2026-07-12T12:50:04Z,30
s002106,u0138,c027,mobile,5.2.0,2026-07-12T12:50:36Z,24
s002107,u0304,c011,mobile,5.2.0,2026-07-12T12:50:53Z,30
s002108,u0369,c003,mobile,5.2.0,2026-07-12T12:52:06Z,27
s002109,u0369,c003,mobile,5.2.0,2026-07-12T12:52:41Z,27
s002110,u0369,c003,mobile,5.2.0,2026-07-12T12:52:58Z,27
s002111,u0025,c001,web,,2026-07-12T12:53:57Z,44
s002112,u0490,c057,web,,2026-07-12T12:54:27Z,80
s002113,u0760,c005,mobile,5.2.0,2026-07-12T12:57:42Z,12
s002114,u0126,c001,tv,,2026-07-12T12:58:42Z,53
s002115,u0593,c015,mobile,5.2.0,2026-07-12T12:59:19Z,28
s002116,u0593,c015,mobile,5.2.0,2026-07-12T12:59:47Z,28
s002117,u0532,c011,mobile,5.2.0,2026-07-12T17:00:46Z,36
s002118,u0532,c011,mobile,5.2.0,2026-07-12T17:01:06Z,36
s002119,u0598,c011,web,,2026-07-12T17:01:53Z,16
s002120,u0188,c019,mobile,5.2.0,2026-07-12T17:02:55Z,13
s002121,u0332,c004,mobile,5.2.0,2026-07-12T17:04:58Z,26
s002122,u0051,c003,tv,,2026-07-12T17:07:14Z,35
s002123,u0199,c004,web,,2026-07-12T17:07:29Z,39
s002124,u0346,c041,mobile,5.2.0,2026-07-12T17:08:53Z,22
s002125,u0248,c004,mobile,5.2.0,2026-07-12T17:10:16Z,15
s002126,u0699,c049,mobile,5.2.0,2026-07-12T17:10:40Z,36
s002127,u0595,c041,web,,2026-07-12T17:12:40Z,39
s002128,u0038,c002,tv,,2026-07-12T17:13:16Z,85
s002129,u0305,c001,tv,,2026-07-12T17:17:47Z,29
s002130,u0241,c005,web,,2026-07-12T17:18:31Z,39
s002131,u0162,c011,mobile,5.2.0,2026-07-12T17:20:05Z,30
s002132,u0471,c002,web,,2026-07-12T17:20:42Z,52
s002133,u0481,c051,tv,,2026-07-12T17:23:20Z,59
s002134,u0520,c002,web,,2026-07-12T17:23:42Z,138
s002135,u0004,c005,web,,2026-07-12T17:24:06Z,55
s002136,u0085,c002,mobile,5.2.0,2026-07-12T17:24:37Z,37
s002137,u0265,c042,tv,,2026-07-12T17:24:49Z,38
s002138,u0085,c002,mobile,5.2.0,2026-07-12T17:25:18Z,37
s002139,u0211,c006,mobile,5.2.0,2026-07-12T17:27:50Z,36
s002140,u0668,c032,mobile,5.2.0,2026-07-12T17:28:00Z,11
s002141,u0414,c008,mobile,5.2.0,2026-07-12T17:30:11Z,12
s002142,u0665,c001,mobile,5.2.0,2026-07-12T17:30:52Z,69
s002143,u0640,c016,mobile,5.2.0,2026-07-12T17:30:54Z,57
s002144,u0026,c021,mobile,5.2.0,2026-07-12T17:34:01Z,54
s002145,u0045,c001,mobile,5.2.0,2026-07-12T17:34:05Z,10
s002146,u0045,c001,mobile,5.2.0,2026-07-12T17:34:41Z,10
s002147,u0641,c002,web,,2026-07-12T17:35:04Z,39
s002148,u0401,c023,web,,2026-07-12T17:36:03Z,27
s002149,u0752,c026,tv,,2026-07-12T17:38:35Z,54
s002150,u0066,c001,web,,2026-07-12T17:39:48Z,23
s002151,u0243,c001,web,,2026-07-12T17:41:08Z,13
s002152,u0357,c008,mobile,5.2.0,2026-07-12T17:43:24Z,9
s002153,u0333,c009,mobile,5.2.0,2026-07-12T17:43:34Z,23
s002154,u0524,c001,mobile,5.2.0,2026-07-12T17:43:48Z,22
s002155,u0524,c001,mobile,5.2.0,2026-07-12T17:44:07Z,22
s002156,u0357,c008,mobile,5.2.0,2026-07-12T17:44:08Z,9
s002157,u0333,c009,mobile,5.2.0,2026-07-12T17:44:20Z,23
s002158,u0300,c034,mobile,5.2.0,2026-07-12T17:45:33Z,16
s002159,u0731,c007,mobile,5.2.0,2026-07-12T17:46:11Z,28
s002160,u0180,c013,mobile,5.2.0,2026-07-12T17:47:45Z,42
s002161,u0272,c005,mobile,5.2.0,2026-07-12T17:49:08Z,9
s002162,u0188,c032,mobile,5.2.0,2026-07-12T17:49:27Z,11
s002163,u0434,c032,mobile,5.2.0,2026-07-12T17:50:59Z,17
s002164,u0306,c001,mobile,5.2.0,2026-07-12T17:51:06Z,13
s002165,u0306,c001,mobile,5.2.0,2026-07-12T17:51:23Z,13
s002166,u0188,c019,mobile,5.2.0,2026-07-12T17:53:02Z,49
s002167,u0182,c002,web,,2026-07-12T17:53:09Z,28
s002168,u0188,c019,mobile,5.2.0,2026-07-12T17:53:32Z,49
s002169,u0301,c008,mobile,5.2.0,2026-07-12T17:53:43Z,18
s002170,u0346,c035,mobile,5.2.0,2026-07-12T17:55:11Z,6
s002171,u0328,c008,mobile,5.2.0,2026-07-12T17:56:18Z,22
s002172,u0719,c007,mobile,5.2.0,2026-07-12T17:56:52Z,17
s002173,u0719,c007,mobile,5.2.0,2026-07-12T17:56:57Z,17
s002174,u0563,c001,tv,,2026-07-12T19:00:41Z,72
s002175,u0393,c012,mobile,5.2.0,2026-07-12T19:00:50Z,18
s002176,u0028,c042,tv,,2026-07-12T19:01:36Z,28
s002177,u0033,c007,web,,2026-07-12T19:02:11Z,41
s002178,u0625,c025,web,,2026-07-12T19:02:11Z,37
s002179,u0401,c051,web,,2026-07-12T19:04:56Z,19
s002180,u0529,c014,mobile,5.2.0,2026-07-12T19:04:58Z,23
s002181,u0663,c001,mobile,5.2.0,2026-07-12T19:05:23Z,50
s002182,u0714,c011,mobile,5.2.0,2026-07-12T19:05:24Z,14
s002183,u0027,c002,mobile,5.2.0,2026-07-12T19:05:58Z,11
s002184,u0027,c002,mobile,5.2.0,2026-07-12T19:06:23Z,11
s002185,u0566,c001,mobile,5.2.0,2026-07-12T19:08:51Z,22
s002186,u0008,c032,mobile,5.2.0,2026-07-12T19:09:48Z,27
s002187,u0659,c001,web,,2026-07-12T19:10:26Z,49
s002188,u0324,c003,tv,,2026-07-12T19:13:31Z,13
s002189,u0615,c035,tv,,2026-07-12T19:13:56Z,44
s002190,u0509,c002,mobile,5.2.0,2026-07-12T19:14:18Z,17
s002191,u0735,c024,mobile,5.2.0,2026-07-12T19:14:28Z,18
s002192,u0735,c024,mobile,5.2.0,2026-07-12T19:14:40Z,18
s002193,u0292,c017,tv,,2026-07-12T19:15:57Z,40
s002194,u0243,c037,web,,2026-07-12T19:18:51Z,30
s002195,u0476,c002,mobile,5.2.0,2026-07-12T19:18:56Z,9
s002196,u0072,c051,mobile,5.2.0,2026-07-12T19:18:59Z,15
s002197,u0126,c002,tv,,2026-07-12T19:19:02Z,107
s002198,u0072,c051,mobile,5.2.0,2026-07-12T19:19:07Z,15
s002199,u0478,c008,tv,,2026-07-12T19:19:33Z,140
s002200,u0433,c004,mobile,5.2.0,2026-07-12T19:20:04Z,23
s002201,u0146,c035,mobile,5.2.0,2026-07-12T19:21:45Z,31
s002202,u0574,c001,mobile,5.2.0,2026-07-12T19:23:08Z,94
s002203,u0574,c001,mobile,5.2.0,2026-07-12T19:23:16Z,94
s002204,u0138,c041,mobile,5.2.0,2026-07-12T19:24:11Z,27
s002205,u0400,c044,mobile,5.2.0,2026-07-12T19:24:41Z,14
s002206,u0607,c025,tv,,2026-07-12T19:24:52Z,22
s002207,u0400,c044,mobile,5.2.0,2026-07-12T19:24:54Z,14
s002208,u0018,c058,web,,2026-07-12T19:26:09Z,21
s002209,u0205,c007,mobile,5.2.0,2026-07-12T19:26:14Z,40
s002210,u0340,c019,tv,,2026-07-12T19:27:52Z,35
s002211,u0371,c015,web,,2026-07-12T19:29:18Z,33
s002212,u0177,c006,tv,,2026-07-12T19:31:43Z,37
s002213,u0113,c002,web,,2026-07-12T19:32:38Z,60
s002214,u0629,c002,tv,,2026-07-12T19:33:44Z,102
s002215,u0591,c032,mobile,5.2.0,2026-07-12T19:33:52Z,45
s002216,u0071,c002,web,,2026-07-12T19:34:03Z,57
s002217,u0591,c032,mobile,5.2.0,2026-07-12T19:34:08Z,45
s002218,u0066,c015,web,,2026-07-12T19:34:10Z,65
s002219,u0138,c049,mobile,5.2.0,2026-07-12T19:34:14Z,35
s002220,u0744,c011,tv,,2026-07-12T19:34:50Z,55
s002221,u0232,c001,tv,,2026-07-12T19:35:34Z,24
s002222,u0381,c029,web,,2026-07-12T19:36:04Z,38
s002223,u0758,c016,mobile,5.2.0,2026-07-12T19:36:55Z,15
s002224,u0569,c009,web,,2026-07-12T19:37:10Z,43
s002225,u0758,c016,mobile,5.2.0,2026-07-12T19:37:55Z,15
s002226,u0296,c022,mobile,5.2.0,2026-07-12T19:39:10Z,36
s002227,u0025,c005,mobile,5.2.0,2026-07-12T19:39:40Z,42
s002228,u0617,c003,tv,,2026-07-12T19:40:27Z,126
s002229,u0433,c002,mobile,5.2.0,2026-07-12T19:42:10Z,16
s002230,u0644,c003,mobile,5.2.0,2026-07-12T19:42:33Z,18
s002231,u0359,c001,mobile,5.2.0,2026-07-12T19:42:44Z,15
s002232,u0359,c001,mobile,5.2.0,2026-07-12T19:43:10Z,15
s002233,u0644,c003,mobile,5.2.0,2026-07-12T19:43:30Z,18
s002234,u0359,c001,mobile,5.2.0,2026-07-12T19:43:52Z,15
s002235,u0152,c013,web,,2026-07-12T19:45:24Z,37
s002236,u0252,c043,web,,2026-07-12T19:46:06Z,30
s002237,u0247,c006,mobile,5.2.0,2026-07-12T19:46:29Z,29
s002238,u0365,c008,tv,,2026-07-12T19:47:32Z,101
s002239,u0480,c050,web,,2026-07-12T19:47:37Z,35
s002240,u0116,c046,mobile,5.2.0,2026-07-12T19:49:23Z,14
s002241,u0663,c004,web,,2026-07-12T19:49:50Z,66
s002242,u0307,c004,mobile,5.2.0,2026-07-12T19:50:19Z,18
s002243,u0210,c012,tv,,2026-07-12T19:50:33Z,28
s002244,u0684,c002,web,,2026-07-12T19:50:39Z,15
s002245,u0448,c003,mobile,5.2.0,2026-07-12T19:50:42Z,27
s002246,u0095,c001,mobile,5.2.0,2026-07-12T19:51:03Z,22
s002247,u0095,c001,mobile,5.2.0,2026-07-12T19:51:20Z,22
s002248,u0121,c006,tv,,2026-07-12T19:52:10Z,31
s002249,u0046,c014,mobile,5.2.0,2026-07-12T19:53:42Z,30
s002250,u0737,c017,mobile,5.2.0,2026-07-12T19:54:01Z,12
s002251,u0737,c017,mobile,5.2.0,2026-07-12T19:55:00Z,12
s002252,u0706,c021,web,,2026-07-12T19:55:13Z,13
s002253,u0165,c042,tv,,2026-07-12T19:55:25Z,46
s002254,u0628,c005,tv,,2026-07-12T19:55:54Z,17
s002255,u0510,c003,mobile,5.2.0,2026-07-12T19:56:32Z,27
s002256,u0318,c011,tv,,2026-07-12T19:57:08Z,31
s002257,u0164,c011,web,,2026-07-12T19:57:39Z,56
s002258,u0395,c003,tv,,2026-07-12T19:58:11Z,155
s002259,u0026,c002,mobile,5.2.0,2026-07-12T19:58:12Z,19
s002260,u0225,c006,web,,2026-07-12T21:00:04Z,44
s002261,u0688,c033,mobile,5.2.0,2026-07-12T21:00:15Z,28
s002262,u0549,c022,tv,,2026-07-12T21:00:50Z,110
s002263,u0615,c026,mobile,5.2.0,2026-07-12T21:02:34Z,31
s002264,u0615,c026,mobile,5.2.0,2026-07-12T21:02:57Z,31
s002265,u0222,c004,mobile,5.2.0,2026-07-12T21:03:00Z,5
s002266,u0308,c045,tv,,2026-07-12T21:03:27Z,47
s002267,u0103,c047,tv,,2026-07-12T21:03:29Z,28
s002268,u0715,c001,mobile,5.2.0,2026-07-12T21:03:49Z,17
s002269,u0715,c001,mobile,5.2.0,2026-07-12T21:04:16Z,17
s002270,u0665,c036,mobile,5.2.0,2026-07-12T21:04:42Z,5
s002271,u0645,c007,mobile,5.2.0,2026-07-12T21:05:26Z,45
s002272,u0027,c016,tv,,2026-07-12T21:05:40Z,35
s002273,u0138,c034,mobile,5.2.0,2026-07-12T21:05:54Z,30
s002274,u0534,c048,tv,,2026-07-12T21:06:16Z,62
s002275,u0591,c006,mobile,5.2.0,2026-07-12T21:07:02Z,23
s002276,u0437,c052,mobile,5.2.0,2026-07-12T21:09:02Z,24
s002277,u0062,c016,web,,2026-07-12T21:09:19Z,32
s002278,u0003,c015,mobile,5.2.0,2026-07-12T21:10:43Z,29
s002279,u0593,c002,mobile,5.2.0,2026-07-12T21:10:51Z,16
s002280,u0436,c023,tv,,2026-07-12T21:11:02Z,31
s002281,u0138,c014,mobile,5.2.0,2026-07-12T21:11:12Z,10
s002282,u0138,c014,mobile,5.2.0,2026-07-12T21:12:10Z,10
s002283,u0670,c011,tv,,2026-07-12T21:12:29Z,84
s002284,u0164,c027,tv,,2026-07-12T21:13:04Z,41
s002285,u0629,c003,tv,,2026-07-12T21:14:07Z,27
s002286,u0258,c002,mobile,5.2.0,2026-07-12T21:14:31Z,22
s002287,u0670,c007,tv,,2026-07-12T21:14:40Z,30
s002288,u0258,c002,mobile,5.2.0,2026-07-12T21:14:46Z,22
s002289,u0422,c051,tv,,2026-07-12T21:15:22Z,92
s002290,u0345,c003,web,,2026-07-12T21:15:45Z,43
s002291,u0608,c005,web,,2026-07-12T21:16:56Z,14
s002292,u0620,c002,tv,,2026-07-12T21:17:30Z,99
s002293,u0539,c009,web,,2026-07-12T21:17:32Z,14
s002294,u0628,c060,tv,,2026-07-12T21:17:51Z,68
s002295,u0714,c012,mobile,5.2.0,2026-07-12T21:18:04Z,23
s002296,u0124,c026,mobile,5.2.0,2026-07-12T21:19:54Z,9
s002297,u0727,c042,mobile,5.2.0,2026-07-12T21:20:21Z,11
s002298,u0370,c006,mobile,5.2.0,2026-07-12T21:21:38Z,13
s002299,u0187,c023,web,,2026-07-12T21:22:42Z,14
s002300,u0138,c018,mobile,5.2.0,2026-07-12T21:23:07Z,10
s002301,u0353,c027,mobile,5.2.0,2026-07-12T21:24:48Z,26
s002302,u0185,c032,mobile,5.2.0,2026-07-12T21:25:55Z,32
s002303,u0700,c039,tv,,2026-07-12T21:26:34Z,240
s002304,u0709,c003,mobile,5.2.0,2026-07-12T21:26:57Z,16
s002305,u0348,c010,mobile,5.2.0,2026-07-12T21:28:09Z,14
s002306,u0339,c001,tv,,2026-07-12T21:28:23Z,107
s002307,u0761,c027,tv,,2026-07-12T21:30:17Z,78
s002308,u0688,c056,mobile,5.2.0,2026-07-12T21:31:08Z,21
s002309,u0042,c001,mobile,5.2.0,2026-07-12T21:31:30Z,35
s002310,u0130,c020,tv,,2026-07-12T21:31:31Z,62
s002311,u0688,c056,mobile,5.2.0,2026-07-12T21:31:31Z,21
s002312,u0042,c001,mobile,5.2.0,2026-07-12T21:31:45Z,35
s002313,u0066,c015,web,,2026-07-12T21:31:50Z,47
s002314,u0028,c030,tv,,2026-07-12T21:32:12Z,45
s002315,u0081,c034,tv,,2026-07-12T21:33:48Z,124
s002316,u0541,c006,tv,,2026-07-12T21:33:52Z,13
s002317,u0699,c028,mobile,5.2.0,2026-07-12T21:35:50Z,21
s002318,u0198,c020,mobile,5.2.0,2026-07-12T21:35:53Z,109
s002319,u0607,c029,tv,,2026-07-12T21:36:11Z,21
s002320,u0198,c020,mobile,5.2.0,2026-07-12T21:36:28Z,109
s002321,u0657,c002,mobile,5.2.0,2026-07-12T21:37:49Z,42
s002322,u0356,c042,web,,2026-07-12T21:38:07Z,20
s002323,u0580,c009,tv,,2026-07-12T21:39:27Z,38
s002324,u0330,c032,web,,2026-07-12T21:40:20Z,27
s002325,u0478,c032,tv,,2026-07-12T21:40:26Z,28
s002326,u0719,c026,mobile,5.2.0,2026-07-12T21:42:53Z,14
s002327,u0656,c007,tv,,2026-07-12T21:43:09Z,66
s002328,u0719,c026,mobile,5.2.0,2026-07-12T21:43:38Z,14
s002329,u0178,c024,mobile,5.2.0,2026-07-12T21:43:41Z,7
s002330,u0590,c025,tv,,2026-07-12T21:46:56Z,27
s002331,u0750,c023,tv,,2026-07-12T21:47:28Z,46
s002332,u0222,c005,mobile,5.2.0,2026-07-12T21:47:59Z,12
s002333,u0124,c032,mobile,5.2.0,2026-07-12T21:49:41Z,54
s002334,u0018,c053,web,,2026-07-12T21:51:03Z,86
s002335,u0601,c031,tv,,2026-07-12T21:51:24Z,44
s002336,u0160,c015,web,,2026-07-12T21:52:28Z,14
s002337,u0071,c011,web,,2026-07-12T21:53:02Z,47
s002338,u0689,c011,tv,,2026-07-12T21:53:20Z,95
s002339,u0681,c018,tv,,2026-07-12T21:53:51Z,23
s002340,u0455,c021,tv,,2026-07-12T21:54:36Z,12
s002341,u0612,c011,tv,,2026-07-12T21:55:10Z,49
s002342,u0549,c026,tv,,2026-07-12T21:55:21Z,63
s002343,u0459,c010,mobile,5.2.0,2026-07-12T21:55:50Z,11
s002344,u0121,c002,tv,,2026-07-12T21:55:58Z,50
s002345,u0031,c009,tv,,2026-07-12T21:56:44Z,21
s002346,u0283,c042,mobile,5.2.0,2026-07-12T21:57:28Z,15
s002347,u0283,c042,mobile,5.2.0,2026-07-12T21:57:33Z,15
s002348,u0447,c012,mobile,5.2.0,2026-07-12T23:01:31Z,33
s002349,u0383,c046,tv,,2026-07-12T23:01:49Z,39
s002350,u0164,c022,mobile,5.2.0,2026-07-12T23:03:50Z,16
s002351,u0164,c022,mobile,5.2.0,2026-07-12T23:04:44Z,16
s002352,u0118,c002,web,,2026-07-12T23:08:13Z,19
s002353,u0691,c047,web,,2026-07-12T23:14:40Z,9
s002354,u0442,c001,tv,,2026-07-12T23:15:00Z,96
s002355,u0442,c013,tv,,2026-07-12T23:16:11Z,32
s002356,u0289,c025,mobile,5.2.0,2026-07-12T23:19:14Z,5
s002357,u0289,c025,mobile,5.2.0,2026-07-12T23:19:18Z,5
s002358,u0289,c025,mobile,5.2.0,2026-07-12T23:19:34Z,5
s002359,u0447,c016,mobile,5.2.0,2026-07-12T23:26:08Z,17
s002360,u0447,c016,mobile,5.2.0,2026-07-12T23:26:32Z,17
s002361,u0447,c016,mobile,5.2.0,2026-07-12T23:27:06Z,17
s002362,u0760,c001,mobile,5.2.0,2026-07-12T23:31:58Z,19
s002363,u0366,c025,mobile,5.2.0,2026-07-12T23:33:01Z,14
s002364,u0366,c025,mobile,5.2.0,2026-07-12T23:33:53Z,14
s002365,u0496,c015,web,,2026-07-12T23:34:03Z,14
s002366,u0644,c052,mobile,5.2.0,2026-07-12T23:35:08Z,17
s002367,u0698,c013,mobile,5.2.0,2026-07-12T23:35:18Z,79
s002368,u0644,c052,mobile,5.2.0,2026-07-12T23:35:28Z,17
s002369,u0644,c052,mobile,5.2.0,2026-07-12T23:36:15Z,17
s002370,u0085,c006,mobile,5.2.0,2026-07-12T23:39:35Z,6
s002371,u0372,c005,tv,,2026-07-12T23:41:51Z,85
s002372,u0395,c002,tv,,2026-07-12T23:43:30Z,20
s002373,u0259,c050,mobile,5.2.0,2026-07-12T23:44:59Z,31
s002374,u0415,c026,tv,,2026-07-12T23:46:33Z,103
s002375,u0684,c011,web,,2026-07-12T23:48:42Z,62
s002376,u0502,c054,tv,,2026-07-12T23:52:15Z,75
s002377,u0741,c011,tv,,2026-07-12T23:55:27Z,36
s002378,u0462,c026,mobile,5.2.0,2026-07-12T23:55:52Z,37
s002379,u0462,c026,mobile,5.2.0,2026-07-12T23:55:57Z,37
s002380,u0650,c007,mobile,5.2.0,2026-07-12T23:55:58Z,12
s002381,u0462,c026,mobile,5.2.0,2026-07-12T23:56:15Z,37
s002382,u0592,c022,mobile,5.2.0,2026-07-12T23:58:10Z,18
s002383,u0106,c005,tv,,2026-07-12T23:59:11Z,17
s002384,u0235,c033,web,,2026-07-12T23:59:58Z,58
s002385,u0427,c001,web,,2026-07-13T08:06:08Z,159
s002386,u0386,c004,mobile,5.2.0,2026-07-13T08:08:53Z,17
s002387,u0324,c042,tv,,2026-07-13T08:09:25Z,42
s002388,u0259,c001,tv,,2026-07-13T08:11:32Z,31
s002389,u0744,c010,tv,,2026-07-13T08:12:17Z,44
s002390,u0739,c047,tv,,2026-07-13T08:13:13Z,76
s002391,u0714,c035,mobile,5.2.0,2026-07-13T08:16:12Z,15
s002392,u0714,c035,mobile,5.2.0,2026-07-13T08:16:17Z,15
s002393,u0106,c002,web,,2026-07-13T08:17:38Z,127
s002394,u0154,c001,web,,2026-07-13T08:19:29Z,25
s002395,u0412,c023,web,,2026-07-13T08:26:31Z,42
s002396,u0454,c002,tv,,2026-07-13T08:28:22Z,20
s002397,u0109,c013,mobile,5.2.0,2026-07-13T08:41:52Z,27
s002398,u0562,c010,tv,,2026-07-13T08:43:38Z,24
s002399,u0291,c002,mobile,5.2.0,2026-07-13T08:47:58Z,16
s002400,u0274,c008,mobile,5.2.0,2026-07-13T08:54:31Z,42
s002401,u0004,c008,web,,2026-07-13T08:57:53Z,78
s002402,u0677,c001,mobile,5.2.0,2026-07-13T08:59:03Z,5
s002403,u0660,c052,mobile,5.2.0,2026-07-13T12:00:21Z,41
s002404,u0721,c030,web,,2026-07-13T12:01:06Z,41
s002405,u0430,c030,mobile,5.2.0,2026-07-13T12:01:18Z,31
s002406,u0660,c052,mobile,5.2.0,2026-07-13T12:01:18Z,41
s002407,u0430,c030,mobile,5.2.0,2026-07-13T12:02:15Z,31
s002408,u0420,c001,web,,2026-07-13T12:04:08Z,65
s002409,u0101,c001,tv,,2026-07-13T12:04:38Z,50
s002410,u0527,c029,tv,,2026-07-13T12:05:53Z,76
s002411,u0758,c025,web,,2026-07-13T12:07:34Z,22
s002412,u0689,c003,mobile,5.2.0,2026-07-13T12:10:04Z,6
s002413,u0153,c007,web,,2026-07-13T12:10:52Z,47
s002414,u0133,c004,mobile,5.2.0,2026-07-13T12:11:00Z,55
s002415,u0508,c035,web,,2026-07-13T12:17:08Z,35
s002416,u0759,c019,tv,,2026-07-13T12:17:15Z,63
s002417,u0761,c017,tv,,2026-07-13T12:18:10Z,39
s002418,u0027,c059,tv,,2026-07-13T12:24:22Z,48
s002419,u0253,c035,tv,,2026-07-13T12:30:46Z,142
s002420,u0551,c001,mobile,5.2.0,2026-07-13T12:30:46Z,32
s002421,u0746,c018,mobile,5.2.0,2026-07-13T12:31:10Z,34
s002422,u0746,c018,mobile,5.2.0,2026-07-13T12:31:22Z,34
s002423,u0551,c001,mobile,5.2.0,2026-07-13T12:31:33Z,32
s002424,u0555,c048,mobile,5.2.0,2026-07-13T12:34:53Z,12
s002425,u0555,c048,mobile,5.2.0,2026-07-13T12:35:10Z,12
s002426,u0124,c013,mobile,5.2.0,2026-07-13T12:38:14Z,39
s002427,u0124,c013,mobile,5.2.0,2026-07-13T12:38:33Z,39
s002428,u0585,c020,mobile,5.2.0,2026-07-13T12:39:32Z,9
s002429,u0414,c001,mobile,5.2.0,2026-07-13T12:40:53Z,21
s002430,u0405,c020,web,,2026-07-13T12:41:41Z,22
s002431,u0462,c010,mobile,5.2.0,2026-07-13T12:43:07Z,16
s002432,u0076,c001,tv,,2026-07-13T12:44:49Z,98
s002433,u0028,c016,tv,,2026-07-13T12:44:58Z,71
s002434,u0669,c001,web,,2026-07-13T12:48:36Z,11
s002435,u0104,c001,web,,2026-07-13T12:54:03Z,18
s002436,u0200,c001,web,,2026-07-13T12:59:48Z,28
s002437,u0296,c003,mobile,5.2.0,2026-07-13T17:06:58Z,16
s002438,u0190,c001,mobile,5.2.0,2026-07-13T17:06:59Z,40
s002439,u0024,c011,tv,,2026-07-13T17:10:53Z,49
s002440,u0162,c047,mobile,5.2.0,2026-07-13T17:12:20Z,18
s002441,u0162,c047,mobile,5.2.0,2026-07-13T17:12:37Z,18
s002442,u0003,c003,mobile,5.2.0,2026-07-13T17:12:42Z,56
s002443,u0042,c036,tv,,2026-07-13T17:13:17Z,27
s002444,u0359,c022,web,,2026-07-13T17:13:31Z,25
s002445,u0160,c017,tv,,2026-07-13T17:15:52Z,27
s002446,u0665,c026,mobile,5.2.0,2026-07-13T17:19:30Z,51
s002447,u0665,c026,mobile,5.2.0,2026-07-13T17:19:54Z,51
s002448,u0665,c026,mobile,5.2.0,2026-07-13T17:20:04Z,51
s002449,u0445,c001,mobile,5.2.0,2026-07-13T17:20:42Z,29
s002450,u0445,c001,mobile,5.2.0,2026-07-13T17:21:24Z,29
s002451,u0356,c016,web,,2026-07-13T17:22:33Z,58
s002452,u0247,c006,mobile,5.2.0,2026-07-13T17:23:31Z,13
s002453,u0247,c006,mobile,5.2.0,2026-07-13T17:24:26Z,13
s002454,u0411,c018,mobile,5.2.0,2026-07-13T17:28:18Z,20
s002455,u0677,c001,mobile,5.2.0,2026-07-13T17:28:39Z,4
s002456,u0681,c023,tv,,2026-07-13T17:31:11Z,47
s002457,u0090,c026,mobile,5.2.0,2026-07-13T17:32:09Z,6
s002458,u0338,c015,tv,,2026-07-13T17:32:17Z,46
s002459,u0634,c050,tv,,2026-07-13T17:33:14Z,37
s002460,u0692,c001,mobile,5.2.0,2026-07-13T17:36:53Z,15
s002461,u0229,c011,tv,,2026-07-13T17:37:11Z,30
s002462,u0432,c011,tv,,2026-07-13T17:37:11Z,32
s002463,u0692,c001,mobile,5.2.0,2026-07-13T17:37:22Z,15
s002464,u0614,c007,mobile,5.2.0,2026-07-13T17:37:31Z,27
s002465,u0297,c005,tv,,2026-07-13T17:38:23Z,11
s002466,u0202,c023,tv,,2026-07-13T17:39:02Z,26
s002467,u0750,c003,tv,,2026-07-13T17:39:02Z,23
s002468,u0689,c049,tv,,2026-07-13T17:39:20Z,34
s002469,u0752,c013,tv,,2026-07-13T17:41:22Z,43
s002470,u0637,c002,mobile,5.2.0,2026-07-13T17:41:37Z,27
s002471,u0750,c002,tv,,2026-07-13T17:44:05Z,21
s002472,u0381,c038,web,,2026-07-13T17:44:15Z,29
s002473,u0736,c008,tv,,2026-07-13T17:45:05Z,71
s002474,u0678,c022,mobile,5.2.0,2026-07-13T17:45:47Z,7
s002475,u0670,c024,web,,2026-07-13T17:46:01Z,84
s002476,u0678,c022,mobile,5.2.0,2026-07-13T17:46:45Z,7
s002477,u0678,c022,mobile,5.2.0,2026-07-13T17:47:11Z,7
s002478,u0123,c038,web,,2026-07-13T17:47:54Z,45
s002479,u0246,c013,mobile,5.2.0,2026-07-13T17:49:57Z,13
s002480,u0480,c016,mobile,5.2.0,2026-07-13T17:50:00Z,14
s002481,u0574,c004,mobile,5.2.0,2026-07-13T17:50:03Z,15
s002482,u0381,c005,mobile,5.2.0,2026-07-13T17:50:04Z,26
s002483,u0489,c007,mobile,5.2.0,2026-07-13T17:51:06Z,13
s002484,u0025,c001,mobile,5.2.0,2026-07-13T17:53:03Z,23
s002485,u0532,c053,web,,2026-07-13T17:53:08Z,24
s002486,u0359,c044,mobile,5.2.0,2026-07-13T17:56:50Z,51
s002487,u0138,c043,web,,2026-07-13T17:58:31Z,45
s002488,u0136,c037,mobile,5.2.0,2026-07-13T17:58:57Z,15
s002489,u0491,c001,web,,2026-07-13T17:59:08Z,37
s002490,u0546,c009,web,,2026-07-13T19:01:00Z,21
s002491,u0260,c001,mobile,5.2.0,2026-07-13T19:01:05Z,59
s002492,u0468,c059,tv,,2026-07-13T19:03:58Z,66
s002493,u0633,c012,tv,,2026-07-13T19:04:58Z,84
s002494,u0466,c002,tv,,2026-07-13T19:05:57Z,43
s002495,u0088,c008,mobile,5.2.0,2026-07-13T19:06:55Z,60
s002496,u0088,c008,mobile,5.2.0,2026-07-13T19:07:17Z,60
s002497,u0374,c035,web,,2026-07-13T19:07:59Z,64
s002498,u0113,c006,web,,2026-07-13T19:08:47Z,93
s002499,u0056,c002,web,,2026-07-13T19:09:02Z,10
s002500,u0128,c003,tv,,2026-07-13T19:09:06Z,46
s002501,u0199,c006,web,,2026-07-13T19:10:12Z,32
s002502,u0623,c002,web,,2026-07-13T19:11:04Z,28
s002503,u0073,c022,mobile,5.2.0,2026-07-13T19:11:23Z,13
s002504,u0339,c039,tv,,2026-07-13T19:12:40Z,24
s002505,u0174,c001,web,,2026-07-13T19:14:15Z,27
s002506,u0417,c009,web,,2026-07-13T19:14:15Z,26
s002507,u0608,c003,web,,2026-07-13T19:14:58Z,37
s002508,u0671,c020,mobile,5.2.0,2026-07-13T19:14:59Z,42
s002509,u0390,c001,web,,2026-07-13T19:15:05Z,44
s002510,u0170,c044,mobile,5.2.0,2026-07-13T19:15:09Z,20
s002511,u0386,c024,mobile,5.2.0,2026-07-13T19:15:09Z,16
s002512,u0011,c019,web,,2026-07-13T19:16:03Z,21
s002513,u0623,c012,web,,2026-07-13T19:16:07Z,47
s002514,u0613,c020,web,,2026-07-13T19:16:22Z,51
s002515,u0173,c053,tv,,2026-07-13T19:18:20Z,60
s002516,u0418,c002,mobile,5.2.0,2026-07-13T19:18:43Z,62
s002517,u0434,c006,mobile,5.2.0,2026-07-13T19:19:15Z,23
s002518,u0131,c003,web,,2026-07-13T19:19:23Z,59
s002519,u0130,c029,tv,,2026-07-13T19:19:58Z,52
s002520,u0202,c001,tv,,2026-07-13T19:21:51Z,32
s002521,u0044,c021,mobile,5.2.0,2026-07-13T19:22:36Z,36
s002522,u0251,c051,web,,2026-07-13T19:22:37Z,11
s002523,u0105,c012,web,,2026-07-13T19:22:45Z,49
s002524,u0348,c002,mobile,5.2.0,2026-07-13T19:23:54Z,31
s002525,u0716,c007,tv,,2026-07-13T19:24:05Z,46
s002526,u0082,c050,tv,,2026-07-13T19:24:27Z,42
s002527,u0138,c024,mobile,5.2.0,2026-07-13T19:24:51Z,19
s002528,u0247,c045,mobile,5.2.0,2026-07-13T19:25:05Z,20
s002529,u0471,c008,web,,2026-07-13T19:25:21Z,48
s002530,u0677,c041,mobile,5.2.0,2026-07-13T19:25:25Z,27
s002531,u0462,c010,mobile,5.2.0,2026-07-13T19:27:49Z,6
s002532,u0090,c002,tv,,2026-07-13T19:28:32Z,12
s002533,u0053,c021,tv,,2026-07-13T19:29:03Z,132
s002534,u0198,c010,mobile,5.2.0,2026-07-13T19:29:08Z,19
s002535,u0587,c007,mobile,5.2.0,2026-07-13T19:29:21Z,17
s002536,u0027,c009,tv,,2026-07-13T19:29:59Z,9
s002537,u0714,c034,mobile,5.2.0,2026-07-13T19:30:52Z,12
s002538,u0714,c034,mobile,5.2.0,2026-07-13T19:31:20Z,12
s002539,u0710,c001,web,,2026-07-13T19:31:52Z,64
s002540,u0193,c002,web,,2026-07-13T19:31:53Z,88
s002541,u0472,c056,mobile,5.2.0,2026-07-13T19:32:02Z,102
s002542,u0748,c007,mobile,5.2.0,2026-07-13T19:32:38Z,84
s002543,u0106,c033,tv,,2026-07-13T19:32:44Z,59
s002544,u0154,c006,tv,,2026-07-13T19:33:12Z,43
s002545,u0260,c047,mobile,5.2.0,2026-07-13T19:33:14Z,26
s002546,u0491,c019,web,,2026-07-13T19:33:16Z,57
s002547,u0204,c003,mobile,5.2.0,2026-07-13T19:33:31Z,16
s002548,u0312,c012,mobile,5.2.0,2026-07-13T19:35:37Z,8
s002549,u0478,c004,tv,,2026-07-13T19:36:48Z,25
s002550,u0103,c022,tv,,2026-07-13T19:37:38Z,102
s002551,u0038,c010,tv,,2026-07-13T19:38:00Z,209
s002552,u0297,c002,tv,,2026-07-13T19:38:20Z,69
s002553,u0068,c021,web,,2026-07-13T19:39:21Z,27
s002554,u0025,c008,web,,2026-07-13T19:40:10Z,77
s002555,u0096,c052,mobile,5.2.0,2026-07-13T19:40:54Z,62
s002556,u0655,c001,mobile,5.2.0,2026-07-13T19:40:56Z,14
s002557,u0655,c001,mobile,5.2.0,2026-07-13T19:41:11Z,14
s002558,u0096,c052,mobile,5.2.0,2026-07-13T19:41:43Z,62
s002559,u0359,c017,mobile,5.2.0,2026-07-13T19:41:47Z,79
s002560,u0491,c002,web,,2026-07-13T19:41:59Z,35
s002561,u0616,c005,tv,,2026-07-13T19:42:05Z,62
s002562,u0616,c045,tv,,2026-07-13T19:42:19Z,127
s002563,u0623,c044,web,,2026-07-13T19:42:25Z,39
s002564,u0635,c017,web,,2026-07-13T19:42:41Z,96
s002565,u0459,c018,mobile,5.2.0,2026-07-13T19:43:55Z,9
s002566,u0049,c005,web,,2026-07-13T19:43:58Z,16
s002567,u0473,c019,web,,2026-07-13T19:44:37Z,35
s002568,u0747,c012,web,,2026-07-13T19:45:31Z,40
s002569,u0473,c012,web,,2026-07-13T19:46:13Z,9
s002570,u0448,c003,mobile,5.2.0,2026-07-13T19:46:18Z,18
s002571,u0096,c057,mobile,5.2.0,2026-07-13T19:47:41Z,15
s002572,u0356,c018,web,,2026-07-13T19:48:55Z,29
s002573,u0353,c016,tv,,2026-07-13T19:48:58Z,28
s002574,u0247,c020,mobile,5.2.0,2026-07-13T19:49:50Z,10
s002575,u0397,c006,mobile,5.2.0,2026-07-13T19:49:50Z,50
s002576,u0235,c043,web,,2026-07-13T19:50:14Z,99
s002577,u0655,c035,mobile,5.2.0,2026-07-13T19:50:15Z,21
s002578,u0320,c052,web,,2026-07-13T19:50:23Z,63
s002579,u0132,c005,tv,,2026-07-13T19:50:30Z,188
s002580,u0505,c059,web,,2026-07-13T19:50:39Z,20
s002581,u0206,c005,mobile,5.2.0,2026-07-13T19:51:07Z,15
s002582,u0659,c007,web,,2026-07-13T19:51:07Z,38
s002583,u0655,c035,mobile,5.2.0,2026-07-13T19:51:14Z,21
s002584,u0472,c032,tv,,2026-07-13T19:51:16Z,40
s002585,u0218,c051,mobile,5.2.0,2026-07-13T19:51:19Z,22
s002586,u0442,c008,tv,,2026-07-13T19:51:31Z,69
s002587,u0659,c012,mobile,5.2.0,2026-07-13T19:52:16Z,25
s002588,u0485,c022,tv,,2026-07-13T19:52:29Z,31
s002589,u0548,c003,mobile,5.2.0,2026-07-13T19:54:10Z,62
s002590,u0516,c020,mobile,5.2.0,2026-07-13T19:54:48Z,23
s002591,u0548,c003,mobile,5.2.0,2026-07-13T19:55:10Z,62
s002592,u0386,c013,mobile,5.2.0,2026-07-13T19:55:32Z,19
s002593,u0548,c003,mobile,5.2.0,2026-07-13T19:55:53Z,62
s002594,u0455,c011,mobile,5.2.0,2026-07-13T19:56:05Z,7
s002595,u0601,c004,tv,,2026-07-13T19:56:50Z,82
s002596,u0496,c001,web,,2026-07-13T19:57:23Z,7
s002597,u0563,c002,tv,,2026-07-13T19:58:16Z,72
s002598,u0211,c058,mobile,5.2.0,2026-07-13T19:58:51Z,9
s002599,u0416,c058,web,,2026-07-13T19:59:04Z,42
s002600,u0168,c039,tv,,2026-07-13T21:00:38Z,21
s002601,u0452,c002,mobile,5.2.0,2026-07-13T21:00:48Z,44
s002602,u0601,c002,tv,,2026-07-13T21:01:57Z,33
s002603,u0154,c002,web,,2026-07-13T21:02:40Z,70
s002604,u0687,c018,mobile,5.2.0,2026-07-13T21:03:15Z,15
s002605,u0354,c008,mobile,5.2.0,2026-07-13T21:05:51Z,12
s002606,u0354,c008,mobile,5.2.0,2026-07-13T21:06:03Z,12
s002607,u0354,c008,mobile,5.2.0,2026-07-13T21:06:15Z,12
s002608,u0478,c031,tv,,2026-07-13T21:07:21Z,83
s002609,u0173,c014,tv,,2026-07-13T21:08:03Z,96
s002610,u0530,c055,mobile,5.2.0,2026-07-13T21:08:19Z,4
s002611,u0022,c023,mobile,5.2.0,2026-07-13T21:08:30Z,25
s002612,u0530,c055,mobile,5.2.0,2026-07-13T21:09:10Z,4
s002613,u0455,c022,web,,2026-07-13T21:09:44Z,13
s002614,u0385,c004,web,,2026-07-13T21:10:01Z,62
s002615,u0409,c001,mobile,5.2.0,2026-07-13T21:10:09Z,25
s002616,u0752,c028,mobile,5.2.0,2026-07-13T21:11:23Z,25
s002617,u0227,c039,mobile,5.2.0,2026-07-13T21:11:44Z,23
s002618,u0407,c048,mobile,5.2.0,2026-07-13T21:11:53Z,21
s002619,u0407,c048,mobile,5.2.0,2026-07-13T21:12:02Z,21
s002620,u0407,c048,mobile,5.2.0,2026-07-13T21:12:14Z,21
s002621,u0227,c039,mobile,5.2.0,2026-07-13T21:12:36Z,23
s002622,u0390,c019,web,,2026-07-13T21:13:35Z,14
s002623,u0209,c040,tv,,2026-07-13T21:14:14Z,26
s002624,u0591,c026,mobile,5.2.0,2026-07-13T21:14:39Z,17
s002625,u0574,c011,mobile,5.2.0,2026-07-13T21:16:31Z,26
s002626,u0182,c005,web,,2026-07-13T21:17:16Z,19
s002627,u0279,c027,web,,2026-07-13T21:17:20Z,78
s002628,u0551,c009,mobile,5.2.0,2026-07-13T21:18:04Z,27
s002629,u0231,c001,mobile,5.2.0,2026-07-13T21:18:51Z,63
s002630,u0551,c009,mobile,5.2.0,2026-07-13T21:18:54Z,27
s002631,u0630,c046,mobile,5.2.0,2026-07-13T21:19:04Z,43
s002632,u0130,c018,tv,,2026-07-13T21:19:19Z,35
s002633,u0231,c001,mobile,5.2.0,2026-07-13T21:19:21Z,63
s002634,u0077,c022,mobile,5.2.0,2026-07-13T21:19:23Z,12
s002635,u0257,c001,mobile,5.2.0,2026-07-13T21:19:54Z,34
s002636,u0468,c020,tv,,2026-07-13T21:20:11Z,30
s002637,u0105,c031,web,,2026-07-13T21:20:51Z,26
s002638,u0589,c057,tv,,2026-07-13T21:21:00Z,58
s002639,u0459,c041,mobile,5.2.0,2026-07-13T21:21:06Z,22
s002640,u0624,c036,mobile,5.2.0,2026-07-13T21:21:42Z,12
s002641,u0459,c041,mobile,5.2.0,2026-07-13T21:21:43Z,22
s002642,u0426,c016,mobile,5.2.0,2026-07-13T21:22:18Z,19
s002643,u0161,c027,tv,,2026-07-13T21:22:29Z,12
s002644,u0593,c054,mobile,5.2.0,2026-07-13T21:22:30Z,25
s002645,u0344,c046,mobile,5.2.0,2026-07-13T21:22:53Z,12
s002646,u0344,c046,mobile,5.2.0,2026-07-13T21:23:27Z,12
s002647,u0344,c046,mobile,5.2.0,2026-07-13T21:23:55Z,12
s002648,u0515,c033,tv,,2026-07-13T21:24:09Z,69
s002649,u0359,c010,mobile,5.2.0,2026-07-13T21:24:59Z,19
s002650,u0359,c010,mobile,5.2.0,2026-07-13T21:25:48Z,19
s002651,u0091,c001,web,,2026-07-13T21:26:10Z,38
s002652,u0521,c059,mobile,5.2.0,2026-07-13T21:27:08Z,13
s002653,u0628,c024,tv,,2026-07-13T21:28:11Z,23
s002654,u0140,c032,tv,,2026-07-13T21:28:59Z,41
s002655,u0601,c014,web,,2026-07-13T21:30:28Z,53
s002656,u0677,c004,mobile,5.2.0,2026-07-13T21:30:28Z,28
s002657,u0512,c003,mobile,5.2.0,2026-07-13T21:30:42Z,36
s002658,u0677,c004,mobile,5.2.0,2026-07-13T21:31:22Z,28
s002659,u0244,c001,mobile,5.2.0,2026-07-13T21:32:12Z,23
s002660,u0340,c002,tv,,2026-07-13T21:32:17Z,31
s002661,u0324,c023,mobile,5.2.0,2026-07-13T21:32:26Z,28
s002662,u0046,c034,web,,2026-07-13T21:32:37Z,46
s002663,u0244,c001,mobile,5.2.0,2026-07-13T21:33:07Z,23
s002664,u0324,c023,mobile,5.2.0,2026-07-13T21:33:25Z,28
s002665,u0324,c023,mobile,5.2.0,2026-07-13T21:34:08Z,28
s002666,u0471,c002,web,,2026-07-13T21:34:34Z,53
s002667,u0218,c050,mobile,5.2.0,2026-07-13T21:34:38Z,36
s002668,u0731,c005,mobile,5.2.0,2026-07-13T21:36:12Z,29
s002669,u0199,c001,web,,2026-07-13T21:36:29Z,22
s002670,u0373,c032,mobile,5.2.0,2026-07-13T21:36:36Z,53
s002671,u0062,c023,mobile,5.2.0,2026-07-13T21:38:08Z,5
s002672,u0592,c007,web,,2026-07-13T21:38:14Z,44
s002673,u0704,c002,tv,,2026-07-13T21:39:25Z,25
s002674,u0681,c003,tv,,2026-07-13T21:39:26Z,45
s002675,u0491,c018,web,,2026-07-13T21:40:20Z,16
s002676,u0714,c006,mobile,5.2.0,2026-07-13T21:40:23Z,12
s002677,u0173,c003,tv,,2026-07-13T21:40:38Z,37
s002678,u0252,c029,mobile,5.2.0,2026-07-13T21:41:07Z,28
s002679,u0301,c002,mobile,5.2.0,2026-07-13T21:41:57Z,33
s002680,u0194,c005,web,,2026-07-13T21:42:03Z,56
s002681,u0301,c002,mobile,5.2.0,2026-07-13T21:42:50Z,33
s002682,u0161,c010,tv,,2026-07-13T21:43:08Z,15
s002683,u0400,c016,mobile,5.2.0,2026-07-13T21:44:06Z,9
s002684,u0250,c059,mobile,5.2.0,2026-07-13T21:44:10Z,11
s002685,u0400,c016,mobile,5.2.0,2026-07-13T21:44:23Z,9
s002686,u0225,c001,web,,2026-07-13T21:45:03Z,26
s002687,u0671,c002,mobile,5.2.0,2026-07-13T21:46:06Z,23
s002688,u0671,c002,mobile,5.2.0,2026-07-13T21:46:10Z,23
s002689,u0391,c010,web,,2026-07-13T21:46:12Z,35
s002690,u0671,c002,mobile,5.2.0,2026-07-13T21:46:51Z,23
s002691,u0506,c010,mobile,5.2.0,2026-07-13T21:47:06Z,41
s002692,u0675,c038,tv,,2026-07-13T21:47:21Z,88
s002693,u0681,c017,tv,,2026-07-13T21:48:39Z,67
s002694,u0659,c001,web,,2026-07-13T21:50:49Z,95
s002695,u0247,c002,mobile,5.2.0,2026-07-13T21:51:08Z,21
s002696,u0103,c003,tv,,2026-07-13T21:52:32Z,72
s002697,u0018,c015,web,,2026-07-13T21:52:33Z,59
s002698,u0457,c007,tv,,2026-07-13T21:53:11Z,44
s002699,u0407,c005,mobile,5.2.0,2026-07-13T21:53:50Z,6
s002700,u0349,c003,tv,,2026-07-13T21:54:32Z,35
s002701,u0472,c009,mobile,5.2.0,2026-07-13T21:54:39Z,22
s002702,u0472,c009,mobile,5.2.0,2026-07-13T21:55:00Z,22
s002703,u0623,c057,tv,,2026-07-13T21:55:52Z,66
s002704,u0468,c020,tv,,2026-07-13T21:56:17Z,37
s002705,u0283,c011,mobile,5.2.0,2026-07-13T21:57:08Z,21
s002706,u0601,c042,tv,,2026-07-13T21:58:07Z,73
s002707,u0541,c001,tv,,2026-07-13T21:58:21Z,23
s002708,u0297,c007,web,,2026-07-13T21:59:15Z,68
s002709,u0194,c003,web,,2026-07-13T21:59:24Z,75
s002710,u0110,c005,mobile,5.2.0,2026-07-13T21:59:34Z,29
s002711,u0540,c003,tv,,2026-07-13T23:01:49Z,38
s002712,u0701,c041,mobile,5.2.0,2026-07-13T23:02:42Z,27
s002713,u0138,c006,mobile,5.2.0,2026-07-13T23:04:47Z,9
s002714,u0663,c027,web,,2026-07-13T23:05:01Z,147
s002715,u0756,c028,mobile,5.2.0,2026-07-13T23:05:18Z,13
s002716,u0150,c013,tv,,2026-07-13T23:05:21Z,50
s002717,u0138,c006,mobile,5.2.0,2026-07-13T23:05:38Z,9
s002718,u0637,c057,mobile,5.2.0,2026-07-13T23:07:03Z,21
s002719,u0046,c002,web,,2026-07-13T23:13:30Z,44
s002720,u0718,c002,mobile,5.2.0,2026-07-13T23:13:46Z,17
s002721,u0472,c053,mobile,5.2.0,2026-07-13T23:18:25Z,67
s002722,u0472,c053,mobile,5.2.0,2026-07-13T23:19:04Z,67
s002723,u0078,c002,web,,2026-07-13T23:19:10Z,15
s002724,u0022,c005,mobile,5.2.0,2026-07-13T23:21:17Z,20
s002725,u0111,c012,mobile,5.2.0,2026-07-13T23:22:03Z,3
s002726,u0663,c056,web,,2026-07-13T23:22:38Z,152
s002727,u0179,c001,tv,,2026-07-13T23:25:58Z,13
s002728,u0575,c053,mobile,5.2.0,2026-07-13T23:32:11Z,70
s002729,u0278,c010,mobile,5.2.0,2026-07-13T23:33:20Z,18
s002730,u0288,c009,web,,2026-07-13T23:34:57Z,17
s002731,u0376,c001,mobile,5.2.0,2026-07-13T23:35:37Z,18
s002732,u0311,c018,mobile,5.2.0,2026-07-13T23:37:54Z,25
s002733,u0527,c016,tv,,2026-07-13T23:39:21Z,35
s002734,u0715,c001,mobile,5.2.0,2026-07-13T23:44:01Z,20
s002735,u0449,c054,mobile,5.2.0,2026-07-13T23:44:54Z,13
s002736,u0449,c054,mobile,5.2.0,2026-07-13T23:45:51Z,13
s002737,u0719,c014,mobile,5.2.0,2026-07-13T23:48:16Z,18
s002738,u0296,c023,mobile,5.2.0,2026-07-13T23:48:53Z,14
s002739,u0296,c023,mobile,5.2.0,2026-07-13T23:49:48Z,14
s002740,u0353,c003,mobile,5.2.0,2026-07-13T23:50:48Z,18
s002741,u0353,c003,mobile,5.2.0,2026-07-13T23:51:28Z,18
s002742,u0353,c003,mobile,5.2.0,2026-07-13T23:52:11Z,18
s002743,u0563,c044,mobile,5.2.0,2026-07-13T23:52:58Z,29
s002744,u0563,c044,mobile,5.2.0,2026-07-13T23:53:05Z,29
s002745,u0097,c003,mobile,5.2.0,2026-07-14T08:07:00Z,8
s002746,u0590,c002,tv,,2026-07-14T08:09:08Z,42
s002747,u0162,c024,mobile,5.2.0,2026-07-14T08:13:35Z,17
s002748,u0574,c017,mobile,5.2.0,2026-07-14T08:15:12Z,9
s002749,u0574,c017,mobile,5.2.0,2026-07-14T08:16:00Z,9
s002750,u0532,c015,web,,2026-07-14T08:17:48Z,27
s002751,u0419,c001,web,,2026-07-14T08:20:25Z,36
s002752,u0182,c040,web,,2026-07-14T08:24:29Z,28
s002753,u0304,c001,mobile,5.2.0,2026-07-14T08:27:19Z,18
s002754,u0304,c001,mobile,5.2.0,2026-07-14T08:28:19Z,18
s002755,u0304,c001,mobile,5.2.0,2026-07-14T08:29:11Z,18
s002756,u0761,c002,tv,,2026-07-14T08:33:12Z,89
s002757,u0605,c010,tv,,2026-07-14T08:35:10Z,67
s002758,u0190,c001,mobile,5.2.0,2026-07-14T08:39:31Z,31
s002759,u0615,c001,mobile,5.2.0,2026-07-14T08:40:35Z,28
s002760,u0626,c004,tv,,2026-07-14T08:42:34Z,61
s002761,u0263,c001,mobile,5.2.0,2026-07-14T08:46:55Z,30
s002762,u0462,c004,mobile,5.2.0,2026-07-14T08:47:24Z,26
s002763,u0263,c001,mobile,5.2.0,2026-07-14T08:47:29Z,30
s002764,u0462,c004,mobile,5.2.0,2026-07-14T08:48:03Z,26
s002765,u0396,c032,tv,,2026-07-14T08:50:13Z,21
s002766,u0068,c005,mobile,5.2.0,2026-07-14T12:05:04Z,21
s002767,u0699,c013,mobile,5.2.0,2026-07-14T12:05:13Z,34
s002768,u0735,c023,mobile,5.2.0,2026-07-14T12:08:33Z,16
s002769,u0032,c002,tv,,2026-07-14T12:11:30Z,110
s002770,u0460,c004,mobile,5.2.0,2026-07-14T12:17:58Z,40
s002771,u0460,c004,mobile,5.2.0,2026-07-14T12:18:18Z,40
s002772,u0460,c004,mobile,5.2.0,2026-07-14T12:19:01Z,40
s002773,u0716,c049,tv,,2026-07-14T12:19:10Z,100
s002774,u0744,c035,tv,,2026-07-14T12:20:21Z,20
s002775,u0226,c005,mobile,5.2.0,2026-07-14T12:24:53Z,15
s002776,u0226,c005,mobile,5.2.0,2026-07-14T12:25:43Z,15
s002777,u0330,c006,web,,2026-07-14T12:27:47Z,39
s002778,u0355,c004,web,,2026-07-14T12:28:31Z,50
s002779,u0446,c004,web,,2026-07-14T12:36:26Z,14
s002780,u0397,c007,tv,,2026-07-14T12:39:04Z,43
s002781,u0663,c001,mobile,5.2.0,2026-07-14T12:39:32Z,32
s002782,u0663,c001,mobile,5.2.0,2026-07-14T12:40:22Z,32
s002783,u0111,c060,mobile,5.2.0,2026-07-14T12:40:38Z,30
s002784,u0623,c001,web,,2026-07-14T12:48:10Z,41
s002785,u0534,c001,tv,,2026-07-14T12:48:37Z,25
s002786,u0700,c025,tv,,2026-07-14T12:49:22Z,76
s002787,u0106,c026,tv,,2026-07-14T12:49:52Z,126
s002788,u0011,c041,tv,,2026-07-14T12:49:54Z,16
s002789,u0354,c039,mobile,5.2.0,2026-07-14T12:51:13Z,11
s002790,u0555,c001,mobile,5.2.0,2026-07-14T12:52:03Z,17
s002791,u0355,c001,web,,2026-07-14T12:52:09Z,58
s002792,u0555,c001,mobile,5.2.0,2026-07-14T12:52:20Z,17
s002793,u0460,c001,mobile,5.2.0,2026-07-14T12:55:31Z,21
s002794,u0317,c019,web,,2026-07-14T12:56:01Z,83
s002795,u0530,c007,mobile,5.2.0,2026-07-14T12:59:18Z,12
s002796,u0434,c001,mobile,5.2.0,2026-07-14T17:00:40Z,10
s002797,u0434,c001,mobile,5.2.0,2026-07-14T17:01:32Z,10
s002798,u0426,c002,mobile,5.2.0,2026-07-14T17:01:44Z,9
s002799,u0434,c001,mobile,5.2.0,2026-07-14T17:02:06Z,10
s002800,u0371,c013,mobile,5.2.0,2026-07-14T17:02:27Z,39
s002801,u0371,c013,mobile,5.2.0,2026-07-14T17:02:45Z,39
s002802,u0136,c019,mobile,5.2.0,2026-07-14T17:03:37Z,17
s002803,u0634,c024,tv,,2026-07-14T17:03:41Z,75
s002804,u0704,c023,tv,,2026-07-14T17:03:57Z,30
s002805,u0049,c010,web,,2026-07-14T17:05:20Z,23
s002806,u0769,c006,web,,2026-07-14T17:06:16Z,33
s002807,u0559,c030,mobile,5.2.0,2026-07-14T17:06:18Z,87
s002808,u0559,c030,mobile,5.2.0,2026-07-14T17:07:03Z,87
s002809,u0559,c030,mobile,5.2.0,2026-07-14T17:07:24Z,87
s002810,u0356,c056,web,,2026-07-14T17:08:00Z,39
s002811,u0028,c001,tv,,2026-07-14T17:09:21Z,45
s002812,u0650,c003,mobile,5.2.0,2026-07-14T17:09:23Z,34
s002813,u0101,c003,tv,,2026-07-14T17:11:33Z,33
s002814,u0248,c001,mobile,5.2.0,2026-07-14T17:12:39Z,12
s002815,u0272,c013,tv,,2026-07-14T17:12:44Z,19
s002816,u0663,c010,tv,,2026-07-14T17:12:46Z,240
s002817,u0248,c001,mobile,5.2.0,2026-07-14T17:12:58Z,12
s002818,u0750,c021,tv,,2026-07-14T17:13:03Z,15
s002819,u0248,c001,mobile,5.2.0,2026-07-14T17:13:25Z,12
s002820,u0386,c038,mobile,5.2.0,2026-07-14T17:14:42Z,21
s002821,u0663,c044,web,,2026-07-14T17:17:30Z,33
s002822,u0415,c032,tv,,2026-07-14T17:18:26Z,32
s002823,u0175,c001,web,,2026-07-14T17:19:41Z,45
s002824,u0704,c009,mobile,5.2.0,2026-07-14T17:19:53Z,12
s002825,u0704,c009,mobile,5.2.0,2026-07-14T17:20:46Z,12
s002826,u0555,c013,mobile,5.2.0,2026-07-14T17:21:35Z,42
s002827,u0731,c057,mobile,5.2.0,2026-07-14T17:23:55Z,15
s002828,u0731,c057,mobile,5.2.0,2026-07-14T17:24:10Z,15
s002829,u0570,c002,mobile,5.2.0,2026-07-14T17:25:25Z,7
s002830,u0575,c005,tv,,2026-07-14T17:25:29Z,204
s002831,u0213,c003,web,,2026-07-14T17:26:20Z,13
s002832,u0421,c001,mobile,5.2.0,2026-07-14T17:29:20Z,9
s002833,u0179,c004,tv,,2026-07-14T17:29:38Z,45
s002834,u0162,c012,mobile,5.2.0,2026-07-14T17:29:58Z,14
s002835,u0162,c012,mobile,5.2.0,2026-07-14T17:30:26Z,14
s002836,u0283,c036,mobile,5.2.0,2026-07-14T17:33:42Z,81
s002837,u0420,c003,web,,2026-07-14T17:34:50Z,28
s002838,u0451,c025,mobile,5.2.0,2026-07-14T17:35:03Z,33
s002839,u0523,c025,web,,2026-07-14T17:35:07Z,23
s002840,u0451,c025,mobile,5.2.0,2026-07-14T17:35:27Z,33
s002841,u0390,c060,web,,2026-07-14T17:35:51Z,13
s002842,u0328,c001,mobile,5.2.0,2026-07-14T17:37:02Z,14
s002843,u0699,c019,mobile,5.2.0,2026-07-14T17:37:18Z,22
s002844,u0576,c015,web,,2026-07-14T17:38:01Z,38
s002845,u0681,c004,tv,,2026-07-14T17:38:12Z,80
s002846,u0415,c005,mobile,5.2.0,2026-07-14T17:39:11Z,24
s002847,u0054,c025,web,,2026-07-14T17:40:10Z,35
s002848,u0647,c002,web,,2026-07-14T17:40:24Z,11
s002849,u0288,c002,web,,2026-07-14T17:40:30Z,54
s002850,u0218,c003,mobile,5.2.0,2026-07-14T17:42:56Z,25
s002851,u0476,c001,tv,,2026-07-14T17:44:02Z,26
s002852,u0225,c053,web,,2026-07-14T17:45:59Z,26
s002853,u0036,c005,web,,2026-07-14T17:46:36Z,20
s002854,u0029,c025,tv,,2026-07-14T17:49:36Z,35
s002855,u0019,c011,mobile,5.2.0,2026-07-14T17:52:38Z,15
s002856,u0365,c015,web,,2026-07-14T17:53:30Z,151
s002857,u0355,c008,web,,2026-07-14T17:54:36Z,58
s002858,u0118,c003,web,,2026-07-14T17:55:28Z,53
s002859,u0263,c001,mobile,5.2.0,2026-07-14T17:55:44Z,5
s002860,u0101,c018,web,,2026-07-14T17:58:22Z,27
s002861,u0121,c013,tv,,2026-07-14T17:58:23Z,82
s002862,u0699,c010,mobile,5.2.0,2026-07-14T19:00:08Z,9
s002863,u0704,c002,tv,,2026-07-14T19:00:12Z,50
s002864,u0042,c010,tv,,2026-07-14T19:00:44Z,43
s002865,u0115,c038,mobile,5.2.0,2026-07-14T19:00:49Z,34
s002866,u0503,c021,mobile,5.2.0,2026-07-14T19:00:57Z,24
s002867,u0503,c021,mobile,5.2.0,2026-07-14T19:01:03Z,24
s002868,u0120,c015,tv,,2026-07-14T19:02:39Z,82
s002869,u0183,c002,tv,,2026-07-14T19:03:16Z,83
s002870,u0198,c021,mobile,5.2.0,2026-07-14T19:03:44Z,26
s002871,u0010,c001,tv,,2026-07-14T19:05:56Z,15
s002872,u0066,c057,mobile,5.2.0,2026-07-14T19:06:36Z,7
s002873,u0058,c013,mobile,5.2.0,2026-07-14T19:06:41Z,10
s002874,u0218,c004,mobile,5.2.0,2026-07-14T19:06:55Z,41
s002875,u0029,c035,tv,,2026-07-14T19:08:13Z,167
s002876,u0166,c010,web,,2026-07-14T19:08:51Z,81
s002877,u0616,c001,tv,,2026-07-14T19:10:24Z,51
s002878,u0703,c012,mobile,5.2.0,2026-07-14T19:11:44Z,47
s002879,u0131,c046,mobile,5.2.0,2026-07-14T19:11:55Z,21
s002880,u0640,c027,web,,2026-07-14T19:12:57Z,85
s002881,u0495,c022,web,,2026-07-14T19:13:16Z,70
s002882,u0663,c057,web,,2026-07-14T19:13:47Z,81
s002883,u0576,c037,web,,2026-07-14T19:15:05Z,153
s002884,u0027,c006,web,,2026-07-14T19:15:12Z,41
s002885,u0448,c006,mobile,5.2.0,2026-07-14T19:15:15Z,15
s002886,u0058,c041,web,,2026-07-14T19:15:30Z,94
s002887,u0448,c006,mobile,5.2.0,2026-07-14T19:15:47Z,15
s002888,u0146,c004,mobile,5.2.0,2026-07-14T19:15:58Z,14
s002889,u0283,c012,mobile,5.2.0,2026-07-14T19:17:07Z,19
s002890,u0360,c005,tv,,2026-07-14T19:17:28Z,40
s002891,u0283,c012,mobile,5.2.0,2026-07-14T19:18:06Z,19
s002892,u0173,c026,tv,,2026-07-14T19:18:17Z,33
s002893,u0352,c002,tv,,2026-07-14T19:18:56Z,66
s002894,u0081,c033,tv,,2026-07-14T19:19:03Z,73
s002895,u0562,c011,tv,,2026-07-14T19:19:25Z,23
s002896,u0246,c002,mobile,5.2.0,2026-07-14T19:20:19Z,11
s002897,u0656,c022,tv,,2026-07-14T19:22:06Z,23
s002898,u0004,c050,web,,2026-07-14T19:23:45Z,45
s002899,u0547,c051,mobile,5.2.0,2026-07-14T19:24:37Z,10
s002900,u0292,c001,tv,,2026-07-14T19:24:38Z,74
s002901,u0547,c051,mobile,5.2.0,2026-07-14T19:24:55Z,10
s002902,u0270,c003,mobile,5.2.0,2026-07-14T19:25:08Z,16
s002903,u0409,c042,web,,2026-07-14T19:26:26Z,14
s002904,u0105,c011,web,,2026-07-14T19:28:03Z,68
s002905,u0444,c007,mobile,5.2.0,2026-07-14T19:28:24Z,16
s002906,u0275,c026,web,,2026-07-14T19:29:49Z,97
s002907,u0484,c001,mobile,5.2.0,2026-07-14T19:30:04Z,7
s002908,u0110,c027,mobile,5.2.0,2026-07-14T19:30:53Z,88
s002909,u0437,c016,mobile,5.2.0,2026-07-14T19:31:02Z,7
s002910,u0670,c020,tv,,2026-07-14T19:31:43Z,115
s002911,u0318,c027,tv,,2026-07-14T19:32:55Z,17
s002912,u0581,c053,mobile,5.2.0,2026-07-14T19:33:20Z,14
s002913,u0375,c007,tv,,2026-07-14T19:33:56Z,96
s002914,u0581,c053,mobile,5.2.0,2026-07-14T19:34:02Z,14
s002915,u0581,c053,mobile,5.2.0,2026-07-14T19:34:11Z,14
s002916,u0162,c002,mobile,5.2.0,2026-07-14T19:34:59Z,28
s002917,u0408,c003,tv,,2026-07-14T19:35:02Z,41
s002918,u0337,c003,tv,,2026-07-14T19:35:28Z,102
s002919,u0718,c038,mobile,5.2.0,2026-07-14T19:35:30Z,18
s002920,u0162,c002,mobile,5.2.0,2026-07-14T19:35:31Z,28
s002921,u0449,c008,tv,,2026-07-14T19:35:40Z,65
s002922,u0594,c006,tv,,2026-07-14T19:35:40Z,42
s002923,u0162,c002,mobile,5.2.0,2026-07-14T19:36:03Z,28
s002924,u0181,c050,web,,2026-07-14T19:37:48Z,66
s002925,u0760,c009,mobile,5.2.0,2026-07-14T19:38:39Z,35
s002926,u0760,c009,mobile,5.2.0,2026-07-14T19:39:11Z,35
s002927,u0060,c017,tv,,2026-07-14T19:40:20Z,21
s002928,u0625,c036,web,,2026-07-14T19:40:54Z,10
s002929,u0118,c019,web,,2026-07-14T19:41:11Z,130
s002930,u0521,c043,mobile,5.2.0,2026-07-14T19:41:21Z,30
s002931,u0066,c046,web,,2026-07-14T19:41:32Z,29
s002932,u0269,c001,web,,2026-07-14T19:42:00Z,42
s002933,u0173,c022,web,,2026-07-14T19:42:29Z,25
s002934,u0760,c003,tv,,2026-07-14T19:43:01Z,12
s002935,u0497,c004,mobile,5.2.0,2026-07-14T19:43:18Z,21
s002936,u0393,c006,mobile,5.2.0,2026-07-14T19:45:01Z,43
s002937,u0318,c010,tv,,2026-07-14T19:45:02Z,70
s002938,u0128,c018,tv,,2026-07-14T19:45:15Z,39
s002939,u0400,c003,mobile,5.2.0,2026-07-14T19:45:42Z,17
s002940,u0686,c012,tv,,2026-07-14T19:47:20Z,53
s002941,u0608,c006,web,,2026-07-14T19:47:28Z,40
s002942,u0430,c018,mobile,5.2.0,2026-07-14T19:51:09Z,17
s002943,u0138,c014,mobile,5.2.0,2026-07-14T19:51:39Z,23
s002944,u0138,c014,mobile,5.2.0,2026-07-14T19:51:55Z,23
s002945,u0759,c012,tv,,2026-07-14T19:52:15Z,20
s002946,u0065,c023,mobile,5.2.0,2026-07-14T19:54:20Z,11
s002947,u0149,c037,tv,,2026-07-14T19:54:51Z,86
s002948,u0065,c023,mobile,5.2.0,2026-07-14T19:55:04Z,11
s002949,u0095,c015,web,,2026-07-14T19:55:13Z,28
s002950,u0325,c015,mobile,5.2.0,2026-07-14T19:55:27Z,63
s002951,u0018,c005,web,,2026-07-14T19:55:43Z,93
s002952,u0325,c015,mobile,5.2.0,2026-07-14T19:55:56Z,63
s002953,u0160,c027,tv,,2026-07-14T19:56:03Z,83
s002954,u0206,c020,mobile,5.2.0,2026-07-14T19:57:17Z,53
s002955,u0631,c001,mobile,5.2.0,2026-07-14T19:57:21Z,45
s002956,u0584,c019,mobile,5.2.0,2026-07-14T19:57:55Z,14
s002957,u0644,c032,web,,2026-07-14T19:58:20Z,35
s002958,u0053,c032,tv,,2026-07-14T19:58:21Z,46
s002959,u0590,c001,tv,,2026-07-14T19:58:46Z,36
s002960,u0731,c007,mobile,5.2.0,2026-07-14T19:59:09Z,33
s002961,u0731,c007,mobile,5.2.0,2026-07-14T19:59:21Z,33
s002962,u0480,c016,web,,2026-07-14T21:00:16Z,5
s002963,u0668,c021,mobile,5.2.0,2026-07-14T21:00:23Z,47
s002964,u0540,c040,tv,,2026-07-14T21:05:35Z,63
s002965,u0756,c038,web,,2026-07-14T21:06:52Z,39
s002966,u0420,c002,web,,2026-07-14T21:09:31Z,112
s002967,u0439,c020,mobile,5.2.0,2026-07-14T21:09:59Z,8
s002968,u0742,c002,tv,,2026-07-14T21:10:19Z,114
s002969,u0508,c019,web,,2026-07-14T21:10:28Z,81
s002970,u0340,c001,tv,,2026-07-14T21:10:41Z,97
s002971,u0130,c001,tv,,2026-07-14T21:11:35Z,52
s002972,u0400,c004,mobile,5.2.0,2026-07-14T21:11:35Z,22
s002973,u0529,c037,mobile,5.2.0,2026-07-14T21:11:53Z,12
s002974,u0529,c037,mobile,5.2.0,2026-07-14T21:11:57Z,12
s002975,u0400,c004,mobile,5.2.0,2026-07-14T21:12:22Z,22
s002976,u0655,c026,mobile,5.2.0,2026-07-14T21:13:16Z,43
s002977,u0168,c043,tv,,2026-07-14T21:13:46Z,35
s002978,u0053,c001,mobile,5.2.0,2026-07-14T21:14:04Z,8
s002979,u0541,c029,mobile,5.2.0,2026-07-14T21:14:10Z,19
s002980,u0417,c037,mobile,5.2.0,2026-07-14T21:14:25Z,18
s002981,u0025,c040,mobile,5.2.0,2026-07-14T21:14:30Z,60
s002982,u0774,c003,mobile,5.2.0,2026-07-14T21:15:12Z,50
s002983,u0025,c040,mobile,5.2.0,2026-07-14T21:15:24Z,60
s002984,u0239,c012,tv,,2026-07-14T21:15:58Z,114
s002985,u0562,c023,mobile,5.2.0,2026-07-14T21:16:21Z,27
s002986,u0196,c035,tv,,2026-07-14T21:17:46Z,62
s002987,u0103,c046,tv,,2026-07-14T21:20:28Z,48
s002988,u0333,c050,mobile,5.2.0,2026-07-14T21:21:50Z,30
s002989,u0478,c004,tv,,2026-07-14T21:23:23Z,57
s002990,u0177,c017,tv,,2026-07-14T21:23:45Z,94
s002991,u0121,c046,mobile,5.2.0,2026-07-14T21:24:11Z,17
s002992,u0202,c013,tv,,2026-07-14T21:24:38Z,54
s002993,u0078,c001,web,,2026-07-14T21:25:38Z,62
s002994,u0286,c043,mobile,5.2.0,2026-07-14T21:25:58Z,10
s002995,u0723,c011,mobile,5.2.0,2026-07-14T21:26:10Z,19
s002996,u0355,c004,web,,2026-07-14T21:27:50Z,35
s002997,u0545,c001,web,,2026-07-14T21:28:17Z,64
s002998,u0031,c006,mobile,5.2.0,2026-07-14T21:28:27Z,39
s002999,u0718,c036,mobile,5.2.0,2026-07-14T21:28:45Z,59
s003000,u0718,c036,mobile,5.2.0,2026-07-14T21:29:39Z,59
s003001,u0615,c005,mobile,5.2.0,2026-07-14T21:31:02Z,27
s003002,u0105,c001,web,,2026-07-14T21:31:37Z,85
s003003,u0615,c005,mobile,5.2.0,2026-07-14T21:31:38Z,27
s003004,u0151,c024,mobile,5.2.0,2026-07-14T21:34:09Z,26
s003005,u0151,c024,mobile,5.2.0,2026-07-14T21:34:41Z,26
s003006,u0469,c054,mobile,5.2.0,2026-07-14T21:34:57Z,12
s003007,u0570,c020,mobile,5.2.0,2026-07-14T21:38:51Z,26
s003008,u0151,c004,mobile,5.2.0,2026-07-14T21:39:04Z,47
s003009,u0624,c019,mobile,5.2.0,2026-07-14T21:39:09Z,31
s003010,u0624,c019,mobile,5.2.0,2026-07-14T21:39:54Z,31
s003011,u0427,c027,web,,2026-07-14T21:40:00Z,17
s003012,u0624,c019,mobile,5.2.0,2026-07-14T21:40:20Z,31
s003013,u0045,c007,mobile,5.2.0,2026-07-14T21:44:18Z,16
s003014,u0753,c012,tv,,2026-07-14T21:44:18Z,52
s003015,u0434,c007,tv,,2026-07-14T21:45:14Z,52
s003016,u0112,c001,web,,2026-07-14T21:46:57Z,18
s003017,u0300,c016,mobile,5.2.0,2026-07-14T21:48:07Z,47
s003018,u0556,c004,tv,,2026-07-14T21:48:26Z,51
s003019,u0115,c011,mobile,5.2.0,2026-07-14T21:51:35Z,16
s003020,u0057,c001,mobile,5.2.0,2026-07-14T21:51:50Z,10
s003021,u0226,c001,mobile,5.2.0,2026-07-14T21:51:54Z,25
s003022,u0015,c015,tv,,2026-07-14T21:52:44Z,48
s003023,u0226,c001,mobile,5.2.0,2026-07-14T21:52:49Z,25
s003024,u0226,c001,mobile,5.2.0,2026-07-14T21:53:24Z,25
s003025,u0152,c028,web,,2026-07-14T21:55:05Z,38
s003026,u0231,c055,mobile,5.2.0,2026-07-14T21:55:25Z,25
s003027,u0178,c050,mobile,5.2.0,2026-07-14T21:56:19Z,28
s003028,u0178,c050,mobile,5.2.0,2026-07-14T21:56:51Z,28
s003029,u0248,c046,web,,2026-07-14T21:57:07Z,82
s003030,u0198,c015,mobile,5.2.0,2026-07-14T21:57:48Z,38
s003031,u0376,c003,tv,,2026-07-14T21:57:58Z,213
s003032,u0575,c001,tv,,2026-07-14T21:58:23Z,240
s003033,u0375,c002,tv,,2026-07-14T21:59:48Z,24
s003034,u0008,c005,mobile,5.2.0,2026-07-14T23:02:04Z,11
s003035,u0442,c052,web,,2026-07-14T23:02:16Z,64
s003036,u0103,c017,tv,,2026-07-14T23:02:45Z,107
s003037,u0643,c003,tv,,2026-07-14T23:03:27Z,48
s003038,u0512,c001,mobile,5.2.0,2026-07-14T23:06:59Z,240
s003039,u0465,c010,web,,2026-07-14T23:08:31Z,41
s003040,u0431,c020,mobile,5.2.0,2026-07-14T23:09:25Z,18
s003041,u0381,c010,mobile,5.2.0,2026-07-14T23:13:30Z,22
s003042,u0381,c010,mobile,5.2.0,2026-07-14T23:13:42Z,22
s003043,u0049,c001,web,,2026-07-14T23:13:43Z,44
s003044,u0035,c003,web,,2026-07-14T23:15:30Z,23
s003045,u0716,c038,tv,,2026-07-14T23:22:05Z,21
s003046,u0080,c029,tv,,2026-07-14T23:22:37Z,37
s003047,u0088,c015,mobile,5.2.0,2026-07-14T23:25:05Z,83
s003048,u0088,c015,mobile,5.2.0,2026-07-14T23:25:54Z,83
s003049,u0012,c005,web,,2026-07-14T23:26:10Z,51
s003050,u0088,c015,mobile,5.2.0,2026-07-14T23:26:23Z,83
s003051,u0321,c007,web,,2026-07-14T23:29:01Z,24
s003052,u0061,c007,mobile,5.2.0,2026-07-14T23:30:33Z,55
s003053,u0619,c017,mobile,5.2.0,2026-07-14T23:34:06Z,53
s003054,u0314,c004,tv,,2026-07-14T23:35:08Z,50
s003055,u0579,c036,mobile,5.2.0,2026-07-14T23:36:20Z,14
s003056,u0579,c036,mobile,5.2.0,2026-07-14T23:36:47Z,14
s003057,u0126,c006,mobile,5.2.0,2026-07-14T23:37:16Z,13
s003058,u0126,c006,mobile,5.2.0,2026-07-14T23:37:24Z,13
s003059,u0772,c001,mobile,5.2.0,2026-07-14T23:37:28Z,27
s003060,u0651,c004,mobile,5.2.0,2026-07-14T23:37:43Z,24
s003061,u0126,c006,mobile,5.2.0,2026-07-14T23:37:52Z,13
s003062,u0651,c004,mobile,5.2.0,2026-07-14T23:38:20Z,24
s003063,u0028,c046,web,,2026-07-14T23:41:48Z,29
s003064,u0699,c006,mobile,5.2.0,2026-07-14T23:43:00Z,23
s003065,u0331,c031,mobile,5.2.0,2026-07-14T23:44:36Z,18
s003066,u0733,c016,tv,,2026-07-14T23:45:07Z,49
s003067,u0523,c002,web,,2026-07-14T23:45:31Z,42
s003068,u0569,c033,web,,2026-07-14T23:46:00Z,35
s003069,u0656,c006,tv,,2026-07-14T23:46:17Z,97
s003070,u0306,c005,mobile,5.2.0,2026-07-14T23:46:33Z,27
s003071,u0414,c001,mobile,5.2.0,2026-07-14T23:46:34Z,18
s003072,u0390,c012,web,,2026-07-14T23:47:28Z,60
s003073,u0719,c005,mobile,5.2.0,2026-07-14T23:47:39Z,15
s003074,u0774,c059,mobile,5.2.0,2026-07-14T23:47:48Z,32
s003075,u0719,c005,mobile,5.2.0,2026-07-14T23:48:02Z,15
s003076,u0324,c012,tv,,2026-07-14T23:48:04Z,46
s003077,u0415,c011,tv,,2026-07-14T23:48:05Z,36
s003078,u0081,c003,tv,,2026-07-14T23:48:10Z,47
s003079,u0426,c035,mobile,5.2.0,2026-07-14T23:54:50Z,17
s003080,u0419,c006,mobile,5.2.0,2026-07-15T08:00:06Z,23
s003081,u0131,c008,mobile,5.2.0,2026-07-15T08:02:07Z,28
s003082,u0454,c004,tv,,2026-07-15T08:03:08Z,22
s003083,u0648,c010,mobile,5.2.0,2026-07-15T08:07:14Z,19
s003084,u0716,c027,tv,,2026-07-15T08:11:59Z,86
s003085,u0650,c008,mobile,5.2.0,2026-07-15T08:13:05Z,10
s003086,u0650,c008,mobile,5.2.0,2026-07-15T08:13:28Z,10
s003087,u0368,c042,mobile,5.2.0,2026-07-15T08:17:47Z,19
s003088,u0608,c007,web,,2026-07-15T08:18:15Z,47
s003089,u0515,c058,mobile,5.2.0,2026-07-15T08:18:33Z,43
s003090,u0515,c058,mobile,5.2.0,2026-07-15T08:18:57Z,43
s003091,u0510,c002,mobile,5.2.0,2026-07-15T08:24:38Z,27
s003092,u0624,c012,mobile,5.2.0,2026-07-15T08:29:53Z,13
s003093,u0773,c006,mobile,5.2.0,2026-07-15T08:35:38Z,14
s003094,u0248,c009,mobile,5.2.0,2026-07-15T08:44:17Z,21
s003095,u0344,c001,mobile,5.2.0,2026-07-15T08:49:15Z,39
s003096,u0344,c001,mobile,5.2.0,2026-07-15T08:49:20Z,39
s003097,u0112,c003,tv,,2026-07-15T08:54:54Z,58
s003098,u0296,c042,mobile,5.2.0,2026-07-15T08:55:36Z,10
s003099,u0468,c003,tv,,2026-07-15T08:56:28Z,127
s003100,u0587,c015,mobile,5.2.0,2026-07-15T12:07:39Z,14
s003101,u0009,c006,web,,2026-07-15T12:17:12Z,43
s003102,u0503,c001,mobile,5.2.0,2026-07-15T12:19:35Z,35
s003103,u0338,c017,mobile,5.2.0,2026-07-15T12:21:10Z,113
s003104,u0714,c047,mobile,5.2.0,2026-07-15T12:22:00Z,11
s003105,u0589,c004,tv,,2026-07-15T12:22:07Z,20
s003106,u0282,c002,mobile,5.2.0,2026-07-15T12:26:29Z,9
s003107,u0410,c001,web,,2026-07-15T12:28:33Z,14
s003108,u0247,c042,mobile,5.2.0,2026-07-15T12:28:41Z,6
s003109,u0283,c002,mobile,5.2.0,2026-07-15T12:30:09Z,34
s003110,u0688,c040,mobile,5.2.0,2026-07-15T12:30:16Z,44
s003111,u0131,c004,mobile,5.2.0,2026-07-15T12:32:18Z,16
s003112,u0131,c004,mobile,5.2.0,2026-07-15T12:33:14Z,16
s003113,u0131,c004,mobile,5.2.0,2026-07-15T12:34:09Z,16
s003114,u0585,c009,mobile,5.2.0,2026-07-15T12:40:08Z,19
s003115,u0171,c001,tv,,2026-07-15T12:45:32Z,132
s003116,u0666,c003,mobile,5.2.0,2026-07-15T12:52:14Z,11
s003117,u0612,c009,tv,,2026-07-15T12:52:28Z,42
s003118,u0387,c007,web,,2026-07-15T17:05:28Z,31
s003119,u0383,c002,web,,2026-07-15T17:06:46Z,32
s003120,u0650,c005,mobile,5.2.0,2026-07-15T17:09:13Z,9
s003121,u0738,c039,mobile,5.2.0,2026-07-15T17:09:56Z,26
s003122,u0746,c001,mobile,5.2.0,2026-07-15T17:11:21Z,23
s003123,u0746,c001,mobile,5.2.0,2026-07-15T17:12:02Z,23
s003124,u0170,c051,tv,,2026-07-15T17:12:26Z,85
s003125,u0156,c020,tv,,2026-07-15T17:13:45Z,140
s003126,u0735,c015,mobile,5.2.0,2026-07-15T17:14:30Z,53
s003127,u0213,c049,web,,2026-07-15T17:14:49Z,11
s003128,u0203,c002,mobile,5.2.0,2026-07-15T17:15:55Z,32
s003129,u0203,c002,mobile,5.2.0,2026-07-15T17:16:04Z,32
s003130,u0042,c046,tv,,2026-07-15T17:17:01Z,101
s003131,u0117,c034,mobile,5.2.0,2026-07-15T17:17:50Z,8
s003132,u0505,c011,web,,2026-07-15T17:18:05Z,62
s003133,u0205,c002,mobile,5.2.0,2026-07-15T17:18:18Z,122
s003134,u0735,c029,mobile,5.2.0,2026-07-15T17:20:08Z,7
s003135,u0283,c021,mobile,5.2.0,2026-07-15T17:21:13Z,28
s003136,u0283,c021,mobile,5.2.0,2026-07-15T17:21:34Z,28
s003137,u0774,c015,mobile,5.2.0,2026-07-15T17:24:44Z,98
s003138,u0432,c013,tv,,2026-07-15T17:24:51Z,68
s003139,u0744,c003,tv,,2026-07-15T17:24:59Z,24
s003140,u0355,c009,web,,2026-07-15T17:25:10Z,90
s003141,u0564,c022,web,,2026-07-15T17:25:47Z,56
s003142,u0663,c048,web,,2026-07-15T17:26:01Z,57
s003143,u0027,c010,tv,,2026-07-15T17:28:24Z,9
s003144,u0151,c023,mobile,5.2.0,2026-07-15T17:29:50Z,10
s003145,u0247,c001,mobile,5.2.0,2026-07-15T17:30:30Z,13
s003146,u0446,c008,mobile,5.2.0,2026-07-15T17:31:16Z,15
s003147,u0102,c035,mobile,5.2.0,2026-07-15T17:33:45Z,14
s003148,u0352,c009,tv,,2026-07-15T17:33:47Z,114
s003149,u0366,c059,mobile,5.2.0,2026-07-15T17:34:38Z,14
s003150,u0026,c001,mobile,5.2.0,2026-07-15T17:34:50Z,18
s003151,u0069,c023,mobile,5.2.0,2026-07-15T17:35:12Z,50
s003152,u0222,c005,tv,,2026-07-15T17:35:37Z,35
s003153,u0163,c015,mobile,5.2.0,2026-07-15T17:35:56Z,29
s003154,u0147,c001,mobile,5.2.0,2026-07-15T17:39:20Z,79
s003155,u0047,c014,mobile,5.2.0,2026-07-15T17:39:42Z,28
s003156,u0300,c032,mobile,5.2.0,2026-07-15T17:41:19Z,19
s003157,u0090,c043,tv,,2026-07-15T17:42:40Z,49
s003158,u0189,c003,web,,2026-07-15T17:45:14Z,56
s003159,u0011,c035,tv,,2026-07-15T17:46:52Z,62
s003160,u0617,c017,tv,,2026-07-15T17:48:52Z,51
s003161,u0129,c007,tv,,2026-07-15T17:50:01Z,41
s003162,u0032,c005,mobile,5.2.0,2026-07-15T17:50:10Z,24
s003163,u0245,c058,tv,,2026-07-15T17:50:16Z,65
s003164,u0515,c040,tv,,2026-07-15T17:53:08Z,27
s003165,u0673,c015,mobile,5.2.0,2026-07-15T17:53:43Z,22
s003166,u0447,c002,mobile,5.2.0,2026-07-15T17:54:09Z,21
s003167,u0515,c009,tv,,2026-07-15T17:57:31Z,46
s003168,u0502,c021,tv,,2026-07-15T19:00:30Z,30
s003169,u0613,c038,mobile,5.2.0,2026-07-15T19:01:34Z,9
s003170,u0545,c057,tv,,2026-07-15T19:03:14Z,62
s003171,u0518,c042,mobile,5.2.0,2026-07-15T19:03:32Z,20
s003172,u0090,c022,tv,,2026-07-15T19:04:03Z,17
s003173,u0415,c016,tv,,2026-07-15T19:04:38Z,90
s003174,u0512,c001,mobile,5.2.0,2026-07-15T19:04:49Z,17
s003175,u0333,c037,mobile,5.2.0,2026-07-15T19:04:50Z,79
s003176,u0512,c001,mobile,5.2.0,2026-07-15T19:04:57Z,17
s003177,u0500,c018,tv,,2026-07-15T19:05:11Z,88
s003178,u0165,c058,tv,,2026-07-15T19:05:17Z,25
s003179,u0512,c001,mobile,5.2.0,2026-07-15T19:05:28Z,17
s003180,u0325,c003,mobile,5.2.0,2026-07-15T19:06:07Z,45
s003181,u0035,c007,web,,2026-07-15T19:06:16Z,24
s003182,u0497,c003,mobile,5.2.0,2026-07-15T19:06:40Z,15
s003183,u0325,c003,mobile,5.2.0,2026-07-15T19:06:52Z,45
s003184,u0202,c008,tv,,2026-07-15T19:06:59Z,67
s003185,u0497,c003,mobile,5.2.0,2026-07-15T19:07:19Z,15
s003186,u0675,c027,tv,,2026-07-15T19:08:18Z,69
s003187,u0100,c004,mobile,5.2.0,2026-07-15T19:08:32Z,6
s003188,u0527,c017,tv,,2026-07-15T19:08:35Z,84
s003189,u0461,c043,web,,2026-07-15T19:09:02Z,24
s003190,u0650,c001,mobile,5.2.0,2026-07-15T19:09:05Z,26
s003191,u0431,c013,mobile,5.2.0,2026-07-15T19:09:08Z,35
s003192,u0431,c013,mobile,5.2.0,2026-07-15T19:09:12Z,35
s003193,u0520,c002,web,,2026-07-15T19:10:13Z,52
s003194,u0312,c011,mobile,5.2.0,2026-07-15T19:10:24Z,27
s003195,u0699,c005,mobile,5.2.0,2026-07-15T19:11:24Z,32
s003196,u0699,c005,mobile,5.2.0,2026-07-15T19:12:00Z,32
s003197,u0599,c009,web,,2026-07-15T19:12:47Z,45
s003198,u0092,c002,web,,2026-07-15T19:13:28Z,46
s003199,u0628,c034,tv,,2026-07-15T19:13:31Z,29
s003200,u0341,c022,mobile,5.2.0,2026-07-15T19:13:41Z,5
s003201,u0230,c005,tv,,2026-07-15T19:15:57Z,41
s003202,u0029,c007,tv,,2026-07-15T19:16:11Z,240
s003203,u0315,c008,tv,,2026-07-15T19:16:52Z,117
s003204,u0277,c025,web,,2026-07-15T19:17:11Z,60
s003205,u0257,c050,tv,,2026-07-15T19:18:25Z,27
s003206,u0220,c029,tv,,2026-07-15T19:19:19Z,76
s003207,u0178,c003,web,,2026-07-15T19:19:25Z,31
s003208,u0361,c045,mobile,5.2.0,2026-07-15T19:20:38Z,31
s003209,u0184,c002,tv,,2026-07-15T19:20:48Z,123
s003210,u0181,c010,web,,2026-07-15T19:20:50Z,129
s003211,u0670,c014,tv,,2026-07-15T19:21:08Z,83
s003212,u0165,c001,tv,,2026-07-15T19:21:37Z,15
s003213,u0361,c045,mobile,5.2.0,2026-07-15T19:21:37Z,31
s003214,u0195,c015,web,,2026-07-15T19:22:29Z,45
s003215,u0383,c027,web,,2026-07-15T19:23:12Z,20
s003216,u0769,c014,web,,2026-07-15T19:23:13Z,12
s003217,u0472,c009,mobile,5.2.0,2026-07-15T19:23:35Z,30
s003218,u0760,c002,mobile,5.2.0,2026-07-15T19:23:42Z,18
s003219,u0292,c004,tv,,2026-07-15T19:24:42Z,15
s003220,u0078,c034,web,,2026-07-15T19:25:57Z,33
s003221,u0297,c001,mobile,5.2.0,2026-07-15T19:27:17Z,19
s003222,u0166,c039,web,,2026-07-15T19:27:20Z,93
s003223,u0496,c024,mobile,5.2.0,2026-07-15T19:28:33Z,10
s003224,u0631,c001,mobile,5.2.0,2026-07-15T19:28:49Z,15
s003225,u0400,c024,mobile,5.2.0,2026-07-15T19:30:53Z,45
s003226,u0623,c007,web,,2026-07-15T19:32:00Z,44
s003227,u0631,c008,mobile,5.2.0,2026-07-15T19:32:54Z,13
s003228,u0631,c008,mobile,5.2.0,2026-07-15T19:33:07Z,13
s003229,u0193,c050,web,,2026-07-15T19:33:26Z,43
s003230,u0169,c004,web,,2026-07-15T19:34:01Z,24
s003231,u0555,c050,mobile,5.2.0,2026-07-15T19:34:35Z,34
s003232,u0555,c050,mobile,5.2.0,2026-07-15T19:35:29Z,34
s003233,u0005,c040,tv,,2026-07-15T19:38:29Z,50
s003234,u0094,c002,tv,,2026-07-15T19:38:34Z,33
s003235,u0042,c037,mobile,5.2.0,2026-07-15T19:39:03Z,15
s003236,u0151,c002,mobile,5.2.0,2026-07-15T19:39:07Z,14
s003237,u0430,c039,mobile,5.2.0,2026-07-15T19:39:42Z,44
s003238,u0430,c039,mobile,5.2.0,2026-07-15T19:39:59Z,44
s003239,u0626,c002,web,,2026-07-15T19:40:49Z,25
s003240,u0216,c002,mobile,5.2.0,2026-07-15T19:41:17Z,13
s003241,u0151,c001,mobile,5.2.0,2026-07-15T19:41:47Z,18
s003242,u0026,c051,mobile,5.2.0,2026-07-15T19:42:42Z,29
s003243,u0192,c002,tv,,2026-07-15T19:42:53Z,66
s003244,u0753,c004,tv,,2026-07-15T19:42:57Z,17
s003245,u0111,c042,mobile,5.2.0,2026-07-15T19:43:17Z,14
s003246,u0104,c008,web,,2026-07-15T19:43:26Z,57
s003247,u0111,c042,mobile,5.2.0,2026-07-15T19:44:03Z,14
s003248,u0280,c006,tv,,2026-07-15T19:44:15Z,167
s003249,u0027,c003,tv,,2026-07-15T19:44:56Z,97
s003250,u0307,c001,mobile,5.2.0,2026-07-15T19:45:09Z,21
s003251,u0358,c009,mobile,5.2.0,2026-07-15T19:46:14Z,8
s003252,u0491,c050,web,,2026-07-15T19:46:37Z,26
s003253,u0670,c002,tv,,2026-07-15T19:48:56Z,38
s003254,u0265,c008,tv,,2026-07-15T19:49:23Z,22
s003255,u0286,c001,mobile,5.2.0,2026-07-15T19:49:24Z,27
s003256,u0314,c003,tv,,2026-07-15T19:51:36Z,28
s003257,u0309,c002,tv,,2026-07-15T19:52:06Z,33
s003258,u0128,c002,tv,,2026-07-15T19:53:12Z,89
s003259,u0276,c006,mobile,5.2.0,2026-07-15T19:54:03Z,12
s003260,u0126,c004,tv,,2026-07-15T19:54:51Z,38
s003261,u0359,c012,mobile,5.2.0,2026-07-15T19:55:25Z,7
s003262,u0198,c002,mobile,5.2.0,2026-07-15T19:55:54Z,14
s003263,u0214,c002,mobile,5.2.0,2026-07-15T19:57:20Z,23
s003264,u0214,c002,mobile,5.2.0,2026-07-15T19:57:24Z,23
s003265,u0454,c046,web,,2026-07-15T19:57:35Z,30
s003266,u0172,c008,web,,2026-07-15T19:57:44Z,37
s003267,u0214,c002,mobile,5.2.0,2026-07-15T19:58:20Z,23
s003268,u0409,c002,web,,2026-07-15T19:58:44Z,33
s003269,u0203,c052,mobile,5.2.0,2026-07-15T21:00:06Z,17
s003270,u0585,c018,tv,,2026-07-15T21:00:21Z,7
s003271,u0096,c029,mobile,5.2.0,2026-07-15T21:00:27Z,18
s003272,u0253,c001,tv,,2026-07-15T21:00:30Z,54
s003273,u0203,c052,mobile,5.2.0,2026-07-15T21:01:00Z,17
s003274,u0668,c001,mobile,5.2.0,2026-07-15T21:01:27Z,25
s003275,u0193,c002,web,,2026-07-15T21:01:56Z,41
s003276,u0668,c001,mobile,5.2.0,2026-07-15T21:02:00Z,25
s003277,u0744,c042,tv,,2026-07-15T21:02:33Z,22
s003278,u0410,c012,web,,2026-07-15T21:02:35Z,51
s003279,u0663,c001,web,,2026-07-15T21:03:52Z,27
s003280,u0225,c008,web,,2026-07-15T21:05:13Z,15
s003281,u0683,c001,mobile,5.2.0,2026-07-15T21:06:04Z,17
s003282,u0396,c046,tv,,2026-07-15T21:06:43Z,44
s003283,u0586,c016,mobile,5.2.0,2026-07-15T21:07:08Z,79
s003284,u0663,c060,web,,2026-07-15T21:07:58Z,90
s003285,u0748,c006,mobile,5.2.0,2026-07-15T21:08:35Z,25
s003286,u0692,c020,mobile,5.2.0,2026-07-15T21:09:02Z,27
s003287,u0525,c001,tv,,2026-07-15T21:09:44Z,78
s003288,u0248,c009,mobile,5.2.0,2026-07-15T21:10:07Z,17
s003289,u0694,c004,mobile,5.2.0,2026-07-15T21:10:14Z,61
s003290,u0510,c001,mobile,5.2.0,2026-07-15T21:10:17Z,24
s003291,u0374,c016,tv,,2026-07-15T21:10:21Z,57
s003292,u0248,c009,mobile,5.2.0,2026-07-15T21:10:23Z,17
s003293,u0366,c010,tv,,2026-07-15T21:10:37Z,38
s003294,u0694,c004,mobile,5.2.0,2026-07-15T21:10:49Z,61
s003295,u0722,c025,mobile,5.2.0,2026-07-15T21:10:50Z,33
s003296,u0722,c025,mobile,5.2.0,2026-07-15T21:10:53Z,33
s003297,u0510,c001,mobile,5.2.0,2026-07-15T21:11:14Z,24
s003298,u0510,c001,mobile,5.2.0,2026-07-15T21:11:24Z,24
s003299,u0260,c041,mobile,5.2.0,2026-07-15T21:11:25Z,23
s003300,u0412,c010,web,,2026-07-15T21:12:32Z,179
s003301,u0138,c012,mobile,5.2.0,2026-07-15T21:12:37Z,8
s003302,u0138,c012,mobile,5.2.0,2026-07-15T21:13:24Z,8
s003303,u0480,c025,web,,2026-07-15T21:15:27Z,66
s003304,u0699,c005,mobile,5.2.0,2026-07-15T21:15:33Z,9
s003305,u0028,c033,tv,,2026-07-15T21:16:06Z,34
s003306,u0154,c002,web,,2026-07-15T21:16:38Z,56
s003307,u0420,c011,web,,2026-07-15T21:18:00Z,47
s003308,u0761,c002,tv,,2026-07-15T21:18:50Z,42
s003309,u0023,c011,web,,2026-07-15T21:19:58Z,26
s003310,u0600,c040,web,,2026-07-15T21:20:26Z,64
s003311,u0714,c002,mobile,5.2.0,2026-07-15T21:22:08Z,10
s003312,u0744,c004,tv,,2026-07-15T21:23:23Z,45
s003313,u0351,c010,tv,,2026-07-15T21:23:46Z,48
s003314,u0283,c011,mobile,5.2.0,2026-07-15T21:23:51Z,24
s003315,u0027,c002,web,,2026-07-15T21:24:13Z,9
s003316,u0266,c001,mobile,5.2.0,2026-07-15T21:24:39Z,30
s003317,u0252,c033,mobile,5.2.0,2026-07-15T21:26:51Z,19
s003318,u0413,c001,web,,2026-07-15T21:27:18Z,68
s003319,u0692,c018,web,,2026-07-15T21:28:25Z,17
s003320,u0062,c028,web,,2026-07-15T21:28:56Z,25
s003321,u0188,c057,mobile,5.2.0,2026-07-15T21:31:42Z,26
s003322,u0188,c057,mobile,5.2.0,2026-07-15T21:31:51Z,26
s003323,u0330,c014,web,,2026-07-15T21:32:34Z,12
s003324,u0365,c058,tv,,2026-07-15T21:33:17Z,38
s003325,u0207,c010,web,,2026-07-15T21:35:47Z,113
s003326,u0259,c007,mobile,5.2.0,2026-07-15T21:36:02Z,21
s003327,u0423,c006,mobile,5.2.0,2026-07-15T21:36:04Z,23
s003328,u0177,c001,tv,,2026-07-15T21:38:44Z,46
s003329,u0556,c030,tv,,2026-07-15T21:38:58Z,29
s003330,u0458,c024,web,,2026-07-15T21:39:18Z,26
s003331,u0198,c001,mobile,5.2.0,2026-07-15T21:39:43Z,38
s003332,u0198,c001,mobile,5.2.0,2026-07-15T21:40:10Z,38
s003333,u0594,c002,tv,,2026-07-15T21:40:49Z,31
s003334,u0185,c060,mobile,5.2.0,2026-07-15T21:41:14Z,22
s003335,u0209,c007,tv,,2026-07-15T21:42:41Z,34
s003336,u0629,c054,web,,2026-07-15T21:42:49Z,29
s003337,u0772,c054,mobile,5.2.0,2026-07-15T21:43:23Z,29
s003338,u0523,c015,web,,2026-07-15T21:46:59Z,14
s003339,u0247,c036,mobile,5.2.0,2026-07-15T21:47:18Z,11
s003340,u0247,c036,mobile,5.2.0,2026-07-15T21:48:11Z,11
s003341,u0759,c023,tv,,2026-07-15T21:49:23Z,24
s003342,u0217,c035,tv,,2026-07-15T21:51:12Z,16
s003343,u0307,c022,mobile,5.2.0,2026-07-15T21:52:00Z,12
s003344,u0265,c045,mobile,5.2.0,2026-07-15T21:52:46Z,25
s003345,u0687,c012,mobile,5.2.0,2026-07-15T21:53:07Z,19
s003346,u0162,c003,mobile,5.2.0,2026-07-15T21:53:46Z,16
s003347,u0574,c004,mobile,5.2.0,2026-07-15T21:54:18Z,36
s003348,u0210,c005,tv,,2026-07-15T21:55:23Z,50
s003349,u0060,c001,web,,2026-07-15T21:55:35Z,22
s003350,u0661,c006,tv,,2026-07-15T21:56:00Z,35
s003351,u0681,c046,tv,,2026-07-15T21:57:30Z,16
s003352,u0247,c002,mobile,5.2.0,2026-07-15T21:57:37Z,17
s003353,u0005,c039,tv,,2026-07-15T23:02:36Z,27
s003354,u0532,c044,mobile,5.2.0,2026-07-15T23:03:43Z,18
s003355,u0138,c017,mobile,5.2.0,2026-07-15T23:06:50Z,13
s003356,u0733,c001,tv,,2026-07-15T23:07:06Z,92
s003357,u0131,c004,mobile,5.2.0,2026-07-15T23:08:05Z,34
s003358,u0225,c002,web,,2026-07-15T23:13:46Z,16
s003359,u0499,c004,web,,2026-07-15T23:14:21Z,46
s003360,u0692,c013,mobile,5.2.0,2026-07-15T23:14:33Z,31
s003361,u0692,c013,mobile,5.2.0,2026-07-15T23:14:45Z,31
s003362,u0586,c007,mobile,5.2.0,2026-07-15T23:15:52Z,71
s003363,u0586,c007,mobile,5.2.0,2026-07-15T23:16:04Z,71
s003364,u0345,c010,web,,2026-07-15T23:16:45Z,20
s003365,u0106,c002,web,,2026-07-15T23:18:45Z,52
s003366,u0318,c006,tv,,2026-07-15T23:19:22Z,17
s003367,u0575,c002,mobile,5.2.0,2026-07-15T23:24:35Z,17
s003368,u0192,c021,tv,,2026-07-15T23:25:44Z,36
s003369,u0222,c005,mobile,5.2.0,2026-07-15T23:26:10Z,5
s003370,u0468,c001,tv,,2026-07-15T23:27:00Z,27
s003371,u0509,c025,mobile,5.2.0,2026-07-15T23:32:32Z,16
s003372,u0509,c025,mobile,5.2.0,2026-07-15T23:32:40Z,16
s003373,u0458,c005,web,,2026-07-15T23:34:45Z,19
s003374,u0340,c028,tv,,2026-07-15T23:37:15Z,36
s003375,u0421,c006,mobile,5.2.0,2026-07-15T23:42:39Z,20
s003376,u0420,c036,web,,2026-07-15T23:44:32Z,46
s003377,u0328,c034,mobile,5.2.0,2026-07-15T23:44:42Z,12
s003378,u0328,c034,mobile,5.2.0,2026-07-15T23:45:16Z,12
s003379,u0406,c008,web,,2026-07-15T23:46:24Z,111
s003380,u0703,c006,mobile,5.2.0,2026-07-15T23:48:35Z,22
s003381,u0491,c003,web,,2026-07-15T23:53:09Z,161
s003382,u0523,c052,tv,,2026-07-15T23:57:35Z,80
s003383,u0250,c006,mobile,5.2.0,2026-07-15T23:58:14Z,10
s003384,u0250,c006,mobile,5.2.0,2026-07-15T23:58:34Z,10
s003385,u0318,c013,tv,,2026-07-16T08:00:59Z,49
s003386,u0212,c004,web,,2026-07-16T08:06:23Z,89
s003387,u0609,c003,web,,2026-07-16T08:06:39Z,53
s003388,u0349,c006,tv,,2026-07-16T08:08:22Z,53
s003389,u0270,c004,web,,2026-07-16T08:10:10Z,35
s003390,u0159,c001,mobile,5.2.0,2026-07-16T08:36:08Z,50
s003391,u0252,c001,mobile,5.2.0,2026-07-16T08:40:10Z,64
s003392,u0479,c032,mobile,5.2.0,2026-07-16T08:43:30Z,23
s003393,u0721,c001,web,,2026-07-16T08:47:00Z,10
s003394,u0327,c003,mobile,5.2.0,2026-07-16T08:49:30Z,31
s003395,u0309,c021,web,,2026-07-16T08:49:59Z,23
s003396,u0241,c023,web,,2026-07-16T08:51:12Z,46
s003397,u0444,c001,mobile,5.2.0,2026-07-16T08:52:01Z,43
s003398,u0310,c002,tv,,2026-07-16T12:00:13Z,28
s003399,u0744,c004,tv,,2026-07-16T12:01:38Z,50
s003400,u0547,c001,mobile,5.2.0,2026-07-16T12:03:47Z,35
s003401,u0321,c010,tv,,2026-07-16T12:04:12Z,32
s003402,u0491,c036,web,,2026-07-16T12:05:22Z,64
s003403,u0227,c003,mobile,5.2.0,2026-07-16T12:16:40Z,23
s003404,u0179,c005,tv,,2026-07-16T12:17:11Z,39
s003405,u0246,c022,mobile,5.2.0,2026-07-16T12:18:52Z,18
s003406,u0592,c011,mobile,5.2.0,2026-07-16T12:19:06Z,14
s003407,u0507,c009,tv,,2026-07-16T12:21:24Z,20
s003408,u0366,c014,mobile,5.2.0,2026-07-16T12:24:32Z,6
s003409,u0366,c014,mobile,5.2.0,2026-07-16T12:25:12Z,6
s003410,u0161,c048,tv,,2026-07-16T12:25:48Z,35
s003411,u0662,c052,tv,,2026-07-16T12:29:03Z,15
s003412,u0291,c001,web,,2026-07-16T12:31:01Z,20
s003413,u0676,c016,tv,,2026-07-16T12:31:54Z,116
s003414,u0700,c006,tv,,2026-07-16T12:34:37Z,189
s003415,u0635,c008,web,,2026-07-16T12:37:31Z,16
s003416,u0363,c001,tv,,2026-07-16T12:38:01Z,162
s003417,u0596,c007,mobile,5.2.0,2026-07-16T12:40:27Z,35
s003418,u0600,c003,web,,2026-07-16T12:40:35Z,38
s003419,u0463,c001,tv,,2026-07-16T12:41:08Z,38
s003420,u0330,c007,tv,,2026-07-16T12:43:11Z,14
s003421,u0223,c030,tv,,2026-07-16T12:44:31Z,38
s003422,u0248,c045,web,,2026-07-16T12:44:53Z,49
s003423,u0574,c002,mobile,5.2.0,2026-07-16T12:45:14Z,30
s003424,u0574,c002,mobile,5.2.0,2026-07-16T12:45:42Z,30
s003425,u0564,c009,web,,2026-07-16T12:45:45Z,9
s003426,u0439,c001,mobile,5.2.0,2026-07-16T12:47:26Z,21
s003427,u0439,c001,mobile,5.2.0,2026-07-16T12:47:57Z,21
s003428,u0207,c051,web,,2026-07-16T12:51:09Z,46
s003429,u0327,c029,mobile,5.2.0,2026-07-16T12:52:24Z,13
s003430,u0430,c020,mobile,5.2.0,2026-07-16T12:52:32Z,16
s003431,u0327,c029,mobile,5.2.0,2026-07-16T12:52:35Z,13
s003432,u0042,c001,tv,,2026-07-16T12:54:15Z,38
s003433,u0396,c002,tv,,2026-07-16T12:54:35Z,56
s003434,u0138,c049,mobile,5.2.0,2026-07-16T12:54:37Z,17
s003435,u0574,c006,mobile,5.2.0,2026-07-16T12:57:35Z,21
s003436,u0574,c006,mobile,5.2.0,2026-07-16T12:58:23Z,21
s003437,u0546,c039,web,,2026-07-16T12:58:39Z,74
s003438,u0181,c059,web,,2026-07-16T17:00:00Z,47
s003439,u0377,c006,mobile,5.2.0,2026-07-16T17:01:43Z,27
s003440,u0377,c006,mobile,5.2.0,2026-07-16T17:02:41Z,27
s003441,u0110,c011,mobile,5.2.0,2026-07-16T17:02:59Z,36
s003442,u0377,c006,mobile,5.2.0,2026-07-16T17:03:14Z,27
s003443,u0110,c011,mobile,5.2.0,2026-07-16T17:03:18Z,36
s003444,u0714,c028,mobile,5.2.0,2026-07-16T17:03:37Z,21
s003445,u0110,c006,mobile,5.2.0,2026-07-16T17:06:25Z,27
s003446,u0110,c006,mobile,5.2.0,2026-07-16T17:07:10Z,27
s003447,u0485,c008,web,,2026-07-16T17:07:14Z,96
s003448,u0663,c001,web,,2026-07-16T17:10:11Z,50
s003449,u0190,c001,mobile,5.2.0,2026-07-16T17:10:42Z,12
s003450,u0252,c003,tv,,2026-07-16T17:13:08Z,29
s003451,u0150,c028,tv,,2026-07-16T17:13:15Z,53
s003452,u0370,c004,mobile,5.2.0,2026-07-16T17:14:09Z,30
s003453,u0534,c010,mobile,5.2.0,2026-07-16T17:14:30Z,20
s003454,u0100,c005,web,,2026-07-16T17:15:41Z,13
s003455,u0374,c016,web,,2026-07-16T17:16:26Z,92
s003456,u0468,c040,tv,,2026-07-16T17:22:36Z,65
s003457,u0476,c038,tv,,2026-07-16T17:22:55Z,59
s003458,u0080,c008,tv,,2026-07-16T17:23:04Z,65
s003459,u0740,c059,mobile,5.2.0,2026-07-16T17:23:47Z,19
s003460,u0683,c059,tv,,2026-07-16T17:24:13Z,39
s003461,u0092,c046,web,,2026-07-16T17:24:48Z,46
s003462,u0133,c003,mobile,5.2.0,2026-07-16T17:26:41Z,20
s003463,u0310,c008,tv,,2026-07-16T17:29:33Z,24
s003464,u0662,c013,web,,2026-07-16T17:33:09Z,36
s003465,u0169,c001,mobile,5.2.0,2026-07-16T17:37:24Z,37
s003466,u0472,c027,tv,,2026-07-16T17:38:02Z,41
s003467,u0517,c023,mobile,5.2.0,2026-07-16T17:38:17Z,34
s003468,u0737,c030,mobile,5.2.0,2026-07-16T17:42:00Z,16
s003469,u0430,c002,mobile,5.2.0,2026-07-16T17:43:26Z,15
s003470,u0658,c023,mobile,5.2.0,2026-07-16T17:43:42Z,34
s003471,u0658,c023,mobile,5.2.0,2026-07-16T17:43:57Z,34
s003472,u0658,c023,mobile,5.2.0,2026-07-16T17:44:20Z,34
s003473,u0031,c010,mobile,5.2.0,2026-07-16T17:44:22Z,21
s003474,u0744,c001,mobile,5.2.0,2026-07-16T17:46:47Z,44
s003475,u0027,c027,mobile,5.2.0,2026-07-16T17:47:54Z,22
s003476,u0395,c001,tv,,2026-07-16T17:50:03Z,57
s003477,u0524,c007,mobile,5.2.0,2026-07-16T17:52:31Z,23
s003478,u0565,c011,mobile,5.2.0,2026-07-16T17:53:39Z,11
s003479,u0566,c023,mobile,5.2.0,2026-07-16T17:54:06Z,25
s003480,u0565,c011,mobile,5.2.0,2026-07-16T17:54:28Z,11
s003481,u0566,c023,mobile,5.2.0,2026-07-16T17:55:04Z,25
s003482,u0017,c005,tv,,2026-07-16T17:55:43Z,52
s003483,u0265,c007,tv,,2026-07-16T17:55:47Z,88
s003484,u0438,c002,mobile,5.2.0,2026-07-16T17:58:37Z,30
s003485,u0322,c013,mobile,5.2.0,2026-07-16T17:58:44Z,42
s003486,u0438,c002,mobile,5.2.0,2026-07-16T17:58:46Z,30
s003487,u0317,c006,web,,2026-07-16T17:59:23Z,29
s003488,u0471,c004,web,,2026-07-16T19:01:35Z,18
s003489,u0350,c010,web,,2026-07-16T19:01:45Z,29
s003490,u0673,c024,mobile,5.2.0,2026-07-16T19:02:33Z,32
s003491,u0355,c011,web,,2026-07-16T19:02:39Z,16
s003492,u0673,c024,mobile,5.2.0,2026-07-16T19:03:25Z,32
s003493,u0324,c002,tv,,2026-07-16T19:03:30Z,68
s003494,u0609,c013,mobile,5.2.0,2026-07-16T19:04:30Z,29
s003495,u0499,c015,web,,2026-07-16T19:05:29Z,28
s003496,u0700,c042,tv,,2026-07-16T19:05:38Z,105
s003497,u0688,c046,mobile,5.2.0,2026-07-16T19:05:56Z,38
s003498,u0011,c052,mobile,5.2.0,2026-07-16T19:06:06Z,9
s003499,u0011,c052,mobile,5.2.0,2026-07-16T19:06:38Z,9
s003500,u0184,c010,tv,,2026-07-16T19:06:49Z,61
s003501,u0484,c005,web,,2026-07-16T19:08:02Z,38
s003502,u0596,c028,mobile,5.2.0,2026-07-16T19:08:08Z,47
s003503,u0596,c028,mobile,5.2.0,2026-07-16T19:08:14Z,47
s003504,u0039,c002,tv,,2026-07-16T19:08:21Z,58
s003505,u0733,c004,tv,,2026-07-16T19:08:48Z,20
s003506,u0555,c032,mobile,5.2.0,2026-07-16T19:09:49Z,26
s003507,u0202,c001,web,,2026-07-16T19:09:58Z,49
s003508,u0555,c032,mobile,5.2.0,2026-07-16T19:10:06Z,26
s003509,u0211,c046,mobile,5.2.0,2026-07-16T19:10:15Z,26
s003510,u0041,c011,web,,2026-07-16T19:11:56Z,52
s003511,u0524,c001,mobile,5.2.0,2026-07-16T19:12:24Z,20
s003512,u0232,c001,tv,,2026-07-16T19:12:58Z,72
s003513,u0028,c001,tv,,2026-07-16T19:13:22Z,60
s003514,u0095,c021,web,,2026-07-16T19:13:32Z,32
s003515,u0621,c002,mobile,5.2.0,2026-07-16T19:14:08Z,26
s003516,u0330,c031,web,,2026-07-16T19:14:48Z,33
s003517,u0656,c017,tv,,2026-07-16T19:15:02Z,15
s003518,u0460,c012,mobile,5.2.0,2026-07-16T19:16:34Z,21
s003519,u0506,c003,mobile,5.2.0,2026-07-16T19:16:48Z,8
s003520,u0506,c003,mobile,5.2.0,2026-07-16T19:17:30Z,8
s003521,u0365,c011,tv,,2026-07-16T19:17:38Z,29
s003522,u0566,c055,mobile,5.2.0,2026-07-16T19:17:59Z,67
s003523,u0506,c003,mobile,5.2.0,2026-07-16T19:18:02Z,8
s003524,u0566,c055,mobile,5.2.0,2026-07-16T19:18:25Z,67
s003525,u0369,c048,mobile,5.2.0,2026-07-16T19:18:36Z,80
s003526,u0178,c029,web,,2026-07-16T19:21:42Z,25
s003527,u0155,c001,tv,,2026-07-16T19:23:32Z,71
s003528,u0043,c010,mobile,5.2.0,2026-07-16T19:24:04Z,26
s003529,u0043,c010,mobile,5.2.0,2026-07-16T19:24:14Z,26
s003530,u0294,c020,mobile,5.2.0,2026-07-16T19:24:44Z,14
s003531,u0654,c009,web,,2026-07-16T19:25:31Z,59
s003532,u0226,c035,mobile,5.2.0,2026-07-16T19:26:18Z,6
s003533,u0547,c040,mobile,5.2.0,2026-07-16T19:27:47Z,15
s003534,u0546,c002,web,,2026-07-16T19:28:30Z,54
s003535,u0043,c006,mobile,5.2.0,2026-07-16T19:28:38Z,20
s003536,u0188,c015,mobile,5.2.0,2026-07-16T19:29:07Z,17
s003537,u0554,c001,web,,2026-07-16T19:29:46Z,83
s003538,u0609,c055,mobile,5.2.0,2026-07-16T19:30:44Z,23
s003539,u0507,c006,tv,,2026-07-16T19:30:54Z,39
s003540,u0371,c023,mobile,5.2.0,2026-07-16T19:31:24Z,14
s003541,u0506,c032,mobile,5.2.0,2026-07-16T19:31:28Z,7
s003542,u0506,c032,mobile,5.2.0,2026-07-16T19:31:32Z,7
s003543,u0506,c032,mobile,5.2.0,2026-07-16T19:31:52Z,7
s003544,u0184,c021,tv,,2026-07-16T19:32:29Z,12
s003545,u0197,c043,tv,,2026-07-16T19:33:01Z,127
s003546,u0485,c016,tv,,2026-07-16T19:33:15Z,55
s003547,u0001,c023,mobile,5.2.0,2026-07-16T19:33:34Z,20
s003548,u0344,c041,mobile,5.2.0,2026-07-16T19:33:42Z,38
s003549,u0249,c008,tv,,2026-07-16T19:34:00Z,72
s003550,u0663,c021,web,,2026-07-16T19:34:23Z,56
s003551,u0487,c012,tv,,2026-07-16T19:35:03Z,55
s003552,u0523,c001,web,,2026-07-16T19:37:37Z,17
s003553,u0154,c002,tv,,2026-07-16T19:38:58Z,103
s003554,u0083,c001,tv,,2026-07-16T19:39:08Z,199
s003555,u0590,c009,tv,,2026-07-16T19:39:18Z,50
s003556,u0383,c048,mobile,5.2.0,2026-07-16T19:39:53Z,29
s003557,u0288,c001,web,,2026-07-16T19:42:12Z,6
s003558,u0153,c001,mobile,5.2.0,2026-07-16T19:42:37Z,47
s003559,u0179,c042,tv,,2026-07-16T19:43:00Z,31
s003560,u0052,c032,web,,2026-07-16T19:43:05Z,44
s003561,u0298,c015,web,,2026-07-16T19:43:13Z,43
s003562,u0448,c006,mobile,5.2.0,2026-07-16T19:43:40Z,14
s003563,u0242,c021,mobile,5.2.0,2026-07-16T19:43:41Z,37
s003564,u0471,c053,web,,2026-07-16T19:43:50Z,41
s003565,u0448,c034,mobile,5.2.0,2026-07-16T19:43:59Z,10
s003566,u0160,c006,tv,,2026-07-16T19:44:20Z,38
s003567,u0242,c021,mobile,5.2.0,2026-07-16T19:44:22Z,37
s003568,u0607,c001,tv,,2026-07-16T19:44:41Z,24
s003569,u0061,c001,tv,,2026-07-16T19:45:07Z,48
s003570,u0321,c003,web,,2026-07-16T19:46:02Z,11
s003571,u0198,c007,mobile,5.2.0,2026-07-16T19:46:21Z,11
s003572,u0395,c047,tv,,2026-07-16T19:46:50Z,25
s003573,u0372,c051,mobile,5.2.0,2026-07-16T19:46:52Z,14
s003574,u0198,c007,mobile,5.2.0,2026-07-16T19:47:06Z,11
s003575,u0008,c053,mobile,5.2.0,2026-07-16T19:49:06Z,6
s003576,u0007,c008,mobile,5.2.0,2026-07-16T19:50:39Z,42
s003577,u0691,c006,web,,2026-07-16T19:50:42Z,98
s003578,u0193,c020,web,,2026-07-16T19:51:04Z,13
s003579,u0489,c035,mobile,5.2.0,2026-07-16T19:51:06Z,10
s003580,u0248,c008,mobile,5.2.0,2026-07-16T19:51:42Z,15
s003581,u0008,c025,mobile,5.2.0,2026-07-16T19:52:27Z,9
s003582,u0248,c008,mobile,5.2.0,2026-07-16T19:52:34Z,15
s003583,u0248,c008,mobile,5.2.0,2026-07-16T19:52:42Z,15
s003584,u0617,c029,tv,,2026-07-16T19:53:22Z,44
s003585,u0656,c046,tv,,2026-07-16T19:53:43Z,59
s003586,u0049,c010,web,,2026-07-16T19:54:02Z,29
s003587,u0761,c012,tv,,2026-07-16T19:56:12Z,47
s003588,u0110,c047,mobile,5.2.0,2026-07-16T19:56:48Z,14
s003589,u0247,c014,mobile,5.2.0,2026-07-16T19:57:50Z,16
s003590,u0081,c006,tv,,2026-07-16T19:57:58Z,167
s003591,u0741,c033,tv,,2026-07-16T19:58:31Z,30
s003592,u0443,c003,mobile,5.2.0,2026-07-16T19:58:56Z,17
s003593,u0623,c003,web,,2026-07-16T21:00:20Z,114
s003594,u0253,c012,tv,,2026-07-16T21:00:54Z,58
s003595,u0554,c007,web,,2026-07-16T21:02:02Z,26
s003596,u0677,c007,mobile,5.2.0,2026-07-16T21:02:10Z,30
s003597,u0041,c001,web,,2026-07-16T21:02:33Z,28
s003598,u0011,c042,mobile,5.2.0,2026-07-16T21:04:20Z,11
s003599,u0538,c002,web,,2026-07-16T21:05:16Z,44
s003600,u0200,c028,mobile,5.2.0,2026-07-16T21:05:36Z,32
s003601,u0687,c014,mobile,5.2.0,2026-07-16T21:07:09Z,17
s003602,u0687,c014,mobile,5.2.0,2026-07-16T21:07:32Z,17
s003603,u0100,c018,mobile,5.2.0,2026-07-16T21:08:21Z,27
s003604,u0042,c002,tv,,2026-07-16T21:09:03Z,38
s003605,u0018,c001,web,,2026-07-16T21:09:42Z,46
s003606,u0344,c005,mobile,5.2.0,2026-07-16T21:09:47Z,34
s003607,u0481,c002,tv,,2026-07-16T21:10:14Z,59
s003608,u0612,c010,mobile,5.2.0,2026-07-16T21:10:33Z,27
s003609,u0612,c010,mobile,5.2.0,2026-07-16T21:11:13Z,27
s003610,u0562,c002,tv,,2026-07-16T21:13:13Z,55
s003611,u0200,c005,mobile,5.2.0,2026-07-16T21:13:45Z,23
s003612,u0600,c010,web,,2026-07-16T21:13:49Z,114
s003613,u0216,c054,mobile,5.2.0,2026-07-16T21:14:05Z,14
s003614,u0126,c004,tv,,2026-07-16T21:14:53Z,33
s003615,u0216,c054,mobile,5.2.0,2026-07-16T21:15:00Z,14
s003616,u0383,c028,web,,2026-07-16T21:15:32Z,51
s003617,u0457,c031,web,,2026-07-16T21:15:34Z,5
s003618,u0695,c045,mobile,5.2.0,2026-07-16T21:17:04Z,38
s003619,u0695,c045,mobile,5.2.0,2026-07-16T21:17:28Z,38
s003620,u0096,c003,web,,2026-07-16T21:17:41Z,40
s003621,u0562,c015,tv,,2026-07-16T21:17:59Z,38
s003622,u0101,c012,tv,,2026-07-16T21:18:04Z,11
s003623,u0709,c016,mobile,5.2.0,2026-07-16T21:18:26Z,11
s003624,u0709,c016,mobile,5.2.0,2026-07-16T21:18:40Z,11
s003625,u0299,c007,tv,,2026-07-16T21:19:33Z,83
s003626,u0318,c003,tv,,2026-07-16T21:19:48Z,35
s003627,u0421,c024,mobile,5.2.0,2026-07-16T21:20:23Z,9
s003628,u0321,c015,web,,2026-07-16T21:21:11Z,8
s003629,u0541,c046,tv,,2026-07-16T21:22:37Z,17
s003630,u0437,c001,web,,2026-07-16T21:22:59Z,35
s003631,u0397,c002,tv,,2026-07-16T21:24:24Z,15
s003632,u0066,c005,mobile,5.2.0,2026-07-16T21:25:05Z,15
s003633,u0092,c038,web,,2026-07-16T21:25:07Z,47
s003634,u0130,c007,web,,2026-07-16T21:25:16Z,42
s003635,u0189,c027,mobile,5.2.0,2026-07-16T21:25:47Z,20
s003636,u0551,c002,web,,2026-07-16T21:27:08Z,23
s003637,u0377,c046,mobile,5.2.0,2026-07-16T21:27:19Z,31
s003638,u0491,c001,web,,2026-07-16T21:28:18Z,31
s003639,u0505,c001,web,,2026-07-16T21:28:42Z,24
s003640,u0298,c012,web,,2026-07-16T21:28:46Z,31
s003641,u0617,c001,tv,,2026-07-16T21:28:53Z,98
s003642,u0663,c002,mobile,5.2.0,2026-07-16T21:28:58Z,109
s003643,u0057,c002,web,,2026-07-16T21:29:33Z,76
s003644,u0321,c029,web,,2026-07-16T21:29:33Z,67
s003645,u0477,c059,mobile,5.2.0,2026-07-16T21:29:44Z,40
s003646,u0334,c028,mobile,5.2.0,2026-07-16T21:30:33Z,10
s003647,u0395,c033,tv,,2026-07-16T21:31:42Z,105
s003648,u0044,c001,mobile,5.2.0,2026-07-16T21:32:27Z,25
s003649,u0111,c060,mobile,5.2.0,2026-07-16T21:32:43Z,8
s003650,u0111,c060,mobile,5.2.0,2026-07-16T21:32:54Z,8
s003651,u0286,c012,mobile,5.2.0,2026-07-16T21:33:04Z,28
s003652,u0111,c060,mobile,5.2.0,2026-07-16T21:33:36Z,8
s003653,u0305,c019,tv,,2026-07-16T21:33:48Z,25
s003654,u0479,c018,mobile,5.2.0,2026-07-16T21:34:33Z,13
s003655,u0096,c002,mobile,5.2.0,2026-07-16T21:35:46Z,36
s003656,u0620,c005,tv,,2026-07-16T21:35:49Z,40
s003657,u0009,c014,web,,2026-07-16T21:36:00Z,35
s003658,u0676,c031,tv,,2026-07-16T21:36:55Z,27
s003659,u0230,c003,mobile,5.2.0,2026-07-16T21:36:57Z,21
s003660,u0186,c054,mobile,5.2.0,2026-07-16T21:37:12Z,18
s003661,u0358,c001,mobile,5.2.0,2026-07-16T21:38:54Z,12
s003662,u0054,c001,web,,2026-07-16T21:38:55Z,23
s003663,u0714,c012,mobile,5.2.0,2026-07-16T21:39:30Z,14
s003664,u0532,c003,web,,2026-07-16T21:39:33Z,25
s003665,u0112,c038,tv,,2026-07-16T21:40:00Z,25
s003666,u0663,c008,web,,2026-07-16T21:40:32Z,26
s003667,u0111,c023,mobile,5.2.0,2026-07-16T21:41:54Z,10
s003668,u0111,c023,mobile,5.2.0,2026-07-16T21:42:14Z,10
s003669,u0407,c038,tv,,2026-07-16T21:42:31Z,56
s003670,u0151,c002,mobile,5.2.0,2026-07-16T21:42:34Z,33
s003671,u0080,c010,tv,,2026-07-16T21:43:20Z,120
s003672,u0619,c005,mobile,5.2.0,2026-07-16T21:43:32Z,41
s003673,u0372,c026,mobile,5.2.0,2026-07-16T21:43:39Z,23
s003674,u0106,c012,web,,2026-07-16T21:45:12Z,33
s003675,u0397,c009,web,,2026-07-16T21:45:47Z,29
s003676,u0279,c016,web,,2026-07-16T21:45:52Z,24
s003677,u0721,c003,web,,2026-07-16T21:46:03Z,23
s003678,u0488,c041,mobile,5.2.0,2026-07-16T21:46:53Z,21
s003679,u0576,c005,mobile,5.2.0,2026-07-16T21:47:30Z,89
s003680,u0405,c010,web,,2026-07-16T21:48:24Z,33
s003681,u0241,c014,web,,2026-07-16T21:48:32Z,28
s003682,u0691,c011,web,,2026-07-16T21:48:54Z,25
s003683,u0495,c044,web,,2026-07-16T21:48:58Z,24
s003684,u0365,c002,tv,,2026-07-16T21:49:08Z,31
s003685,u0164,c001,tv,,2026-07-16T21:49:49Z,53
s003686,u0183,c004,tv,,2026-07-16T21:50:01Z,63
s003687,u0288,c037,web,,2026-07-16T21:51:37Z,34
s003688,u0138,c031,mobile,5.2.0,2026-07-16T21:52:15Z,9
s003689,u0155,c007,tv,,2026-07-16T21:52:59Z,179
s003690,u0138,c031,mobile,5.2.0,2026-07-16T21:53:00Z,9
s003691,u0595,c029,web,,2026-07-16T21:53:11Z,21
s003692,u0330,c008,web,,2026-07-16T21:53:21Z,37
s003693,u0396,c002,tv,,2026-07-16T21:54:34Z,59
s003694,u0629,c049,tv,,2026-07-16T21:55:34Z,43
s003695,u0245,c049,tv,,2026-07-16T21:56:13Z,34
s003696,u0068,c008,web,,2026-07-16T21:56:17Z,70
s003697,u0305,c032,tv,,2026-07-16T21:56:32Z,10
s003698,u0352,c009,tv,,2026-07-16T21:56:51Z,47
s003699,u0325,c009,mobile,5.2.0,2026-07-16T21:58:24Z,112
s003700,u0570,c001,mobile,5.2.0,2026-07-16T21:58:50Z,15
s003701,u0325,c009,mobile,5.2.0,2026-07-16T21:58:51Z,112
s003702,u0083,c032,mobile,5.2.0,2026-07-16T21:58:57Z,42
s003703,u0469,c016,tv,,2026-07-16T21:58:59Z,59
s003704,u0325,c009,mobile,5.2.0,2026-07-16T21:59:12Z,112
s003705,u0570,c001,mobile,5.2.0,2026-07-16T21:59:22Z,15
s003706,u0138,c013,mobile,5.2.0,2026-07-16T23:00:20Z,25
s003707,u0258,c011,mobile,5.2.0,2026-07-16T23:04:30Z,19
s003708,u0554,c001,web,,2026-07-16T23:05:07Z,21
s003709,u0258,c011,mobile,5.2.0,2026-07-16T23:05:21Z,19
s003710,u0109,c031,mobile,5.2.0,2026-07-16T23:07:49Z,10
s003711,u0109,c031,mobile,5.2.0,2026-07-16T23:08:09Z,10
s003712,u0079,c011,tv,,2026-07-16T23:09:07Z,126
s003713,u0706,c057,web,,2026-07-16T23:09:09Z,47
s003714,u0447,c001,mobile,5.2.0,2026-07-16T23:14:28Z,41
s003715,u0010,c036,tv,,2026-07-16T23:16:41Z,12
s003716,u0210,c001,tv,,2026-07-16T23:17:17Z,28
s003717,u0752,c001,tv,,2026-07-16T23:17:18Z,31
s003718,u0436,c004,mobile,5.2.0,2026-07-16T23:22:49Z,10
s003719,u0213,c019,web,,2026-07-16T23:22:55Z,42
s003720,u0054,c040,mobile,5.2.0,2026-07-16T23:23:32Z,21
s003721,u0395,c010,mobile,5.2.0,2026-07-16T23:24:05Z,37
s003722,u0442,c004,tv,,2026-07-16T23:24:06Z,101
s003723,u0279,c002,web,,2026-07-16T23:25:12Z,9
s003724,u0098,c001,tv,,2026-07-16T23:27:59Z,118
s003725,u0515,c054,tv,,2026-07-16T23:32:45Z,28
s003726,u0381,c003,web,,2026-07-16T23:34:15Z,36
s003727,u0562,c001,tv,,2026-07-16T23:36:47Z,20
s003728,u0647,c008,web,,2026-07-16T23:38:40Z,25
s003729,u0682,c034,web,,2026-07-16T23:46:31Z,85
s003730,u0574,c001,mobile,5.2.0,2026-07-16T23:49:11Z,26
s003731,u0351,c011,tv,,2026-07-16T23:51:34Z,64
s003732,u0474,c023,mobile,5.2.0,2026-07-16T23:53:38Z,33
s003733,u0608,c026,web,,2026-07-16T23:56:09Z,21
s003734,u0230,c002,mobile,5.2.0,2026-07-16T23:58:54Z,19
s003735,u0177,c056,tv,,2026-07-17T08:01:22Z,39
s003736,u0226,c017,mobile,5.2.0,2026-07-17T08:01:37Z,11
s003737,u0179,c006,tv,,2026-07-17T08:05:24Z,26
s003738,u0381,c010,mobile,5.2.0,2026-07-17T08:09:51Z,53
s003739,u0381,c010,mobile,5.2.0,2026-07-17T08:10:23Z,53
s003740,u0479,c004,mobile,5.2.0,2026-07-17T08:18:40Z,20
s003741,u0090,c049,tv,,2026-07-17T08:25:13Z,45
s003742,u0689,c001,tv,,2026-07-17T08:34:15Z,63
s003743,u0101,c021,tv,,2026-07-17T08:37:25Z,12
s003744,u0609,c022,mobile,5.2.0,2026-07-17T08:37:33Z,11
s003745,u0639,c001,web,,2026-07-17T08:40:54Z,77
s003746,u0036,c057,tv,,2026-07-17T08:51:06Z,98
s003747,u0658,c007,mobile,5.2.0,2026-07-17T08:55:08Z,21
s003748,u0147,c003,mobile,5.2.0,2026-07-17T08:56:23Z,20
s003749,u0117,c014,mobile,5.2.0,2026-07-17T12:00:25Z,9
s003750,u0117,c014,mobile,5.2.0,2026-07-17T12:00:28Z,9
s003751,u0118,c018,web,,2026-07-17T12:02:19Z,18
s003752,u0595,c014,tv,,2026-07-17T12:03:50Z,35
s003753,u0251,c018,web,,2026-07-17T12:07:17Z,52
s003754,u0195,c014,web,,2026-07-17T12:10:42Z,32
s003755,u0454,c022,tv,,2026-07-17T12:11:52Z,30
s003756,u0090,c001,tv,,2026-07-17T12:14:06Z,39
s003757,u0333,c001,mobile,5.2.0,2026-07-17T12:14:27Z,40
s003758,u0234,c013,mobile,5.2.0,2026-07-17T12:16:23Z,20
s003759,u0234,c013,mobile,5.2.0,2026-07-17T12:16:41Z,20
s003760,u0049,c002,web,,2026-07-17T12:17:40Z,30
s003761,u0252,c003,mobile,5.2.0,2026-07-17T12:19:49Z,13
s003762,u0252,c003,mobile,5.2.0,2026-07-17T12:19:59Z,13
s003763,u0252,c003,mobile,5.2.0,2026-07-17T12:20:06Z,13
s003764,u0631,c042,tv,,2026-07-17T12:21:58Z,34
s003765,u0151,c009,mobile,5.2.0,2026-07-17T12:25:05Z,6
s003766,u0695,c005,mobile,5.2.0,2026-07-17T12:27:00Z,27
s003767,u0291,c018,web,,2026-07-17T12:29:24Z,31
s003768,u0131,c003,mobile,5.2.0,2026-07-17T12:30:43Z,19
s003769,u0131,c003,mobile,5.2.0,2026-07-17T12:30:53Z,19
s003770,u0287,c054,mobile,5.2.0,2026-07-17T12:31:25Z,11
s003771,u0434,c001,mobile,5.2.0,2026-07-17T12:32:31Z,10
s003772,u0354,c042,mobile,5.2.0,2026-07-17T12:33:59Z,10
s003773,u0709,c005,mobile,5.2.0,2026-07-17T12:39:56Z,17
s003774,u0024,c004,tv,,2026-07-17T12:40:05Z,82
s003775,u0247,c006,mobile,5.2.0,2026-07-17T12:41:56Z,12
s003776,u0734,c009,tv,,2026-07-17T12:42:28Z,127
s003777,u0340,c030,tv,,2026-07-17T12:46:13Z,45
s003778,u0175,c055,mobile,5.2.0,2026-07-17T12:48:51Z,16
s003779,u0029,c010,tv,,2026-07-17T12:51:38Z,41
s003780,u0541,c049,web,,2026-07-17T12:52:06Z,20
s003781,u0695,c017,tv,,2026-07-17T12:52:08Z,68
s003782,u0389,c016,web,,2026-07-17T12:53:16Z,22
s003783,u0602,c014,mobile,5.2.0,2026-07-17T12:55:56Z,3
s003784,u0460,c015,mobile,5.2.0,2026-07-17T12:59:15Z,23
s003785,u0460,c015,mobile,5.2.0,2026-07-17T12:59:31Z,23
s003786,u0460,c015,mobile,5.2.0,2026-07-17T12:59:37Z,23
s003787,u0752,c011,tv,,2026-07-17T17:00:35Z,51
s003788,u0716,c023,tv,,2026-07-17T17:01:36Z,39
s003789,u0168,c027,tv,,2026-07-17T17:05:00Z,44
s003790,u0654,c050,web,,2026-07-17T17:05:16Z,32
s003791,u0042,c004,mobile,5.2.0,2026-07-17T17:06:31Z,35
s003792,u0761,c002,tv,,2026-07-17T17:09:17Z,50
s003793,u0447,c002,tv,,2026-07-17T17:13:16Z,30
s003794,u0325,c002,mobile,5.2.0,2026-07-17T17:13:51Z,175
s003795,u0420,c007,mobile,5.2.0,2026-07-17T17:14:33Z,20
s003796,u0330,c002,web,,2026-07-17T17:15:14Z,22
s003797,u0154,c001,web,,2026-07-17T17:15:51Z,37
s003798,u0639,c027,web,,2026-07-17T17:15:59Z,88
s003799,u0134,c018,tv,,2026-07-17T17:16:29Z,58
s003800,u0110,c015,mobile,5.2.0,2026-07-17T17:16:34Z,47
s003801,u0726,c001,web,,2026-07-17T17:18:21Z,67
s003802,u0420,c016,web,,2026-07-17T17:18:58Z,22
s003803,u0403,c011,web,,2026-07-17T17:19:40Z,29
s003804,u0415,c039,tv,,2026-07-17T17:19:46Z,221
s003805,u0138,c008,mobile,5.2.0,2026-07-17T17:20:36Z,19
s003806,u0004,c012,tv,,2026-07-17T17:21:27Z,81
s003807,u0666,c051,tv,,2026-07-17T17:23:08Z,82
s003808,u0256,c001,tv,,2026-07-17T17:24:23Z,69
s003809,u0650,c003,mobile,5.2.0,2026-07-17T17:26:19Z,27
s003810,u0430,c001,mobile,5.2.0,2026-07-17T17:27:00Z,20
s003811,u0671,c027,mobile,5.2.0,2026-07-17T17:28:55Z,41
s003812,u0627,c002,tv,,2026-07-17T17:29:47Z,30
s003813,u0186,c001,mobile,5.2.0,2026-07-17T17:30:28Z,23
s003814,u0186,c001,mobile,5.2.0,2026-07-17T17:31:28Z,23
s003815,u0452,c020,mobile,5.2.0,2026-07-17T17:34:22Z,14
s003816,u0735,c022,mobile,5.2.0,2026-07-17T17:35:14Z,25
s003817,u0472,c003,mobile,5.2.0,2026-07-17T17:36:57Z,16
s003818,u0289,c009,mobile,5.2.0,2026-07-17T17:38:42Z,16
s003819,u0289,c009,mobile,5.2.0,2026-07-17T17:39:01Z,16
s003820,u0461,c043,web,,2026-07-17T17:39:23Z,90
s003821,u0071,c017,web,,2026-07-17T17:39:37Z,30
s003822,u0575,c007,tv,,2026-07-17T17:40:55Z,240
s003823,u0274,c004,tv,,2026-07-17T17:43:06Z,55
s003824,u0026,c050,web,,2026-07-17T17:45:24Z,24
s003825,u0115,c006,mobile,5.2.0,2026-07-17T17:47:06Z,30
s003826,u0218,c008,mobile,5.2.0,2026-07-17T17:48:16Z,29
s003827,u0374,c014,web,,2026-07-17T17:49:39Z,18
s003828,u0271,c011,web,,2026-07-17T17:50:37Z,111
s003829,u0412,c002,web,,2026-07-17T17:50:44Z,57
s003830,u0190,c039,mobile,5.2.0,2026-07-17T17:51:17Z,28
s003831,u0061,c003,tv,,2026-07-17T17:52:33Z,41
s003832,u0700,c005,tv,,2026-07-17T17:56:25Z,73
s003833,u0375,c049,tv,,2026-07-17T17:57:23Z,18
s003834,u0366,c007,mobile,5.2.0,2026-07-17T17:59:41Z,20
s003835,u0097,c007,mobile,5.2.0,2026-07-17T19:00:27Z,15
s003836,u0635,c037,web,,2026-07-17T19:01:01Z,54
s003837,u0707,c001,web,,2026-07-17T19:01:22Z,44
s003838,u0390,c019,web,,2026-07-17T19:02:08Z,18
s003839,u0014,c002,web,,2026-07-17T19:02:44Z,102
s003840,u0357,c055,mobile,5.2.0,2026-07-17T19:06:35Z,19
s003841,u0596,c003,mobile,5.2.0,2026-07-17T19:06:37Z,17
s003842,u0596,c003,mobile,5.2.0,2026-07-17T19:06:41Z,17
s003843,u0343,c003,web,,2026-07-17T19:07:27Z,44
s003844,u0703,c017,web,,2026-07-17T19:07:59Z,33
s003845,u0362,c014,tv,,2026-07-17T19:08:10Z,38
s003846,u0326,c002,tv,,2026-07-17T19:08:34Z,95
s003847,u0138,c011,mobile,5.2.0,2026-07-17T19:09:07Z,17
s003848,u0725,c019,tv,,2026-07-17T19:09:42Z,45
s003849,u0017,c001,tv,,2026-07-17T19:10:34Z,31
s003850,u0147,c012,mobile,5.2.0,2026-07-17T19:11:19Z,39
s003851,u0479,c006,mobile,5.2.0,2026-07-17T19:15:11Z,15
s003852,u0479,c006,mobile,5.2.0,2026-07-17T19:15:22Z,15
s003853,u0444,c045,web,,2026-07-17T19:15:27Z,120
s003854,u0042,c042,tv,,2026-07-17T19:15:53Z,40
s003855,u0351,c001,tv,,2026-07-17T19:16:05Z,85
s003856,u0119,c036,mobile,5.2.0,2026-07-17T19:16:20Z,49
s003857,u0280,c008,web,,2026-07-17T19:16:41Z,71
s003858,u0119,c036,mobile,5.2.0,2026-07-17T19:16:51Z,49
s003859,u0216,c005,mobile,5.2.0,2026-07-17T19:16:59Z,7
s003860,u0154,c017,web,,2026-07-17T19:17:03Z,31
s003861,u0216,c005,mobile,5.2.0,2026-07-17T19:17:17Z,7
s003862,u0033,c016,web,,2026-07-17T19:17:23Z,23
s003863,u0112,c014,tv,,2026-07-17T19:17:28Z,22
s003864,u0530,c001,mobile,5.2.0,2026-07-17T19:17:53Z,9
s003865,u0473,c050,mobile,5.2.0,2026-07-17T19:17:54Z,34
s003866,u0530,c001,mobile,5.2.0,2026-07-17T19:18:53Z,9
s003867,u0018,c056,web,,2026-07-17T19:18:57Z,16
s003868,u0474,c009,tv,,2026-07-17T19:19:12Z,46
s003869,u0530,c001,mobile,5.2.0,2026-07-17T19:19:47Z,9
s003870,u0241,c033,web,,2026-07-17T19:20:10Z,26
s003871,u0324,c008,tv,,2026-07-17T19:20:22Z,69
s003872,u0005,c012,tv,,2026-07-17T19:21:22Z,14
s003873,u0300,c055,mobile,5.2.0,2026-07-17T19:21:45Z,7
s003874,u0558,c005,mobile,5.2.0,2026-07-17T19:21:50Z,36
s003875,u0558,c005,mobile,5.2.0,2026-07-17T19:22:42Z,36
s003876,u0609,c009,mobile,5.2.0,2026-07-17T19:22:54Z,14
s003877,u0609,c009,mobile,5.2.0,2026-07-17T19:23:29Z,14
s003878,u0583,c014,mobile,5.2.0,2026-07-17T19:24:20Z,16
s003879,u0609,c009,mobile,5.2.0,2026-07-17T19:24:25Z,14
s003880,u0179,c001,tv,,2026-07-17T19:25:00Z,24
s003881,u0247,c038,mobile,5.2.0,2026-07-17T19:25:06Z,12
s003882,u0286,c011,mobile,5.2.0,2026-07-17T19:26:01Z,8
s003883,u0448,c006,mobile,5.2.0,2026-07-17T19:27:00Z,35
s003884,u0099,c010,web,,2026-07-17T19:27:34Z,12
s003885,u0184,c011,tv,,2026-07-17T19:27:34Z,20
s003886,u0650,c001,web,,2026-07-17T19:29:41Z,63
s003887,u0099,c002,tv,,2026-07-17T19:30:53Z,92
s003888,u0213,c001,web,,2026-07-17T19:30:57Z,11
s003889,u0606,c014,mobile,5.2.0,2026-07-17T19:31:14Z,18
s003890,u0126,c008,tv,,2026-07-17T19:31:30Z,51
s003891,u0606,c014,mobile,5.2.0,2026-07-17T19:31:32Z,18
s003892,u0657,c002,mobile,5.2.0,2026-07-17T19:31:35Z,10
s003893,u0121,c034,tv,,2026-07-17T19:31:36Z,64
s003894,u0751,c059,mobile,5.2.0,2026-07-17T19:31:53Z,13
s003895,u0735,c016,mobile,5.2.0,2026-07-17T19:32:10Z,14
s003896,u0751,c059,mobile,5.2.0,2026-07-17T19:32:13Z,13
s003897,u0534,c003,tv,,2026-07-17T19:32:20Z,23
s003898,u0541,c002,tv,,2026-07-17T19:32:35Z,43
s003899,u0056,c049,tv,,2026-07-17T19:33:18Z,158
s003900,u0179,c023,tv,,2026-07-17T19:34:29Z,39
s003901,u0723,c038,mobile,5.2.0,2026-07-17T19:34:29Z,36
s003902,u0588,c001,web,,2026-07-17T19:34:53Z,56
s003903,u0723,c001,tv,,2026-07-17T19:34:53Z,93
s003904,u0528,c001,mobile,5.2.0,2026-07-17T19:35:10Z,17
s003905,u0160,c038,mobile,5.2.0,2026-07-17T19:35:38Z,16
s003906,u0160,c038,mobile,5.2.0,2026-07-17T19:35:55Z,16
s003907,u0528,c001,mobile,5.2.0,2026-07-17T19:36:08Z,17
s003908,u0320,c008,web,,2026-07-17T19:36:10Z,32
s003909,u0595,c028,web,,2026-07-17T19:36:34Z,21
s003910,u0529,c019,mobile,5.2.0,2026-07-17T19:37:00Z,11
s003911,u0409,c004,web,,2026-07-17T19:37:10Z,19
s003912,u0562,c030,tv,,2026-07-17T19:37:34Z,36
s003913,u0044,c005,mobile,5.2.0,2026-07-17T19:38:21Z,19
s003914,u0551,c044,mobile,5.2.0,2026-07-17T19:40:05Z,11
s003915,u0663,c006,web,,2026-07-17T19:40:30Z,131
s003916,u0725,c012,mobile,5.2.0,2026-07-17T19:40:35Z,75
s003917,u0551,c044,mobile,5.2.0,2026-07-17T19:41:02Z,11
s003918,u0551,c044,mobile,5.2.0,2026-07-17T19:41:38Z,11
s003919,u0247,c041,mobile,5.2.0,2026-07-17T19:41:54Z,20
s003920,u0699,c023,mobile,5.2.0,2026-07-17T19:42:55Z,8
s003921,u0215,c009,tv,,2026-07-17T19:44:54Z,126
s003922,u0121,c031,tv,,2026-07-17T19:45:00Z,18
s003923,u0244,c008,web,,2026-07-17T19:47:16Z,74
s003924,u0039,c002,mobile,5.2.0,2026-07-17T19:48:29Z,50
s003925,u0121,c003,mobile,5.2.0,2026-07-17T19:48:32Z,24
s003926,u0039,c002,mobile,5.2.0,2026-07-17T19:48:38Z,50
s003927,u0505,c036,tv,,2026-07-17T19:50:42Z,49
s003928,u0337,c023,tv,,2026-07-17T19:50:44Z,51
s003929,u0718,c003,mobile,5.2.0,2026-07-17T19:50:44Z,56
s003930,u0463,c043,mobile,5.2.0,2026-07-17T19:52:50Z,18
s003931,u0359,c010,mobile,5.2.0,2026-07-17T19:52:59Z,12
s003932,u0112,c019,tv,,2026-07-17T19:53:47Z,38
s003933,u0616,c031,tv,,2026-07-17T19:54:27Z,42
s003934,u0229,c001,tv,,2026-07-17T19:54:34Z,27
s003935,u0151,c044,mobile,5.2.0,2026-07-17T19:54:38Z,26
s003936,u0366,c024,web,,2026-07-17T19:54:43Z,26
s003937,u0450,c011,mobile,5.2.0,2026-07-17T19:55:04Z,32
s003938,u0111,c002,web,,2026-07-17T19:55:12Z,39
s003939,u0450,c011,mobile,5.2.0,2026-07-17T19:55:42Z,32
s003940,u0265,c047,tv,,2026-07-17T19:56:53Z,65
s003941,u0613,c003,web,,2026-07-17T19:57:05Z,66
s003942,u0087,c046,mobile,5.2.0,2026-07-17T19:57:06Z,41
s003943,u0096,c021,mobile,5.2.0,2026-07-17T19:57:15Z,57
s003944,u0680,c001,web,,2026-07-17T19:58:01Z,55
s003945,u0633,c051,mobile,5.2.0,2026-07-17T19:58:15Z,18
s003946,u0633,c051,mobile,5.2.0,2026-07-17T19:58:30Z,18
s003947,u0633,c051,mobile,5.2.0,2026-07-17T19:58:42Z,18
s003948,u0035,c026,web,,2026-07-17T19:58:57Z,15
s003949,u0562,c004,tv,,2026-07-17T19:59:11Z,102
s003950,u0439,c015,mobile,5.2.0,2026-07-17T19:59:12Z,14
s003951,u0053,c028,tv,,2026-07-17T21:02:32Z,17
s003952,u0408,c014,tv,,2026-07-17T21:02:44Z,37
s003953,u0308,c024,web,,2026-07-17T21:02:45Z,38
s003954,u0318,c010,tv,,2026-07-17T21:02:52Z,69
s003955,u0111,c002,mobile,5.2.0,2026-07-17T21:03:20Z,20
s003956,u0027,c001,tv,,2026-07-17T21:03:40Z,34
s003957,u0417,c024,mobile,5.2.0,2026-07-17T21:03:44Z,19
s003958,u0027,c007,tv,,2026-07-17T21:05:23Z,37
s003959,u0002,c059,mobile,5.2.0,2026-07-17T21:05:28Z,23
s003960,u0002,c059,mobile,5.2.0,2026-07-17T21:05:36Z,23
s003961,u0235,c004,web,,2026-07-17T21:05:36Z,35
s003962,u0247,c013,mobile,5.2.0,2026-07-17T21:05:37Z,13
s003963,u0116,c001,mobile,5.2.0,2026-07-17T21:05:51Z,55
s003964,u0590,c002,mobile,5.2.0,2026-07-17T21:06:04Z,17
s003965,u0568,c002,mobile,5.2.0,2026-07-17T21:06:35Z,41
s003966,u0049,c051,web,,2026-07-17T21:07:17Z,29
s003967,u0189,c015,mobile,5.2.0,2026-07-17T21:07:39Z,8
s003968,u0132,c001,tv,,2026-07-17T21:09:14Z,240
s003969,u0189,c003,mobile,5.2.0,2026-07-17T21:09:16Z,11
s003970,u0157,c055,web,,2026-07-17T21:09:20Z,15
s003971,u0090,c026,tv,,2026-07-17T21:09:46Z,10
s003972,u0087,c005,mobile,5.2.0,2026-07-17T21:10:03Z,22
s003973,u0586,c005,mobile,5.2.0,2026-07-17T21:10:38Z,29
s003974,u0530,c005,mobile,5.2.0,2026-07-17T21:11:08Z,12
s003975,u0314,c001,mobile,5.2.0,2026-07-17T21:11:10Z,9
s003976,u0530,c005,mobile,5.2.0,2026-07-17T21:11:22Z,12
s003977,u0530,c005,mobile,5.2.0,2026-07-17T21:11:26Z,12
s003978,u0083,c001,mobile,5.2.0,2026-07-17T21:12:34Z,18
s003979,u0609,c040,web,,2026-07-17T21:12:41Z,36
s003980,u0757,c019,mobile,5.2.0,2026-07-17T21:12:45Z,70
s003981,u0189,c001,mobile,5.2.0,2026-07-17T21:13:19Z,19
s003982,u0189,c001,mobile,5.2.0,2026-07-17T21:13:42Z,19
s003983,u0539,c034,web,,2026-07-17T21:14:06Z,24
s003984,u0080,c005,tv,,2026-07-17T21:14:17Z,78
s003985,u0454,c044,tv,,2026-07-17T21:14:22Z,37
s003986,u0128,c010,tv,,2026-07-17T21:15:33Z,25
s003987,u0472,c029,mobile,5.2.0,2026-07-17T21:18:47Z,30
s003988,u0472,c029,mobile,5.2.0,2026-07-17T21:19:13Z,30
s003989,u0068,c001,web,,2026-07-17T21:19:24Z,18
s003990,u0251,c002,web,,2026-07-17T21:20:36Z,16
s003991,u0027,c012,web,,2026-07-17T21:21:22Z,8
s003992,u0725,c002,mobile,5.2.0,2026-07-17T21:21:53Z,37
s003993,u0195,c002,web,,2026-07-17T21:22:11Z,37
s003994,u0138,c017,mobile,5.2.0,2026-07-17T21:22:17Z,50
s003995,u0608,c003,web,,2026-07-17T21:23:43Z,22
s003996,u0739,c019,mobile,5.2.0,2026-07-17T21:25:28Z,11
s003997,u0718,c002,mobile,5.2.0,2026-07-17T21:25:31Z,21
s003998,u0210,c017,tv,,2026-07-17T21:25:54Z,50
s003999,u0718,c002,mobile,5.2.0,2026-07-17T21:26:02Z,21
s004000,u0634,c014,tv,,2026-07-17T21:26:20Z,56
s004001,u0562,c047,tv,,2026-07-17T21:27:23Z,21
s004002,u0358,c028,mobile,5.2.0,2026-07-17T21:28:57Z,19
s004003,u0291,c033,web,,2026-07-17T21:29:37Z,11
s004004,u0682,c001,mobile,5.2.0,2026-07-17T21:30:05Z,26
s004005,u0505,c044,web,,2026-07-17T21:30:25Z,33
s004006,u0137,c002,tv,,2026-07-17T21:30:35Z,60
s004007,u0682,c001,mobile,5.2.0,2026-07-17T21:30:38Z,26
s004008,u0307,c002,mobile,5.2.0,2026-07-17T21:30:51Z,20
s004009,u0022,c005,mobile,5.2.0,2026-07-17T21:31:33Z,37
s004010,u0707,c042,web,,2026-07-17T21:34:28Z,42
s004011,u0099,c029,web,,2026-07-17T21:35:45Z,41
s004012,u0166,c014,web,,2026-07-17T21:35:53Z,41
s004013,u0430,c044,mobile,5.2.0,2026-07-17T21:37:28Z,10
s004014,u0245,c044,tv,,2026-07-17T21:39:13Z,54
s004015,u0128,c036,tv,,2026-07-17T21:39:44Z,12
s004016,u0614,c025,mobile,5.2.0,2026-07-17T21:40:55Z,20
s004017,u0601,c021,tv,,2026-07-17T21:42:02Z,84
s004018,u0022,c030,mobile,5.2.0,2026-07-17T21:42:25Z,8
s004019,u0243,c004,web,,2026-07-17T21:42:58Z,32
s004020,u0609,c032,mobile,5.2.0,2026-07-17T21:43:06Z,20
s004021,u0664,c016,mobile,5.2.0,2026-07-17T21:43:29Z,57
s004022,u0568,c007,mobile,5.2.0,2026-07-17T21:43:54Z,19
s004023,u0725,c016,mobile,5.2.0,2026-07-17T21:44:15Z,30
s004024,u0608,c054,web,,2026-07-17T21:44:20Z,21
s004025,u0365,c029,tv,,2026-07-17T21:44:23Z,78
s004026,u0725,c016,mobile,5.2.0,2026-07-17T21:45:08Z,30
s004027,u0190,c001,web,,2026-07-17T21:47:50Z,65
s004028,u0725,c009,mobile,5.2.0,2026-07-17T21:48:07Z,37
s004029,u0298,c029,web,,2026-07-17T21:48:40Z,24
s004030,u0658,c012,mobile,5.2.0,2026-07-17T21:48:49Z,8
s004031,u0245,c001,tv,,2026-07-17T21:48:54Z,101
s004032,u0658,c012,mobile,5.2.0,2026-07-17T21:49:15Z,8
s004033,u0415,c015,tv,,2026-07-17T21:49:35Z,29
s004034,u0535,c001,mobile,5.2.0,2026-07-17T21:49:36Z,78
s004035,u0621,c006,mobile,5.2.0,2026-07-17T21:50:02Z,18
s004036,u0621,c006,mobile,5.2.0,2026-07-17T21:50:15Z,18
s004037,u0031,c020,mobile,5.2.0,2026-07-17T21:50:20Z,6
s004038,u0710,c002,tv,,2026-07-17T21:51:01Z,47
s004039,u0419,c002,mobile,5.2.0,2026-07-17T21:51:24Z,47
s004040,u0385,c004,web,,2026-07-17T21:51:44Z,43
s004041,u0087,c025,mobile,5.2.0,2026-07-17T21:51:59Z,13
s004042,u0760,c005,mobile,5.2.0,2026-07-17T21:52:07Z,24
s004043,u0246,c017,mobile,5.2.0,2026-07-17T21:52:09Z,31
s004044,u0129,c007,web,,2026-07-17T21:52:32Z,93
s004045,u0246,c017,mobile,5.2.0,2026-07-17T21:52:48Z,31
s004046,u0059,c002,mobile,5.2.0,2026-07-17T21:53:24Z,7
s004047,u0679,c010,mobile,5.2.0,2026-07-17T21:53:43Z,11
s004048,u0485,c005,tv,,2026-07-17T21:53:58Z,32
s004049,u0679,c010,mobile,5.2.0,2026-07-17T21:54:17Z,11
s004050,u0568,c001,mobile,5.2.0,2026-07-17T21:55:04Z,29
s004051,u0663,c001,mobile,5.2.0,2026-07-17T21:55:19Z,27
s004052,u0604,c032,tv,,2026-07-17T21:55:33Z,120
s004053,u0218,c039,mobile,5.2.0,2026-07-17T21:57:12Z,13
s004054,u0218,c039,mobile,5.2.0,2026-07-17T21:57:22Z,13
s004055,u0010,c053,tv,,2026-07-17T21:58:24Z,28
s004056,u0516,c003,mobile,5.2.0,2026-07-17T21:58:31Z,30
s004057,u0246,c057,mobile,5.2.0,2026-07-17T23:01:16Z,50
s004058,u0719,c002,mobile,5.2.0,2026-07-17T23:03:36Z,26
s004059,u0719,c002,mobile,5.2.0,2026-07-17T23:04:19Z,26
s004060,u0386,c016,mobile,5.2.0,2026-07-17T23:09:25Z,15
s004061,u0663,c009,web,,2026-07-17T23:09:25Z,45
s004062,u0744,c046,tv,,2026-07-17T23:10:20Z,62
s004063,u0209,c027,tv,,2026-07-17T23:12:54Z,13
s004064,u0478,c048,tv,,2026-07-17T23:18:30Z,73
s004065,u0743,c060,tv,,2026-07-17T23:23:12Z,9
s004066,u0338,c024,tv,,2026-07-17T23:29:45Z,99
s004067,u0625,c016,web,,2026-07-17T23:30:31Z,19
s004068,u0727,c002,mobile,5.2.0,2026-07-17T23:36:38Z,12
s004069,u0727,c002,mobile,5.2.0,2026-07-17T23:37:02Z,12
s004070,u0099,c043,web,,2026-07-17T23:37:06Z,32
s004071,u0137,c027,tv,,2026-07-17T23:37:24Z,21
s004072,u0131,c045,mobile,5.2.0,2026-07-17T23:38:20Z,42
s004073,u0245,c006,mobile,5.2.0,2026-07-17T23:40:41Z,26
s004074,u0714,c044,mobile,5.2.0,2026-07-17T23:40:50Z,20
s004075,u0737,c002,mobile,5.2.0,2026-07-17T23:41:00Z,14
s004076,u0309,c012,tv,,2026-07-17T23:41:15Z,47
s004077,u0245,c006,mobile,5.2.0,2026-07-17T23:41:38Z,26
s004078,u0245,c006,mobile,5.2.0,2026-07-17T23:42:15Z,26
s004079,u0638,c002,web,,2026-07-17T23:42:22Z,33
s004080,u0022,c003,mobile,5.2.0,2026-07-17T23:42:52Z,10
s004081,u0707,c014,web,,2026-07-17T23:42:58Z,153
s004082,u0166,c001,web,,2026-07-17T23:43:21Z,14
s004083,u0001,c004,web,,2026-07-17T23:55:25Z,37
s004084,u0454,c002,tv,,2026-07-18T08:00:02Z,42
s004085,u0620,c001,tv,,2026-07-18T08:00:45Z,51
s004086,u0577,c029,tv,,2026-07-18T08:00:53Z,21
s004087,u0045,c058,mobile,5.2.0,2026-07-18T08:01:58Z,9
s004088,u0056,c044,web,,2026-07-18T08:02:28Z,31
s004089,u0045,c058,mobile,5.2.0,2026-07-18T08:02:40Z,9
s004090,u0276,c047,mobile,5.2.0,2026-07-18T08:03:50Z,23
s004091,u0409,c009,web,,2026-07-18T08:11:08Z,45
s004092,u0476,c001,tv,,2026-07-18T08:19:23Z,26
s004093,u0225,c014,web,,2026-07-18T08:24:30Z,24
s004094,u0763,c032,web,,2026-07-18T08:24:47Z,34
s004095,u0436,c031,web,,2026-07-18T08:33:37Z,25
s004096,u0748,c014,mobile,5.2.0,2026-07-18T08:34:00Z,28
s004097,u0413,c044,web,,2026-07-18T08:35:35Z,60
s004098,u0691,c006,web,,2026-07-18T08:38:28Z,14
s004099,u0124,c003,mobile,5.2.0,2026-07-18T08:41:57Z,9
s004100,u0218,c020,mobile,5.2.0,2026-07-18T08:42:28Z,19
s004101,u0218,c020,mobile,5.2.0,2026-07-18T08:43:21Z,19
s004102,u0332,c016,mobile,5.2.0,2026-07-18T08:43:35Z,6
s004103,u0139,c004,web,,2026-07-18T12:02:01Z,57
s004104,u0340,c057,mobile,5.2.0,2026-07-18T12:03:46Z,19
s004105,u0130,c030,tv,,2026-07-18T12:04:42Z,19
s004106,u0321,c008,mobile,5.2.0,2026-07-18T12:06:35Z,7
s004107,u0006,c031,web,,2026-07-18T12:10:07Z,20
s004108,u0190,c003,mobile,5.2.0,2026-07-18T12:11:13Z,54
s004109,u0551,c002,mobile,5.2.0,2026-07-18T12:11:43Z,31
s004110,u0292,c041,tv,,2026-07-18T12:11:44Z,46
s004111,u0737,c035,mobile,5.2.0,2026-07-18T12:15:26Z,56
s004112,u0737,c035,mobile,5.2.0,2026-07-18T12:15:30Z,56
s004113,u0658,c024,mobile,5.2.0,2026-07-18T12:16:31Z,36
s004114,u0453,c036,mobile,5.2.0,2026-07-18T12:16:59Z,40
s004115,u0326,c008,tv,,2026-07-18T12:17:01Z,92
s004116,u0271,c001,web,,2026-07-18T12:18:57Z,29
s004117,u0616,c039,mobile,5.2.0,2026-07-18T12:21:33Z,72
s004118,u0081,c001,tv,,2026-07-18T12:23:07Z,52
s004119,u0258,c023,mobile,5.2.0,2026-07-18T12:27:12Z,96
s004120,u0390,c010,web,,2026-07-18T12:28:57Z,15
s004121,u0420,c009,tv,,2026-07-18T12:30:08Z,36
s004122,u0277,c045,web,,2026-07-18T12:31:56Z,14
s004123,u0725,c043,mobile,5.2.0,2026-07-18T12:36:09Z,32
s004124,u0362,c007,tv,,2026-07-18T12:37:28Z,46
s004125,u0608,c005,web,,2026-07-18T12:37:34Z,30
s004126,u0068,c004,web,,2026-07-18T12:40:51Z,9
s004127,u0345,c007,web,,2026-07-18T12:43:40Z,36
s004128,u0659,c004,web,,2026-07-18T12:44:58Z,57
s004129,u0407,c039,mobile,5.2.0,2026-07-18T12:45:48Z,32
s004130,u0407,c039,mobile,5.2.0,2026-07-18T12:46:32Z,32
s004131,u0182,c041,web,,2026-07-18T12:46:34Z,23
s004132,u0421,c030,mobile,5.2.0,2026-07-18T12:48:58Z,7
s004133,u0072,c004,mobile,5.2.0,2026-07-18T12:49:24Z,24
s004134,u0146,c008,web,,2026-07-18T12:50:48Z,41
s004135,u0420,c054,web,,2026-07-18T12:56:03Z,21
s004136,u0226,c018,mobile,5.2.0,2026-07-18T12:59:29Z,19
s004137,u0226,c018,mobile,5.2.0,2026-07-18T13:00:29Z,19
s004138,u0663,c001,mobile,5.2.0,2026-07-18T17:00:08Z,18
s004139,u0194,c001,web,,2026-07-18T17:00:17Z,47
s004140,u0674,c033,mobile,5.2.0,2026-07-18T17:01:35Z,11
s004141,u0674,c033,mobile,5.2.0,2026-07-18T17:01:56Z,11
s004142,u0283,c003,mobile,5.2.0,2026-07-18T17:03:52Z,15
s004143,u0289,c002,mobile,5.2.0,2026-07-18T17:03:56Z,11
s004144,u0154,c004,web,,2026-07-18T17:05:06Z,103
s004145,u0251,c003,web,,2026-07-18T17:06:55Z,96
s004146,u0104,c058,web,,2026-07-18T17:07:28Z,32
s004147,u0527,c019,tv,,2026-07-18T17:07:32Z,68
s004148,u0398,c002,mobile,5.2.0,2026-07-18T17:07:42Z,21
s004149,u0370,c038,mobile,5.2.0,2026-07-18T17:09:38Z,75
s004150,u0370,c038,mobile,5.2.0,2026-07-18T17:09:57Z,75
s004151,u0671,c003,mobile,5.2.0,2026-07-18T17:11:39Z,20
s004152,u0346,c001,mobile,5.2.0,2026-07-18T17:12:08Z,30
s004153,u0346,c001,mobile,5.2.0,2026-07-18T17:12:29Z,30
s004154,u0037,c049,tv,,2026-07-18T17:12:57Z,42
s004155,u0026,c008,mobile,5.2.0,2026-07-18T17:15:56Z,26
s004156,u0199,c003,web,,2026-07-18T17:15:58Z,38
s004157,u0689,c054,tv,,2026-07-18T17:16:00Z,141
s004158,u0138,c025,mobile,5.2.0,2026-07-18T17:16:20Z,9
s004159,u0378,c029,web,,2026-07-18T17:19:30Z,129
s004160,u0471,c002,web,,2026-07-18T17:19:49Z,38
s004161,u0458,c038,web,,2026-07-18T17:24:03Z,28
s004162,u0624,c007,mobile,5.2.0,2026-07-18T17:24:08Z,59
s004163,u0265,c006,tv,,2026-07-18T17:24:12Z,89
s004164,u0427,c001,mobile,5.2.0,2026-07-18T17:26:22Z,28
s004165,u0054,c032,web,,2026-07-18T17:26:42Z,34
s004166,u0109,c003,mobile,5.2.0,2026-07-18T17:36:07Z,22
s004167,u0211,c006,mobile,5.2.0,2026-07-18T17:39:12Z,18
s004168,u0626,c002,web,,2026-07-18T17:40:18Z,18
s004169,u0146,c005,mobile,5.2.0,2026-07-18T17:42:13Z,11
s004170,u0321,c012,web,,2026-07-18T17:42:19Z,48
s004171,u0146,c005,mobile,5.2.0,2026-07-18T17:42:35Z,11
s004172,u0216,c042,mobile,5.2.0,2026-07-18T17:43:05Z,21
s004173,u0245,c031,tv,,2026-07-18T17:44:47Z,13
s004174,u0247,c004,mobile,5.2.0,2026-07-18T17:46:40Z,12
s004175,u0629,c049,tv,,2026-07-18T17:47:04Z,42
s004176,u0403,c008,tv,,2026-07-18T17:50:09Z,18
s004177,u0436,c057,mobile,5.2.0,2026-07-18T17:50:37Z,23
s004178,u0218,c017,mobile,5.2.0,2026-07-18T17:53:06Z,10
s004179,u0189,c053,mobile,5.2.0,2026-07-18T17:56:08Z,25
s004180,u0753,c021,tv,,2026-07-18T17:58:18Z,32
s004181,u0204,c008,mobile,5.2.0,2026-07-18T17:59:39Z,62
s004182,u0701,c011,mobile,5.2.0,2026-07-18T19:00:00Z,74
s004183,u0273,c015,web,,2026-07-18T19:00:09Z,47
s004184,u0701,c011,mobile,5.2.0,2026-07-18T19:00:47Z,74
s004185,u0061,c046,tv,,2026-07-18T19:00:49Z,88
s004186,u0607,c001,tv,,2026-07-18T19:01:24Z,20
s004187,u0245,c008,tv,,2026-07-18T19:01:31Z,25
s004188,u0645,c007,mobile,5.2.0,2026-07-18T19:02:37Z,21
s004189,u0738,c015,tv,,2026-07-18T19:03:17Z,22
s004190,u0534,c022,tv,,2026-07-18T19:03:30Z,26
s004191,u0406,c005,web,,2026-07-18T19:04:14Z,23
s004192,u0393,c034,mobile,5.2.0,2026-07-18T19:04:43Z,34
s004193,u0355,c041,web,,2026-07-18T19:06:24Z,111
s004194,u0740,c005,mobile,5.2.0,2026-07-18T19:07:00Z,12
s004195,u0014,c002,web,,2026-07-18T19:07:02Z,44
s004196,u0111,c001,mobile,5.2.0,2026-07-18T19:07:02Z,30
s004197,u0485,c051,tv,,2026-07-18T19:07:11Z,63
s004198,u0177,c009,tv,,2026-07-18T19:07:36Z,41
s004199,u0116,c018,mobile,5.2.0,2026-07-18T19:08:12Z,29
s004200,u0584,c001,web,,2026-07-18T19:08:44Z,30
s004201,u0043,c022,mobile,5.2.0,2026-07-18T19:09:23Z,20
s004202,u0362,c013,tv,,2026-07-18T19:09:31Z,51
s004203,u0362,c040,tv,,2026-07-18T19:10:37Z,51
s004204,u0658,c003,mobile,5.2.0,2026-07-18T19:12:02Z,6
s004205,u0090,c003,tv,,2026-07-18T19:12:14Z,32
s004206,u0086,c029,mobile,5.2.0,2026-07-18T19:12:43Z,9
s004207,u0086,c029,mobile,5.2.0,2026-07-18T19:12:54Z,9
s004208,u0204,c051,mobile,5.2.0,2026-07-18T19:13:35Z,10
s004209,u0204,c051,mobile,5.2.0,2026-07-18T19:14:08Z,10
s004210,u0744,c001,web,,2026-07-18T19:15:28Z,41
s004211,u0612,c006,tv,,2026-07-18T19:17:19Z,10
s004212,u0351,c018,web,,2026-07-18T19:19:03Z,125
s004213,u0158,c005,tv,,2026-07-18T19:19:29Z,42
s004214,u0703,c002,web,,2026-07-18T19:19:32Z,28
s004215,u0630,c029,mobile,5.2.0,2026-07-18T19:20:50Z,17
s004216,u0283,c014,mobile,5.2.0,2026-07-18T19:20:54Z,38
s004217,u0047,c010,mobile,5.2.0,2026-07-18T19:20:55Z,19
s004218,u0283,c014,mobile,5.2.0,2026-07-18T19:21:16Z,38
s004219,u0047,c010,mobile,5.2.0,2026-07-18T19:21:51Z,19
s004220,u0047,c010,mobile,5.2.0,2026-07-18T19:22:22Z,19
s004221,u0421,c031,mobile,5.2.0,2026-07-18T19:22:42Z,39
s004222,u0421,c031,mobile,5.2.0,2026-07-18T19:23:05Z,39
s004223,u0671,c002,mobile,5.2.0,2026-07-18T19:24:08Z,35
s004224,u0309,c008,mobile,5.2.0,2026-07-18T19:25:50Z,97
s004225,u0694,c008,mobile,5.2.0,2026-07-18T19:26:01Z,22
s004226,u0309,c008,mobile,5.2.0,2026-07-18T19:26:21Z,97
s004227,u0497,c003,web,,2026-07-18T19:28:00Z,32
s004228,u0400,c001,mobile,5.2.0,2026-07-18T19:29:15Z,37
s004229,u0512,c039,mobile,5.2.0,2026-07-18T19:29:39Z,101
s004230,u0512,c039,mobile,5.2.0,2026-07-18T19:29:57Z,101
s004231,u0128,c023,tv,,2026-07-18T19:30:54Z,54
s004232,u0043,c055,mobile,5.2.0,2026-07-18T19:32:42Z,15
s004233,u0698,c024,tv,,2026-07-18T19:32:50Z,32
s004234,u0670,c021,tv,,2026-07-18T19:32:55Z,91
s004235,u0178,c021,web,,2026-07-18T19:33:20Z,70
s004236,u0609,c011,mobile,5.2.0,2026-07-18T19:35:07Z,14
s004237,u0279,c032,web,,2026-07-18T19:35:12Z,23
s004238,u0720,c003,mobile,5.2.0,2026-07-18T19:35:17Z,11
s004239,u0171,c031,mobile,5.2.0,2026-07-18T19:35:33Z,27
s004240,u0171,c031,mobile,5.2.0,2026-07-18T19:35:47Z,27
s004241,u0538,c003,web,,2026-07-18T19:35:59Z,20
s004242,u0157,c001,web,,2026-07-18T19:37:14Z,54
s004243,u0263,c006,mobile,5.2.0,2026-07-18T19:38:12Z,21
s004244,u0126,c001,tv,,2026-07-18T19:38:41Z,81
s004245,u0774,c001,mobile,5.2.0,2026-07-18T19:39:26Z,14
s004246,u0307,c005,mobile,5.2.0,2026-07-18T19:39:34Z,15
s004247,u0307,c005,mobile,5.2.0,2026-07-18T19:40:14Z,15
s004248,u0307,c005,mobile,5.2.0,2026-07-18T19:41:09Z,15
s004249,u0744,c044,tv,,2026-07-18T19:41:44Z,17
s004250,u0005,c009,tv,,2026-07-18T19:42:20Z,25
s004251,u0318,c008,tv,,2026-07-18T19:42:31Z,45
s004252,u0179,c019,tv,,2026-07-18T19:43:35Z,13
s004253,u0200,c013,mobile,5.2.0,2026-07-18T19:44:20Z,14
s004254,u0390,c034,web,,2026-07-18T19:44:43Z,21
s004255,u0200,c013,mobile,5.2.0,2026-07-18T19:44:53Z,14
s004256,u0431,c003,mobile,5.2.0,2026-07-18T19:47:29Z,38
s004257,u0687,c053,mobile,5.2.0,2026-07-18T19:47:32Z,19
s004258,u0358,c013,mobile,5.2.0,2026-07-18T19:48:00Z,15
s004259,u0431,c003,mobile,5.2.0,2026-07-18T19:48:17Z,38
s004260,u0670,c046,tv,,2026-07-18T19:48:41Z,91
s004261,u0415,c019,tv,,2026-07-18T19:48:53Z,51
s004262,u0018,c031,web,,2026-07-18T19:49:22Z,59
s004263,u0766,c054,mobile,5.2.0,2026-07-18T19:49:55Z,14
s004264,u0766,c054,mobile,5.2.0,2026-07-18T19:50:10Z,14
s004265,u0626,c011,web,,2026-07-18T19:50:14Z,19
s004266,u0446,c011,mobile,5.2.0,2026-07-18T19:50:26Z,14
s004267,u0426,c001,mobile,5.2.0,2026-07-18T19:50:28Z,33
s004268,u0008,c008,mobile,5.2.0,2026-07-18T19:50:36Z,21
s004269,u0590,c037,tv,,2026-07-18T19:51:34Z,36
s004270,u0008,c008,mobile,5.2.0,2026-07-18T19:51:35Z,21
s004271,u0247,c022,mobile,5.2.0,2026-07-18T19:51:47Z,21
s004272,u0558,c029,mobile,5.2.0,2026-07-18T19:51:50Z,16
s004273,u0247,c022,mobile,5.2.0,2026-07-18T19:51:53Z,21
s004274,u0530,c004,mobile,5.2.0,2026-07-18T19:52:14Z,11
s004275,u0772,c008,mobile,5.2.0,2026-07-18T19:53:06Z,20
s004276,u0136,c019,tv,,2026-07-18T19:53:46Z,106
s004277,u0198,c007,mobile,5.2.0,2026-07-18T19:53:59Z,36
s004278,u0243,c001,web,,2026-07-18T19:54:02Z,12
s004279,u0132,c016,tv,,2026-07-18T19:54:36Z,105
s004280,u0472,c046,mobile,5.2.0,2026-07-18T19:55:14Z,34
s004281,u0247,c028,mobile,5.2.0,2026-07-18T19:56:20Z,20
s004282,u0722,c003,mobile,5.2.0,2026-07-18T19:57:45Z,5
s004283,u0153,c002,web,,2026-07-18T19:57:50Z,74
s004284,u0722,c003,mobile,5.2.0,2026-07-18T19:58:08Z,5
s004285,u0005,c001,tv,,2026-07-18T19:58:48Z,26
s004286,u0183,c002,tv,,2026-07-18T21:02:24Z,58
s004287,u0342,c005,web,,2026-07-18T21:02:59Z,89
s004288,u0021,c002,tv,,2026-07-18T21:03:20Z,80
s004289,u0656,c014,tv,,2026-07-18T21:03:22Z,43
s004290,u0208,c016,tv,,2026-07-18T21:03:43Z,55
s004291,u0169,c001,mobile,5.2.0,2026-07-18T21:03:55Z,26
s004292,u0402,c009,mobile,5.2.0,2026-07-18T21:04:34Z,53
s004293,u0183,c002,tv,,2026-07-18T21:04:47Z,30
s004294,u0087,c042,mobile,5.2.0,2026-07-18T21:05:03Z,40
s004295,u0038,c048,tv,,2026-07-18T21:05:24Z,185
s004296,u0178,c043,web,,2026-07-18T21:05:38Z,49
s004297,u0309,c022,tv,,2026-07-18T21:05:42Z,82
s004298,u0389,c026,web,,2026-07-18T21:05:44Z,46
s004299,u0617,c014,tv,,2026-07-18T21:06:53Z,32
s004300,u0416,c059,web,,2026-07-18T21:09:54Z,39
s004301,u0017,c007,tv,,2026-07-18T21:10:52Z,110
s004302,u0650,c001,tv,,2026-07-18T21:11:04Z,24
s004303,u0650,c003,mobile,5.2.0,2026-07-18T21:11:13Z,7
s004304,u0190,c033,mobile,5.2.0,2026-07-18T21:11:17Z,43
s004305,u0190,c033,mobile,5.2.0,2026-07-18T21:11:27Z,43
s004306,u0049,c045,tv,,2026-07-18T21:12:11Z,40
s004307,u0490,c012,web,,2026-07-18T21:12:16Z,84
s004308,u0369,c011,mobile,5.2.0,2026-07-18T21:13:21Z,21
s004309,u0178,c031,web,,2026-07-18T21:13:42Z,17
s004310,u0576,c051,web,,2026-07-18T21:14:15Z,52
s004311,u0609,c014,mobile,5.2.0,2026-07-18T21:14:25Z,9
s004312,u0420,c001,web,,2026-07-18T21:16:04Z,30
s004313,u0165,c001,tv,,2026-07-18T21:16:16Z,14
s004314,u0222,c012,web,,2026-07-18T21:16:45Z,10
s004315,u0183,c050,tv,,2026-07-18T21:18:04Z,69
s004316,u0343,c007,mobile,5.2.0,2026-07-18T21:18:13Z,15
s004317,u0549,c021,tv,,2026-07-18T21:18:39Z,122
s004318,u0520,c015,tv,,2026-07-18T21:18:54Z,76
s004319,u0013,c001,tv,,2026-07-18T21:19:57Z,52
s004320,u0286,c003,mobile,5.2.0,2026-07-18T21:20:05Z,54
s004321,u0629,c007,tv,,2026-07-18T21:21:31Z,31
s004322,u0162,c001,mobile,5.2.0,2026-07-18T21:21:51Z,22
s004323,u0246,c025,mobile,5.2.0,2026-07-18T21:22:32Z,19
s004324,u0472,c005,mobile,5.2.0,2026-07-18T21:22:33Z,45
s004325,u0472,c005,mobile,5.2.0,2026-07-18T21:22:59Z,45
s004326,u0437,c011,mobile,5.2.0,2026-07-18T21:23:15Z,30
s004327,u0356,c002,mobile,5.2.0,2026-07-18T21:25:55Z,15
s004328,u0037,c050,tv,,2026-07-18T21:26:03Z,128
s004329,u0763,c029,web,,2026-07-18T21:26:05Z,19
s004330,u0227,c010,web,,2026-07-18T21:26:33Z,24
s004331,u0625,c032,web,,2026-07-18T21:27:29Z,22
s004332,u0138,c001,mobile,5.2.0,2026-07-18T21:28:26Z,10
s004333,u0183,c009,tv,,2026-07-18T21:29:39Z,22
s004334,u0452,c004,mobile,5.2.0,2026-07-18T21:30:54Z,48
s004335,u0704,c060,mobile,5.2.0,2026-07-18T21:31:39Z,14
s004336,u0037,c001,tv,,2026-07-18T21:31:50Z,44
s004337,u0218,c018,mobile,5.2.0,2026-07-18T21:31:54Z,13
s004338,u0704,c060,mobile,5.2.0,2026-07-18T21:32:16Z,14
s004339,u0218,c018,mobile,5.2.0,2026-07-18T21:32:49Z,13
s004340,u0580,c004,mobile,5.2.0,2026-07-18T21:32:50Z,32
s004341,u0500,c004,tv,,2026-07-18T21:33:01Z,15
s004342,u0047,c028,tv,,2026-07-18T21:34:39Z,34
s004343,u0008,c008,mobile,5.2.0,2026-07-18T21:35:26Z,43
s004344,u0008,c008,mobile,5.2.0,2026-07-18T21:35:39Z,43
s004345,u0132,c002,mobile,5.2.0,2026-07-18T21:36:11Z,27
s004346,u0647,c011,web,,2026-07-18T21:36:19Z,14
s004347,u0075,c022,mobile,5.2.0,2026-07-18T21:36:50Z,20
s004348,u0559,c026,mobile,5.2.0,2026-07-18T21:37:40Z,59
s004349,u0208,c002,tv,,2026-07-18T21:38:05Z,56
s004350,u0300,c002,mobile,5.2.0,2026-07-18T21:38:56Z,10
s004351,u0072,c001,mobile,5.2.0,2026-07-18T21:39:06Z,7
s004352,u0634,c002,tv,,2026-07-18T21:39:41Z,47
s004353,u0219,c001,mobile,5.2.0,2026-07-18T21:39:58Z,38
s004354,u0340,c019,web,,2026-07-18T21:40:26Z,21
s004355,u0547,c016,mobile,5.2.0,2026-07-18T21:40:29Z,15
s004356,u0454,c001,tv,,2026-07-18T21:42:03Z,46
s004357,u0383,c001,web,,2026-07-18T21:42:56Z,41
s004358,u0704,c011,tv,,2026-07-18T21:43:03Z,49
s004359,u0469,c001,tv,,2026-07-18T21:43:23Z,24
s004360,u0732,c001,web,,2026-07-18T21:44:12Z,19
s004361,u0198,c006,mobile,5.2.0,2026-07-18T21:44:42Z,31
s004362,u0198,c006,mobile,5.2.0,2026-07-18T21:44:56Z,31
s004363,u0205,c013,mobile,5.2.0,2026-07-18T21:45:38Z,31
s004364,u0675,c010,tv,,2026-07-18T21:45:39Z,17
s004365,u0109,c001,mobile,5.2.0,2026-07-18T21:46:08Z,32
s004366,u0652,c017,web,,2026-07-18T21:47:22Z,65
s004367,u0385,c022,web,,2026-07-18T21:49:31Z,98
s004368,u0740,c005,tv,,2026-07-18T21:49:45Z,41
s004369,u0171,c002,tv,,2026-07-18T21:50:25Z,64
s004370,u0297,c001,tv,,2026-07-18T21:50:42Z,35
s004371,u0317,c017,tv,,2026-07-18T21:50:51Z,82
s004372,u0738,c007,mobile,5.2.0,2026-07-18T21:55:15Z,22
s004373,u0738,c007,mobile,5.2.0,2026-07-18T21:55:21Z,22
s004374,u0244,c042,mobile,5.2.0,2026-07-18T21:56:26Z,23
s004375,u0244,c042,mobile,5.2.0,2026-07-18T21:56:40Z,23
s004376,u0742,c015,tv,,2026-07-18T21:57:29Z,131
s004377,u0689,c003,web,,2026-07-18T21:58:00Z,133
s004378,u0106,c030,tv,,2026-07-18T21:58:08Z,160
s004379,u0307,c003,mobile,5.2.0,2026-07-18T21:59:25Z,26
s004380,u0210,c003,tv,,2026-07-18T23:06:19Z,86
s004381,u0245,c028,tv,,2026-07-18T23:09:47Z,49
s004382,u0748,c003,mobile,5.2.0,2026-07-18T23:10:05Z,46
s004383,u0318,c012,tv,,2026-07-18T23:11:42Z,32
s004384,u0369,c001,mobile,5.2.0,2026-07-18T23:11:57Z,23
s004385,u0253,c054,tv,,2026-07-18T23:12:07Z,41
s004386,u0593,c037,mobile,5.2.0,2026-07-18T23:14:00Z,75
s004387,u0332,c059,mobile,5.2.0,2026-07-18T23:14:36Z,22
s004388,u0661,c024,web,,2026-07-18T23:15:52Z,18
s004389,u0577,c012,tv,,2026-07-18T23:16:01Z,29
s004390,u0517,c001,tv,,2026-07-18T23:16:08Z,22
s004391,u0246,c011,mobile,5.2.0,2026-07-18T23:16:12Z,26
s004392,u0400,c001,mobile,5.2.0,2026-07-18T23:18:12Z,50
s004393,u0506,c050,mobile,5.2.0,2026-07-18T23:19:04Z,19
s004394,u0506,c050,mobile,5.2.0,2026-07-18T23:19:12Z,19
s004395,u0506,c050,mobile,5.2.0,2026-07-18T23:19:33Z,19
s004396,u0758,c006,mobile,5.2.0,2026-07-18T23:21:26Z,13
s004397,u0431,c001,mobile,5.2.0,2026-07-18T23:22:38Z,119
s004398,u0225,c009,web,,2026-07-18T23:25:51Z,55
s004399,u0716,c001,tv,,2026-07-18T23:26:28Z,20
s004400,u0002,c021,mobile,5.2.0,2026-07-18T23:30:44Z,18
s004401,u0590,c010,mobile,5.2.0,2026-07-18T23:32:59Z,20
s004402,u0590,c010,mobile,5.2.0,2026-07-18T23:33:37Z,20
s004403,u0082,c021,mobile,5.2.0,2026-07-18T23:35:03Z,26
s004404,u0082,c021,mobile,5.2.0,2026-07-18T23:35:32Z,26
s004405,u0455,c004,web,,2026-07-18T23:35:41Z,17
s004406,u0499,c011,web,,2026-07-18T23:39:31Z,57
s004407,u0243,c018,mobile,5.2.0,2026-07-18T23:44:41Z,42
s004408,u0748,c010,mobile,5.2.0,2026-07-18T23:47:54Z,146
s004409,u0216,c010,mobile,5.2.0,2026-07-18T23:48:14Z,11
s004410,u0216,c010,mobile,5.2.0,2026-07-18T23:49:05Z,11
s004411,u0468,c039,tv,,2026-07-18T23:49:07Z,13
s004412,u0515,c039,tv,,2026-07-18T23:52:02Z,58
s004413,u0471,c018,web,,2026-07-18T23:52:36Z,64
s004414,u0609,c037,tv,,2026-07-18T23:52:39Z,38
s004415,u0179,c041,tv,,2026-07-18T23:53:51Z,57
s004416,u0600,c024,web,,2026-07-18T23:53:57Z,34
s004417,u0677,c001,mobile,5.2.0,2026-07-18T23:57:47Z,21
s004418,u0677,c001,mobile,5.2.0,2026-07-18T23:58:15Z,21
s004419,u0431,c014,mobile,5.2.0,2026-07-19T08:10:07Z,11
s004420,u0742,c002,tv,,2026-07-19T08:19:01Z,102
s004421,u0677,c013,mobile,5.2.0,2026-07-19T08:22:57Z,7
s004422,u0689,c009,tv,,2026-07-19T08:24:32Z,167
s004423,u0355,c013,web,,2026-07-19T08:26:46Z,34
s004424,u0479,c027,tv,,2026-07-19T08:31:53Z,35
s004425,u0225,c051,web,,2026-07-19T08:39:02Z,27
s004426,u0064,c006,web,,2026-07-19T08:39:59Z,33
s004427,u0650,c034,mobile,5.2.0,2026-07-19T08:48:01Z,20
s004428,u0355,c019,web,,2026-07-19T08:48:20Z,33
s004429,u0585,c004,mobile,5.2.0,2026-07-19T08:48:36Z,12
s004430,u0002,c008,mobile,5.2.0,2026-07-19T08:50:26Z,17
s004431,u0002,c008,mobile,5.2.0,2026-07-19T08:51:08Z,17
s004432,u0586,c001,web,,2026-07-19T12:01:04Z,63
s004433,u0249,c020,tv,,2026-07-19T12:04:25Z,72
s004434,u0602,c007,mobile,5.2.0,2026-07-19T12:04:59Z,9
s004435,u0132,c001,tv,,2026-07-19T12:06:40Z,45
s004436,u0288,c005,web,,2026-07-19T12:10:54Z,17
s004437,u0245,c001,tv,,2026-07-19T12:11:39Z,99
s004438,u0305,c036,tv,,2026-07-19T12:13:07Z,20
s004439,u0416,c003,web,,2026-07-19T12:15:13Z,29
s004440,u0008,c031,mobile,5.2.0,2026-07-19T12:15:44Z,13
s004441,u0111,c002,mobile,5.2.0,2026-07-19T12:16:35Z,29
s004442,u0160,c003,mobile,5.2.0,2026-07-19T12:17:13Z,30
s004443,u0308,c027,web,,2026-07-19T12:19:19Z,106
s004444,u0528,c001,mobile,5.2.0,2026-07-19T12:25:49Z,45
s004445,u0218,c010,tv,,2026-07-19T12:26:53Z,49
s004446,u0295,c023,web,,2026-07-19T12:27:55Z,25
s004447,u0094,c002,tv,,2026-07-19T12:28:00Z,148
s004448,u0307,c012,mobile,5.2.0,2026-07-19T12:30:03Z,14
s004449,u0356,c004,web,,2026-07-19T12:30:15Z,49
s004450,u0663,c025,web,,2026-07-19T12:32:14Z,54
s004451,u0234,c010,mobile,5.2.0,2026-07-19T12:32:30Z,16
s004452,u0028,c022,tv,,2026-07-19T12:33:36Z,53
s004453,u0753,c001,tv,,2026-07-19T12:33:42Z,34
s004454,u0277,c004,web,,2026-07-19T12:34:26Z,85
s004455,u0584,c001,web,,2026-07-19T12:34:36Z,35
s004456,u0072,c039,mobile,5.2.0,2026-07-19T12:38:51Z,4
s004457,u0369,c005,web,,2026-07-19T12:44:28Z,25
s004458,u0622,c012,mobile,5.2.0,2026-07-19T12:44:59Z,30
s004459,u0495,c006,mobile,5.2.0,2026-07-19T12:45:32Z,9
s004460,u0248,c008,tv,,2026-07-19T12:46:19Z,21
s004461,u0085,c016,mobile,5.2.0,2026-07-19T12:46:39Z,24
s004462,u0409,c001,web,,2026-07-19T12:46:42Z,66
s004463,u0217,c013,tv,,2026-07-19T12:48:16Z,84
s004464,u0551,c033,mobile,5.2.0,2026-07-19T12:52:48Z,31
s004465,u0272,c003,mobile,5.2.0,2026-07-19T12:53:00Z,16
s004466,u0162,c050,mobile,5.2.0,2026-07-19T12:53:50Z,48
s004467,u0018,c029,web,,2026-07-19T12:54:15Z,14
s004468,u0171,c004,mobile,5.2.0,2026-07-19T12:54:48Z,21
s004469,u0171,c004,mobile,5.2.0,2026-07-19T12:55:30Z,21
s004470,u0568,c015,mobile,5.2.0,2026-07-19T12:57:44Z,22
s004471,u0448,c001,mobile,5.2.0,2026-07-19T12:58:02Z,12
s004472,u0657,c009,mobile,5.2.0,2026-07-19T12:58:13Z,51
s004473,u0568,c015,mobile,5.2.0,2026-07-19T12:58:27Z,22
s004474,u0374,c037,web,,2026-07-19T17:08:35Z,75
s004475,u0403,c008,tv,,2026-07-19T17:11:18Z,48
s004476,u0491,c005,web,,2026-07-19T17:12:42Z,5
s004477,u0650,c005,mobile,5.2.0,2026-07-19T17:12:58Z,10
s004478,u0129,c021,mobile,5.2.0,2026-07-19T17:14:44Z,32
s004479,u0334,c002,mobile,5.2.0,2026-07-19T17:18:01Z,75
s004480,u0420,c007,web,,2026-07-19T17:18:26Z,21
s004481,u0595,c012,mobile,5.2.0,2026-07-19T17:22:20Z,10
s004482,u0595,c012,mobile,5.2.0,2026-07-19T17:22:34Z,10
s004483,u0202,c060,tv,,2026-07-19T17:23:08Z,42
s004484,u0049,c003,web,,2026-07-19T17:23:19Z,23
s004485,u0517,c014,mobile,5.2.0,2026-07-19T17:24:15Z,24
s004486,u0090,c024,tv,,2026-07-19T17:27:57Z,51
s004487,u0258,c003,mobile,5.2.0,2026-07-19T17:31:14Z,21
s004488,u0571,c006,mobile,5.2.0,2026-07-19T17:32:11Z,34
s004489,u0479,c035,mobile,5.2.0,2026-07-19T17:33:08Z,35
s004490,u0314,c001,tv,,2026-07-19T17:33:56Z,13
s004491,u0069,c057,mobile,5.2.0,2026-07-19T17:34:25Z,22
s004492,u0322,c008,mobile,5.2.0,2026-07-19T17:35:07Z,21
s004493,u0640,c022,mobile,5.2.0,2026-07-19T17:36:25Z,41
s004494,u0296,c003,mobile,5.2.0,2026-07-19T17:37:14Z,14
s004495,u0028,c009,tv,,2026-07-19T17:38:57Z,39
s004496,u0058,c041,mobile,5.2.0,2026-07-19T17:39:35Z,22
s004497,u0626,c001,web,,2026-07-19T17:39:40Z,15
s004498,u0058,c041,mobile,5.2.0,2026-07-19T17:40:33Z,22
s004499,u0109,c015,mobile,5.2.0,2026-07-19T17:41:04Z,21
s004500,u0545,c004,tv,,2026-07-19T17:41:15Z,133
s004501,u0138,c039,mobile,5.2.0,2026-07-19T17:43:03Z,48
s004502,u0138,c039,mobile,5.2.0,2026-07-19T17:43:30Z,48
s004503,u0716,c055,tv,,2026-07-19T17:43:59Z,111
s004504,u0232,c004,tv,,2026-07-19T17:44:46Z,36
s004505,u0666,c006,mobile,5.2.0,2026-07-19T17:46:14Z,33
s004506,u0576,c002,tv,,2026-07-19T17:47:04Z,34
s004507,u0666,c006,mobile,5.2.0,2026-07-19T17:47:07Z,33
s004508,u0633,c005,tv,,2026-07-19T17:48:16Z,22
s004509,u0225,c001,web,,2026-07-19T17:50:55Z,36
s004510,u0021,c006,tv,,2026-07-19T17:51:15Z,68
s004511,u0754,c001,tv,,2026-07-19T17:51:31Z,43
s004512,u0066,c048,mobile,5.2.0,2026-07-19T17:51:53Z,38
s004513,u0077,c047,mobile,5.2.0,2026-07-19T17:52:24Z,66
s004514,u0066,c048,mobile,5.2.0,2026-07-19T17:52:28Z,38
s004515,u0772,c001,mobile,5.2.0,2026-07-19T17:52:44Z,53
s004516,u0772,c001,mobile,5.2.0,2026-07-19T17:53:01Z,53
s004517,u0058,c003,mobile,5.2.0,2026-07-19T17:53:21Z,32
s004518,u0772,c001,mobile,5.2.0,2026-07-19T17:53:55Z,53
s004519,u0209,c002,mobile,5.2.0,2026-07-19T17:54:06Z,9
s004520,u0735,c049,mobile,5.2.0,2026-07-19T17:54:16Z,36
s004521,u0735,c049,mobile,5.2.0,2026-07-19T17:54:38Z,36
s004522,u0719,c026,mobile,5.2.0,2026-07-19T17:54:57Z,33
s004523,u0735,c049,mobile,5.2.0,2026-07-19T17:54:59Z,36
s004524,u0156,c001,tv,,2026-07-19T17:55:09Z,54
s004525,u0329,c002,web,,2026-07-19T17:55:21Z,23
s004526,u0587,c003,mobile,5.2.0,2026-07-19T17:58:23Z,24
s004527,u0315,c009,mobile,5.2.0,2026-07-19T17:58:30Z,86
s004528,u0587,c003,mobile,5.2.0,2026-07-19T17:58:33Z,24
s004529,u0315,c009,mobile,5.2.0,2026-07-19T17:59:17Z,86
s004530,u0710,c031,tv,,2026-07-19T17:59:22Z,40
s004531,u0373,c001,web,,2026-07-19T17:59:49Z,21
s004532,u0179,c011,tv,,2026-07-19T19:00:36Z,26
s004533,u0250,c010,tv,,2026-07-19T19:01:04Z,38
s004534,u0082,c002,mobile,5.2.0,2026-07-19T19:01:53Z,27
s004535,u0658,c043,mobile,5.2.0,2026-07-19T19:03:36Z,16
s004536,u0498,c009,mobile,5.2.0,2026-07-19T19:03:39Z,19
s004537,u0210,c007,tv,,2026-07-19T19:04:17Z,176
s004538,u0472,c045,mobile,5.2.0,2026-07-19T19:04:27Z,23
s004539,u0257,c046,mobile,5.2.0,2026-07-19T19:04:33Z,26
s004540,u0426,c041,mobile,5.2.0,2026-07-19T19:07:50Z,23
s004541,u0634,c047,tv,,2026-07-19T19:08:31Z,124
s004542,u0296,c012,mobile,5.2.0,2026-07-19T19:09:11Z,12
s004543,u0286,c002,mobile,5.2.0,2026-07-19T19:09:27Z,24
s004544,u0296,c012,mobile,5.2.0,2026-07-19T19:09:47Z,12
s004545,u0170,c001,web,,2026-07-19T19:10:42Z,42
s004546,u0688,c015,mobile,5.2.0,2026-07-19T19:11:07Z,9
s004547,u0060,c006,tv,,2026-07-19T19:11:29Z,64
s004548,u0545,c037,tv,,2026-07-19T19:11:34Z,70
s004549,u0110,c001,mobile,5.2.0,2026-07-19T19:12:13Z,9
s004550,u0058,c017,mobile,5.2.0,2026-07-19T19:13:02Z,6
s004551,u0196,c009,web,,2026-07-19T19:13:48Z,12
s004552,u0183,c058,web,,2026-07-19T19:13:49Z,34
s004553,u0716,c001,mobile,5.2.0,2026-07-19T19:14:15Z,19
s004554,u0206,c001,mobile,5.2.0,2026-07-19T19:14:21Z,14
s004555,u0007,c014,mobile,5.2.0,2026-07-19T19:14:49Z,18
s004556,u0007,c014,mobile,5.2.0,2026-07-19T19:14:57Z,18
s004557,u0151,c003,mobile,5.2.0,2026-07-19T19:15:23Z,27
s004558,u0151,c003,mobile,5.2.0,2026-07-19T19:15:42Z,27
s004559,u0056,c014,web,,2026-07-19T19:15:45Z,28
s004560,u0394,c001,tv,,2026-07-19T19:16:49Z,38
s004561,u0075,c001,mobile,5.2.0,2026-07-19T19:17:01Z,22
s004562,u0687,c029,mobile,5.2.0,2026-07-19T19:17:34Z,8
s004563,u0170,c047,tv,,2026-07-19T19:18:17Z,138
s004564,u0436,c004,mobile,5.2.0,2026-07-19T19:18:57Z,7
s004565,u0716,c001,tv,,2026-07-19T19:19:12Z,73
s004566,u0395,c021,tv,,2026-07-19T19:20:44Z,43
s004567,u0555,c010,mobile,5.2.0,2026-07-19T19:21:36Z,15
s004568,u0433,c004,tv,,2026-07-19T19:21:37Z,50
s004569,u0090,c054,tv,,2026-07-19T19:22:30Z,34
s004570,u0171,c011,mobile,5.2.0,2026-07-19T19:22:46Z,48
s004571,u0171,c011,mobile,5.2.0,2026-07-19T19:23:14Z,48
s004572,u0753,c004,tv,,2026-07-19T19:23:50Z,23
s004573,u0171,c011,mobile,5.2.0,2026-07-19T19:23:58Z,48
s004574,u0374,c001,web,,2026-07-19T19:24:06Z,21
s004575,u0189,c002,mobile,5.2.0,2026-07-19T19:24:16Z,10
s004576,u0579,c016,web,,2026-07-19T19:25:02Z,12
s004577,u0459,c015,mobile,5.2.0,2026-07-19T19:25:15Z,25
s004578,u0613,c011,mobile,5.2.0,2026-07-19T19:25:23Z,64
s004579,u0613,c011,mobile,5.2.0,2026-07-19T19:25:27Z,64
s004580,u0151,c019,mobile,5.2.0,2026-07-19T19:26:31Z,11
s004581,u0248,c001,mobile,5.2.0,2026-07-19T19:26:35Z,20
s004582,u0201,c001,tv,,2026-07-19T19:27:51Z,87
s004583,u0138,c002,mobile,5.2.0,2026-07-19T19:28:17Z,55
s004584,u0289,c002,mobile,5.2.0,2026-07-19T19:29:06Z,13
s004585,u0554,c001,web,,2026-07-19T19:31:23Z,37
s004586,u0027,c026,tv,,2026-07-19T19:31:59Z,10
s004587,u0761,c008,tv,,2026-07-19T19:33:17Z,108
s004588,u0658,c002,mobile,5.2.0,2026-07-19T19:34:46Z,13
s004589,u0122,c046,web,,2026-07-19T19:34:58Z,47
s004590,u0433,c016,mobile,5.2.0,2026-07-19T19:35:23Z,16
s004591,u0128,c002,tv,,2026-07-19T19:37:09Z,32
s004592,u0576,c005,web,,2026-07-19T19:38:25Z,39
s004593,u0385,c007,web,,2026-07-19T19:38:39Z,44
s004594,u0109,c005,mobile,5.2.0,2026-07-19T19:39:00Z,52
s004595,u0447,c004,mobile,5.2.0,2026-07-19T19:40:06Z,27
s004596,u0111,c023,mobile,5.2.0,2026-07-19T19:40:28Z,22
s004597,u0124,c021,mobile,5.2.0,2026-07-19T19:40:44Z,23
s004598,u0111,c023,mobile,5.2.0,2026-07-19T19:40:46Z,22
s004599,u0547,c001,mobile,5.2.0,2026-07-19T19:41:23Z,42
s004600,u0182,c006,web,,2026-07-19T19:42:42Z,41
s004601,u0086,c016,mobile,5.2.0,2026-07-19T19:43:39Z,16
s004602,u0485,c008,tv,,2026-07-19T19:43:51Z,8
s004603,u0086,c016,mobile,5.2.0,2026-07-19T19:44:12Z,16
s004604,u0314,c017,tv,,2026-07-19T19:44:33Z,26
s004605,u0086,c016,mobile,5.2.0,2026-07-19T19:44:42Z,16
s004606,u0556,c007,tv,,2026-07-19T19:46:15Z,55
s004607,u0136,c004,web,,2026-07-19T19:46:20Z,40
s004608,u0252,c049,mobile,5.2.0,2026-07-19T19:46:25Z,55
s004609,u0282,c028,mobile,5.2.0,2026-07-19T19:47:06Z,50
s004610,u0252,c049,mobile,5.2.0,2026-07-19T19:47:20Z,55
s004611,u0282,c028,mobile,5.2.0,2026-07-19T19:47:46Z,50
s004612,u0739,c002,mobile,5.2.0,2026-07-19T19:48:27Z,39
s004613,u0111,c059,mobile,5.2.0,2026-07-19T19:48:46Z,13
s004614,u0111,c059,mobile,5.2.0,2026-07-19T19:48:58Z,13
s004615,u0111,c059,mobile,5.2.0,2026-07-19T19:49:14Z,13
s004616,u0684,c006,web,,2026-07-19T19:50:02Z,60
s004617,u0771,c012,tv,,2026-07-19T19:50:22Z,41
s004618,u0607,c003,tv,,2026-07-19T19:50:49Z,12
s004619,u0322,c003,mobile,5.2.0,2026-07-19T19:51:02Z,12
s004620,u0171,c022,mobile,5.2.0,2026-07-19T19:51:49Z,18
s004621,u0674,c014,mobile,5.2.0,2026-07-19T19:51:57Z,53
s004622,u0377,c039,mobile,5.2.0,2026-07-19T19:52:01Z,18
s004623,u0322,c001,mobile,5.2.0,2026-07-19T19:52:30Z,13
s004624,u0377,c039,mobile,5.2.0,2026-07-19T19:52:43Z,18
s004625,u0171,c022,mobile,5.2.0,2026-07-19T19:52:44Z,18
s004626,u0022,c034,mobile,5.2.0,2026-07-19T19:53:46Z,13
s004627,u0022,c002,mobile,5.2.0,2026-07-19T19:54:02Z,14
s004628,u0022,c002,mobile,5.2.0,2026-07-19T19:54:42Z,14
s004629,u0390,c011,web,,2026-07-19T19:55:21Z,80
s004630,u0176,c007,web,,2026-07-19T19:55:22Z,17
s004631,u0583,c019,mobile,5.2.0,2026-07-19T19:55:58Z,38
s004632,u0428,c004,tv,,2026-07-19T19:58:36Z,28
s004633,u0138,c005,mobile,5.2.0,2026-07-19T19:59:13Z,32
s004634,u0138,c001,mobile,5.2.0,2026-07-19T19:59:56Z,28
s004635,u0138,c001,mobile,5.2.0,2026-07-19T20:00:47Z,28
s004636,u0201,c005,tv,,2026-07-19T21:01:21Z,36
s004637,u0365,c005,tv,,2026-07-19T21:01:34Z,33
s004638,u0678,c031,mobile,5.2.0,2026-07-19T21:01:52Z,34
s004639,u0181,c016,web,,2026-07-19T21:02:17Z,96
s004640,u0184,c038,tv,,2026-07-19T21:02:39Z,48
s004641,u0031,c008,mobile,5.2.0,2026-07-19T21:03:11Z,23
s004642,u0640,c051,mobile,5.2.0,2026-07-19T21:03:40Z,22
s004643,u0082,c001,mobile,5.2.0,2026-07-19T21:03:52Z,21
s004644,u0505,c031,web,,2026-07-19T21:03:52Z,44
s004645,u0427,c012,web,,2026-07-19T21:04:38Z,29
s004646,u0593,c005,mobile,5.2.0,2026-07-19T21:04:58Z,72
s004647,u0628,c013,tv,,2026-07-19T21:06:33Z,77
s004648,u0405,c009,web,,2026-07-19T21:07:20Z,60
s004649,u0428,c044,tv,,2026-07-19T21:07:21Z,28
s004650,u0126,c028,tv,,2026-07-19T21:08:58Z,28
s004651,u0077,c016,mobile,5.2.0,2026-07-19T21:10:02Z,31
s004652,u0746,c016,mobile,5.2.0,2026-07-19T21:10:14Z,11
s004653,u0590,c045,tv,,2026-07-19T21:10:49Z,61
s004654,u0244,c003,mobile,5.2.0,2026-07-19T21:12:31Z,21
s004655,u0118,c008,web,,2026-07-19T21:13:54Z,77
s004656,u0579,c011,web,,2026-07-19T21:14:47Z,8
s004657,u0211,c014,mobile,5.2.0,2026-07-19T21:15:11Z,27
s004658,u0554,c018,web,,2026-07-19T21:16:55Z,22
s004659,u0049,c036,web,,2026-07-19T21:16:59Z,28
s004660,u0692,c052,mobile,5.2.0,2026-07-19T21:17:53Z,32
s004661,u0692,c052,mobile,5.2.0,2026-07-19T21:18:23Z,32
s004662,u0173,c020,tv,,2026-07-19T21:18:46Z,79
s004663,u0171,c007,mobile,5.2.0,2026-07-19T21:19:54Z,16
s004664,u0370,c042,mobile,5.2.0,2026-07-19T21:20:13Z,37
s004665,u0604,c007,tv,,2026-07-19T21:23:45Z,66
s004666,u0160,c035,tv,,2026-07-19T21:24:13Z,42
s004667,u0111,c060,mobile,5.2.0,2026-07-19T21:24:19Z,8
s004668,u0657,c019,mobile,5.2.0,2026-07-19T21:26:02Z,57
s004669,u0679,c004,mobile,5.2.0,2026-07-19T21:26:06Z,11
s004670,u0679,c004,mobile,5.2.0,2026-07-19T21:26:18Z,11
s004671,u0418,c022,web,,2026-07-19T21:26:34Z,26
s004672,u0385,c001,web,,2026-07-19T21:26:46Z,59
s004673,u0061,c003,tv,,2026-07-19T21:26:52Z,35
s004674,u0348,c045,mobile,5.2.0,2026-07-19T21:27:17Z,31
s004675,u0263,c047,tv,,2026-07-19T21:27:23Z,30
s004676,u0058,c005,mobile,5.2.0,2026-07-19T21:27:44Z,24
s004677,u0193,c013,web,,2026-07-19T21:29:52Z,27
s004678,u0164,c018,tv,,2026-07-19T21:30:08Z,100
s004679,u0524,c012,mobile,5.2.0,2026-07-19T21:30:11Z,111
s004680,u0704,c024,tv,,2026-07-19T21:30:31Z,29
s004681,u0562,c008,tv,,2026-07-19T21:30:33Z,61
s004682,u0669,c013,mobile,5.2.0,2026-07-19T21:30:37Z,19
s004683,u0158,c046,web,,2026-07-19T21:31:11Z,37
s004684,u0202,c002,tv,,2026-07-19T21:31:35Z,175
s004685,u0416,c049,web,,2026-07-19T21:33:05Z,9
s004686,u0535,c031,mobile,5.2.0,2026-07-19T21:33:32Z,19
s004687,u0448,c047,mobile,5.2.0,2026-07-19T21:33:34Z,15
s004688,u0640,c059,mobile,5.2.0,2026-07-19T21:33:39Z,73
s004689,u0448,c047,mobile,5.2.0,2026-07-19T21:33:53Z,15
s004690,u0395,c006,tv,,2026-07-19T21:35:09Z,59
s004691,u0185,c006,mobile,5.2.0,2026-07-19T21:36:13Z,31
s004692,u0206,c001,mobile,5.2.0,2026-07-19T21:36:32Z,15
s004693,u0369,c002,mobile,5.2.0,2026-07-19T21:36:35Z,24
s004694,u0621,c001,tv,,2026-07-19T21:36:44Z,37
s004695,u0076,c031,tv,,2026-07-19T21:38:31Z,22
s004696,u0183,c031,tv,,2026-07-19T21:38:39Z,34
s004697,u0760,c021,mobile,5.2.0,2026-07-19T21:41:23Z,186
s004698,u0300,c036,mobile,5.2.0,2026-07-19T21:42:21Z,18
s004699,u0002,c001,mobile,5.2.0,2026-07-19T21:42:44Z,38
s004700,u0398,c004,mobile,5.2.0,2026-07-19T21:43:05Z,28
s004701,u0002,c001,mobile,5.2.0,2026-07-19T21:43:44Z,38
s004702,u0172,c005,web,,2026-07-19T21:45:58Z,13
s004703,u0564,c044,web,,2026-07-19T21:46:36Z,13
s004704,u0088,c030,web,,2026-07-19T21:48:46Z,114
s004705,u0260,c052,mobile,5.2.0,2026-07-19T21:48:55Z,8
s004706,u0724,c033,mobile,5.2.0,2026-07-19T21:49:28Z,22
s004707,u0431,c012,mobile,5.2.0,2026-07-19T21:49:32Z,21
s004708,u0606,c011,mobile,5.2.0,2026-07-19T21:49:44Z,32
s004709,u0772,c001,mobile,5.2.0,2026-07-19T21:50:33Z,11
s004710,u0397,c015,mobile,5.2.0,2026-07-19T21:50:45Z,23
s004711,u0423,c037,mobile,5.2.0,2026-07-19T21:50:48Z,24
s004712,u0750,c008,tv,,2026-07-19T21:51:01Z,34
s004713,u0584,c007,web,,2026-07-19T21:51:04Z,21
s004714,u0723,c005,mobile,5.2.0,2026-07-19T21:51:16Z,52
s004715,u0061,c013,tv,,2026-07-19T21:51:27Z,82
s004716,u0515,c003,tv,,2026-07-19T21:51:51Z,44
s004717,u0723,c005,mobile,5.2.0,2026-07-19T21:51:52Z,52
s004718,u0415,c011,tv,,2026-07-19T21:53:38Z,150
s004719,u0117,c001,mobile,5.2.0,2026-07-19T21:54:37Z,13
s004720,u0049,c010,web,,2026-07-19T21:54:45Z,27
s004721,u0117,c001,mobile,5.2.0,2026-07-19T21:55:06Z,13
s004722,u0738,c023,mobile,5.2.0,2026-07-19T21:55:08Z,9
s004723,u0516,c014,mobile,5.2.0,2026-07-19T21:56:00Z,13
s004724,u0377,c028,mobile,5.2.0,2026-07-19T21:56:27Z,42
s004725,u0306,c007,mobile,5.2.0,2026-07-19T21:56:36Z,26
s004726,u0377,c028,mobile,5.2.0,2026-07-19T21:56:37Z,42
s004727,u0306,c007,mobile,5.2.0,2026-07-19T21:56:40Z,26
s004728,u0659,c011,mobile,5.2.0,2026-07-19T21:57:07Z,117
s004729,u0218,c021,mobile,5.2.0,2026-07-19T21:58:18Z,24
s004730,u0218,c021,mobile,5.2.0,2026-07-19T21:59:09Z,24
s004731,u0171,c054,mobile,5.2.0,2026-07-19T23:04:18Z,18
s004732,u0111,c031,mobile,5.2.0,2026-07-19T23:06:38Z,13
s004733,u0111,c031,mobile,5.2.0,2026-07-19T23:06:44Z,13
s004734,u0193,c001,mobile,5.2.0,2026-07-19T23:10:04Z,33
s004735,u0193,c001,mobile,5.2.0,2026-07-19T23:11:02Z,33
s004736,u0615,c031,mobile,5.2.0,2026-07-19T23:12:38Z,15
s004737,u0765,c010,tv,,2026-07-19T23:13:35Z,46
s004738,u0472,c007,mobile,5.2.0,2026-07-19T23:15:36Z,27
s004739,u0695,c006,web,,2026-07-19T23:16:19Z,82
s004740,u0099,c047,web,,2026-07-19T23:18:20Z,14
s004741,u0575,c008,tv,,2026-07-19T23:18:46Z,166
s004742,u0028,c009,tv,,2026-07-19T23:21:43Z,70
s004743,u0681,c005,tv,,2026-07-19T23:23:09Z,51
s004744,u0503,c006,mobile,5.2.0,2026-07-19T23:25:57Z,86
s004745,u0314,c005,tv,,2026-07-19T23:26:55Z,71
s004746,u0629,c019,web,,2026-07-19T23:28:33Z,15
s004747,u0479,c005,tv,,2026-07-19T23:29:02Z,31
s004748,u0743,c007,tv,,2026-07-19T23:29:13Z,17
s004749,u0238,c024,web,,2026-07-19T23:32:52Z,146
s004750,u0409,c020,web,,2026-07-19T23:34:15Z,25
s004751,u0673,c038,mobile,5.2.0,2026-07-19T23:34:59Z,36
s004752,u0070,c040,tv,,2026-07-19T23:37:39Z,54
s004753,u0461,c005,web,,2026-07-19T23:41:33Z,37
s004754,u0030,c001,web,,2026-07-19T23:42:30Z,40
s004755,u0650,c005,mobile,5.2.0,2026-07-19T23:43:31Z,14
s004756,u0650,c005,mobile,5.2.0,2026-07-19T23:44:01Z,14
s004757,u0704,c054,tv,,2026-07-19T23:50:29Z,28
s004758,u0330,c001,web,,2026-07-19T23:56:49Z,24
s004759,u0178,c005,web,,2026-07-20T08:01:50Z,57
s004760,u0090,c002,tv,,2026-07-20T08:04:39Z,29
s004761,u0358,c042,mobile,5.2.0,2026-07-20T08:07:25Z,20
s004762,u0358,c042,mobile,5.2.0,2026-07-20T08:07:55Z,20
s004763,u0609,c002,mobile,5.2.0,2026-07-20T08:10:18Z,16
s004764,u0699,c026,mobile,5.2.0,2026-07-20T08:14:20Z,28
s004765,u0576,c049,web,,2026-07-20T08:17:48Z,57
s004766,u0338,c005,tv,,2026-07-20T08:27:01Z,25
s004767,u0138,c002,mobile,5.2.0,2026-07-20T08:35:27Z,70
s004768,u0549,c012,web,,2026-07-20T08:36:47Z,61
s004769,u0059,c004,tv,,2026-07-20T08:44:45Z,50
s004770,u0639,c002,web,,2026-07-20T08:44:46Z,69
s004771,u0309,c005,tv,,2026-07-20T08:46:07Z,36
s004772,u0491,c002,web,,2026-07-20T08:53:47Z,27
s004773,u0566,c012,mobile,5.2.0,2026-07-20T08:56:55Z,24
s004774,u0271,c018,tv,,2026-07-20T12:01:30Z,68
s004775,u0641,c025,mobile,5.2.0,2026-07-20T12:01:57Z,17
s004776,u0238,c003,web,,2026-07-20T12:03:05Z,51
s004777,u0390,c018,web,,2026-07-20T12:03:05Z,15
s004778,u0009,c001,web,,2026-07-20T12:05:17Z,40
s004779,u0155,c007,tv,,2026-07-20T12:08:45Z,122
s004780,u0004,c001,web,,2026-07-20T12:10:09Z,55
s004781,u0259,c002,mobile,5.2.0,2026-07-20T12:11:55Z,7
s004782,u0259,c002,mobile,5.2.0,2026-07-20T12:12:30Z,7
s004783,u0015,c003,tv,,2026-07-20T12:14:21Z,54
s004784,u0663,c041,web,,2026-07-20T12:14:35Z,108
s004785,u0669,c019,mobile,5.2.0,2026-07-20T12:16:12Z,10
s004786,u0377,c011,mobile,5.2.0,2026-07-20T12:16:23Z,16
s004787,u0738,c031,mobile,5.2.0,2026-07-20T12:17:22Z,9
s004788,u0738,c031,mobile,5.2.0,2026-07-20T12:17:57Z,9
s004789,u0136,c001,mobile,5.2.0,2026-07-20T12:18:30Z,50
s004790,u0136,c001,mobile,5.2.0,2026-07-20T12:18:57Z,50
s004791,u0340,c004,tv,,2026-07-20T12:19:08Z,41
s004792,u0355,c006,web,,2026-07-20T12:27:16Z,43
s004793,u0474,c003,mobile,5.2.0,2026-07-20T12:31:39Z,16
s004794,u0559,c004,tv,,2026-07-20T12:31:45Z,58
s004795,u0178,c001,web,,2026-07-20T12:35:37Z,33
s004796,u0322,c026,mobile,5.2.0,2026-07-20T12:35:39Z,11
s004797,u0125,c006,mobile,5.2.0,2026-07-20T12:36:36Z,21
s004798,u0764,c001,mobile,5.2.0,2026-07-20T12:37:52Z,20
s004799,u0079,c003,tv,,2026-07-20T12:39:13Z,8
s004800,u0731,c006,tv,,2026-07-20T12:39:24Z,57
s004801,u0259,c001,mobile,5.2.0,2026-07-20T12:39:29Z,49
s004802,u0445,c009,mobile,5.2.0,2026-07-20T12:43:10Z,34
s004803,u0420,c005,web,,2026-07-20T12:45:23Z,30
s004804,u0104,c005,web,,2026-07-20T12:46:11Z,24
s004805,u0112,c002,tv,,2026-07-20T12:48:35Z,36
s004806,u0445,c002,mobile,5.2.0,2026-07-20T17:00:45Z,36
s004807,u0004,c055,web,,2026-07-20T17:03:25Z,15
s004808,u0474,c046,mobile,5.2.0,2026-07-20T17:03:43Z,42
s004809,u0474,c046,mobile,5.2.0,2026-07-20T17:04:07Z,42
s004810,u0538,c004,web,,2026-07-20T17:05:09Z,68
s004811,u0423,c003,mobile,5.2.0,2026-07-20T17:05:42Z,21
s004812,u0010,c003,tv,,2026-07-20T17:05:53Z,45
s004813,u0538,c022,web,,2026-07-20T17:05:54Z,105
s004814,u0318,c040,tv,,2026-07-20T17:07:15Z,13
s004815,u0687,c004,mobile,5.2.0,2026-07-20T17:07:36Z,15
s004816,u0220,c035,tv,,2026-07-20T17:07:56Z,92
s004817,u0590,c002,tv,,2026-07-20T17:08:07Z,15
s004818,u0178,c005,mobile,5.2.0,2026-07-20T17:08:28Z,60
s004819,u0178,c005,mobile,5.2.0,2026-07-20T17:09:23Z,60
s004820,u0126,c009,tv,,2026-07-20T17:11:03Z,46
s004821,u0747,c022,web,,2026-07-20T17:12:16Z,29
s004822,u0682,c002,web,,2026-07-20T17:17:18Z,120
s004823,u0759,c002,tv,,2026-07-20T17:19:10Z,20
s004824,u0185,c001,mobile,5.2.0,2026-07-20T17:20:03Z,10
s004825,u0185,c001,mobile,5.2.0,2026-07-20T17:20:59Z,10
s004826,u0091,c029,web,,2026-07-20T17:21:47Z,50
s004827,u0590,c001,tv,,2026-07-20T17:21:58Z,25
s004828,u0027,c010,mobile,5.2.0,2026-07-20T17:23:56Z,14
s004829,u0723,c045,mobile,5.2.0,2026-07-20T17:24:45Z,21
s004830,u0723,c045,mobile,5.2.0,2026-07-20T17:25:21Z,21
s004831,u0259,c010,mobile,5.2.0,2026-07-20T17:27:34Z,45
s004832,u0146,c013,tv,,2026-07-20T17:27:40Z,52
s004833,u0259,c010,mobile,5.2.0,2026-07-20T17:27:58Z,45
s004834,u0334,c017,mobile,5.2.0,2026-07-20T17:28:13Z,5
s004835,u0117,c021,mobile,5.2.0,2026-07-20T17:28:58Z,14
s004836,u0417,c001,mobile,5.2.0,2026-07-20T17:29:32Z,23
s004837,u0482,c007,web,,2026-07-20T17:30:29Z,41
s004838,u0395,c001,mobile,5.2.0,2026-07-20T17:33:20Z,33
s004839,u0481,c001,tv,,2026-07-20T17:35:12Z,62
s004840,u0684,c004,web,,2026-07-20T17:36:12Z,7
s004841,u0295,c005,mobile,5.2.0,2026-07-20T17:38:32Z,42
s004842,u0366,c001,mobile,5.2.0,2026-07-20T17:43:35Z,17
s004843,u0769,c014,web,,2026-07-20T17:45:15Z,54
s004844,u0451,c001,mobile,5.2.0,2026-07-20T17:45:45Z,38
s004845,u0298,c002,web,,2026-07-20T17:45:52Z,25
s004846,u0162,c041,mobile,5.2.0,2026-07-20T17:46:08Z,27
s004847,u0206,c008,mobile,5.2.0,2026-07-20T17:46:26Z,11
s004848,u0677,c001,mobile,5.2.0,2026-07-20T17:47:21Z,25
s004849,u0710,c023,tv,,2026-07-20T17:47:23Z,139
s004850,u0677,c001,mobile,5.2.0,2026-07-20T17:47:40Z,25
s004851,u0431,c003,web,,2026-07-20T17:48:01Z,28
s004852,u0045,c003,mobile,5.2.0,2026-07-20T17:48:52Z,18
s004853,u0045,c003,mobile,5.2.0,2026-07-20T17:48:59Z,18
s004854,u0634,c034,tv,,2026-07-20T17:50:04Z,21
s004855,u0527,c005,tv,,2026-07-20T17:50:49Z,20
s004856,u0608,c050,web,,2026-07-20T17:51:56Z,46
s004857,u0409,c023,web,,2026-07-20T17:52:07Z,28
s004858,u0309,c055,tv,,2026-07-20T17:53:14Z,16
s004859,u0211,c024,tv,,2026-07-20T17:53:20Z,20
s004860,u0709,c006,mobile,5.2.0,2026-07-20T17:53:29Z,10
s004861,u0071,c006,web,,2026-07-20T17:54:53Z,15
s004862,u0752,c002,mobile,5.2.0,2026-07-20T17:55:39Z,47
s004863,u0059,c054,tv,,2026-07-20T17:56:42Z,30
s004864,u0165,c002,web,,2026-07-20T17:58:38Z,81
s004865,u0292,c040,mobile,5.2.0,2026-07-20T17:59:49Z,11
s004866,u0042,c005,tv,,2026-07-20T17:59:54Z,117
s004867,u0349,c045,tv,,2026-07-20T19:00:36Z,45
s004868,u0241,c005,mobile,5.2.0,2026-07-20T19:00:56Z,5
s004869,u0324,c003,tv,,2026-07-20T19:01:03Z,39
s004870,u0567,c050,mobile,5.2.0,2026-07-20T19:03:11Z,16
s004871,u0387,c032,web,,2026-07-20T19:03:28Z,56
s004872,u0768,c008,web,,2026-07-20T19:03:49Z,39
s004873,u0421,c006,tv,,2026-07-20T19:04:18Z,29
s004874,u0725,c005,mobile,5.2.0,2026-07-20T19:04:56Z,38
s004875,u0293,c004,mobile,5.2.0,2026-07-20T19:05:01Z,16
s004876,u0725,c005,mobile,5.2.0,2026-07-20T19:05:08Z,38
s004877,u0135,c056,web,,2026-07-20T19:05:19Z,97
s004878,u0491,c006,web,,2026-07-20T19:05:29Z,10
s004879,u0198,c003,mobile,5.2.0,2026-07-20T19:05:39Z,49
s004880,u0448,c022,mobile,5.2.0,2026-07-20T19:08:44Z,25
s004881,u0266,c002,mobile,5.2.0,2026-07-20T19:08:50Z,17
s004882,u0018,c004,web,,2026-07-20T19:09:18Z,23
s004883,u0615,c003,mobile,5.2.0,2026-07-20T19:10:55Z,11
s004884,u0691,c008,web,,2026-07-20T19:11:31Z,18
s004885,u0260,c017,mobile,5.2.0,2026-07-20T19:12:03Z,32
s004886,u0260,c017,mobile,5.2.0,2026-07-20T19:12:52Z,32
s004887,u0128,c009,tv,,2026-07-20T19:13:06Z,47
s004888,u0777,c028,tv,,2026-07-20T19:13:12Z,11
s004889,u0248,c041,mobile,5.2.0,2026-07-20T19:13:18Z,23
s004890,u0248,c041,mobile,5.2.0,2026-07-20T19:13:32Z,23
s004891,u0229,c011,web,,2026-07-20T19:13:44Z,27
s004892,u0218,c002,mobile,5.2.0,2026-07-20T19:14:07Z,13
s004893,u0570,c040,mobile,5.2.0,2026-07-20T19:14:07Z,62
s004894,u0264,c008,mobile,5.2.0,2026-07-20T19:14:10Z,9
s004895,u0511,c052,mobile,5.2.0,2026-07-20T19:14:23Z,11
s004896,u0622,c046,mobile,5.2.0,2026-07-20T19:14:27Z,20
s004897,u0279,c001,web,,2026-07-20T19:15:15Z,10
s004898,u0699,c010,web,,2026-07-20T19:18:35Z,24
s004899,u0017,c012,mobile,5.2.0,2026-07-20T19:18:50Z,11
s004900,u0017,c012,mobile,5.2.0,2026-07-20T19:18:54Z,11
s004901,u0645,c001,mobile,5.2.0,2026-07-20T19:19:01Z,59
s004902,u0624,c003,mobile,5.2.0,2026-07-20T19:19:35Z,8
s004903,u0017,c012,mobile,5.2.0,2026-07-20T19:19:51Z,11
s004904,u0593,c025,mobile,5.2.0,2026-07-20T19:20:22Z,30
s004905,u0624,c003,mobile,5.2.0,2026-07-20T19:20:32Z,8
s004906,u0355,c001,web,,2026-07-20T19:22:34Z,39
s004907,u0043,c003,mobile,5.2.0,2026-07-20T19:22:50Z,19
s004908,u0395,c025,tv,,2026-07-20T19:22:51Z,139
s004909,u0098,c002,mobile,5.2.0,2026-07-20T19:24:24Z,3
s004910,u0265,c001,tv,,2026-07-20T19:24:27Z,32
s004911,u0251,c032,web,,2026-07-20T19:24:32Z,41
s004912,u0269,c001,mobile,5.2.0,2026-07-20T19:25:48Z,19
s004913,u0508,c041,web,,2026-07-20T19:26:13Z,68
s004914,u0707,c001,web,,2026-07-20T19:26:25Z,50
s004915,u0150,c003,tv,,2026-07-20T19:26:46Z,98
s004916,u0365,c051,tv,,2026-07-20T19:27:22Z,17
s004917,u0315,c012,tv,,2026-07-20T19:27:35Z,240
s004918,u0279,c029,web,,2026-07-20T19:27:47Z,19
s004919,u0551,c029,mobile,5.2.0,2026-07-20T19:28:25Z,16
s004920,u0077,c006,mobile,5.2.0,2026-07-20T19:28:48Z,23
s004921,u0579,c032,web,,2026-07-20T19:30:07Z,23
s004922,u0562,c004,tv,,2026-07-20T19:30:13Z,39
s004923,u0521,c058,mobile,5.2.0,2026-07-20T19:30:42Z,6
s004924,u0521,c058,mobile,5.2.0,2026-07-20T19:31:00Z,6
s004925,u0225,c004,web,,2026-07-20T19:31:01Z,99
s004926,u0521,c058,mobile,5.2.0,2026-07-20T19:31:28Z,6
s004927,u0252,c001,mobile,5.2.0,2026-07-20T19:32:29Z,10
s004928,u0187,c036,mobile,5.2.0,2026-07-20T19:32:38Z,50
s004929,u0191,c007,web,,2026-07-20T19:33:23Z,50
s004930,u0566,c003,mobile,5.2.0,2026-07-20T19:33:46Z,31
s004931,u0008,c024,mobile,5.2.0,2026-07-20T19:35:31Z,13
s004932,u0106,c013,web,,2026-07-20T19:35:38Z,81
s004933,u0714,c005,mobile,5.2.0,2026-07-20T19:36:05Z,14
s004934,u0761,c003,tv,,2026-07-20T19:36:13Z,90
s004935,u0714,c005,mobile,5.2.0,2026-07-20T19:36:22Z,14
s004936,u0743,c014,tv,,2026-07-20T19:36:43Z,21
s004937,u0309,c001,tv,,2026-07-20T19:38:33Z,77
s004938,u0599,c004,tv,,2026-07-20T19:39:00Z,32
s004939,u0018,c017,web,,2026-07-20T19:40:47Z,7
s004940,u0075,c001,web,,2026-07-20T19:42:19Z,25
s004941,u0058,c042,mobile,5.2.0,2026-07-20T19:42:47Z,23
s004942,u0630,c029,mobile,5.2.0,2026-07-20T19:43:05Z,14
s004943,u0318,c007,tv,,2026-07-20T19:43:50Z,68
s004944,u0001,c011,web,,2026-07-20T19:45:58Z,17
s004945,u0196,c004,mobile,5.2.0,2026-07-20T19:48:52Z,20
s004946,u0710,c022,tv,,2026-07-20T19:49:00Z,45
s004947,u0661,c054,tv,,2026-07-20T19:50:43Z,19
s004948,u0704,c004,tv,,2026-07-20T19:52:05Z,32
s004949,u0694,c042,mobile,5.2.0,2026-07-20T19:52:55Z,7
s004950,u0707,c006,web,,2026-07-20T19:53:06Z,25
s004951,u0751,c014,tv,,2026-07-20T19:53:42Z,16
s004952,u0113,c001,tv,,2026-07-20T19:53:54Z,66
s004953,u0714,c018,tv,,2026-07-20T19:54:24Z,20
s004954,u0434,c032,mobile,5.2.0,2026-07-20T19:55:28Z,21
s004955,u0340,c035,tv,,2026-07-20T19:56:05Z,35
s004956,u0434,c032,mobile,5.2.0,2026-07-20T19:56:15Z,21
s004957,u0699,c015,mobile,5.2.0,2026-07-20T19:57:55Z,3
s004958,u0122,c002,web,,2026-07-20T19:58:22Z,51
s004959,u0094,c002,tv,,2026-07-20T19:58:26Z,83
s004960,u0500,c018,tv,,2026-07-20T19:58:56Z,35
s004961,u0564,c007,web,,2026-07-20T19:59:02Z,33
s004962,u0524,c010,mobile,5.2.0,2026-07-20T19:59:12Z,48
s004963,u0165,c056,tv,,2026-07-20T19:59:31Z,17
s004964,u0461,c002,web,,2026-07-20T19:59:39Z,10
s004965,u0121,c034,tv,,2026-07-20T21:00:19Z,77
s004966,u0568,c001,mobile,5.2.0,2026-07-20T21:00:34Z,37
s004967,u0086,c014,mobile,5.2.0,2026-07-20T21:00:45Z,24
s004968,u0568,c001,mobile,5.2.0,2026-07-20T21:00:53Z,37
s004969,u0264,c005,mobile,5.2.0,2026-07-20T21:01:13Z,18
s004970,u0568,c001,mobile,5.2.0,2026-07-20T21:01:41Z,37
s004971,u0683,c008,mobile,5.2.0,2026-07-20T21:02:15Z,41
s004972,u0323,c003,tv,,2026-07-20T21:02:18Z,84
s004973,u0683,c008,mobile,5.2.0,2026-07-20T21:02:24Z,41
s004974,u0007,c007,mobile,5.2.0,2026-07-20T21:02:25Z,8
s004975,u0171,c031,web,,2026-07-20T21:02:28Z,6
s004976,u0366,c033,tv,,2026-07-20T21:04:57Z,31
s004977,u0191,c021,web,,2026-07-20T21:05:02Z,34
s004978,u0364,c016,web,,2026-07-20T21:07:24Z,46
s004979,u0530,c020,mobile,5.2.0,2026-07-20T21:07:48Z,11
s004980,u0226,c002,mobile,5.2.0,2026-07-20T21:08:11Z,24
s004981,u0252,c038,mobile,5.2.0,2026-07-20T21:09:10Z,35
s004982,u0128,c001,mobile,5.2.0,2026-07-20T21:09:24Z,18
s004983,u0128,c001,mobile,5.2.0,2026-07-20T21:09:40Z,18
s004984,u0434,c006,mobile,5.2.0,2026-07-20T21:09:52Z,12
s004985,u0468,c046,tv,,2026-07-20T21:09:52Z,24
s004986,u0525,c003,web,,2026-07-20T21:10:11Z,52
s004987,u0283,c017,mobile,5.2.0,2026-07-20T21:10:29Z,28
s004988,u0251,c026,web,,2026-07-20T21:11:16Z,22
s004989,u0078,c002,web,,2026-07-20T21:11:45Z,75
s004990,u0515,c017,tv,,2026-07-20T21:12:11Z,38
s004991,u0365,c050,tv,,2026-07-20T21:13:34Z,33
s004992,u0339,c001,tv,,2026-07-20T21:14:30Z,20
s004993,u0324,c004,tv,,2026-07-20T21:14:39Z,89
s004994,u0122,c045,web,,2026-07-20T21:15:57Z,110
s004995,u0282,c007,mobile,5.2.0,2026-07-20T21:17:17Z,7
s004996,u0307,c005,mobile,5.2.0,2026-07-20T21:17:27Z,20
s004997,u0113,c004,web,,2026-07-20T21:17:30Z,16
s004998,u0282,c002,mobile,5.2.0,2026-07-20T21:17:56Z,9
s004999,u0343,c022,web,,2026-07-20T21:18:59Z,31
s005000,u0085,c051,tv,,2026-07-20T21:19:37Z,53
s005001,u0575,c042,tv,,2026-07-20T21:19:46Z,56
s005002,u0735,c029,mobile,5.2.0,2026-07-20T21:19:49Z,20
s005003,u0201,c023,tv,,2026-07-20T21:20:34Z,17
s005004,u0340,c008,tv,,2026-07-20T21:20:39Z,19
s005005,u0235,c002,web,,2026-07-20T21:20:48Z,26
s005006,u0020,c054,tv,,2026-07-20T21:21:32Z,18
s005007,u0719,c018,mobile,5.2.0,2026-07-20T21:23:42Z,11
s005008,u0625,c001,web,,2026-07-20T21:24:01Z,35
s005009,u0739,c051,tv,,2026-07-20T21:24:11Z,24
s005010,u0714,c029,mobile,5.2.0,2026-07-20T21:24:26Z,28
s005011,u0190,c005,mobile,5.2.0,2026-07-20T21:24:58Z,31
s005012,u0714,c029,mobile,5.2.0,2026-07-20T21:25:12Z,28
s005013,u0540,c024,tv,,2026-07-20T21:25:43Z,48
s005014,u0199,c051,web,,2026-07-20T21:26:45Z,25
s005015,u0416,c009,web,,2026-07-20T21:27:04Z,13
s005016,u0459,c002,mobile,5.2.0,2026-07-20T21:27:54Z,4
s005017,u0091,c002,mobile,5.2.0,2026-07-20T21:28:08Z,28
s005018,u0334,c006,mobile,5.2.0,2026-07-20T21:30:02Z,14
s005019,u0334,c006,mobile,5.2.0,2026-07-20T21:30:07Z,14
s005020,u0592,c006,mobile,5.2.0,2026-07-20T21:30:14Z,21
s005021,u0381,c008,web,,2026-07-20T21:31:21Z,43
s005022,u0554,c038,tv,,2026-07-20T21:33:08Z,168
s005023,u0598,c002,web,,2026-07-20T21:33:12Z,42
s005024,u0116,c049,mobile,5.2.0,2026-07-20T21:33:15Z,28
s005025,u0116,c049,mobile,5.2.0,2026-07-20T21:33:29Z,28
s005026,u0342,c011,web,,2026-07-20T21:33:46Z,24
s005027,u0309,c002,tv,,2026-07-20T21:34:18Z,109
s005028,u0723,c025,mobile,5.2.0,2026-07-20T21:34:33Z,36
s005029,u0676,c012,tv,,2026-07-20T21:34:42Z,51
s005030,u0739,c007,tv,,2026-07-20T21:35:13Z,67
s005031,u0128,c011,tv,,2026-07-20T21:35:39Z,110
s005032,u0157,c044,mobile,5.2.0,2026-07-20T21:35:55Z,25
s005033,u0439,c009,mobile,5.2.0,2026-07-20T21:36:07Z,3
s005034,u0135,c036,web,,2026-07-20T21:38:49Z,65
s005035,u0345,c008,web,,2026-07-20T21:40:06Z,10
s005036,u0104,c011,mobile,5.2.0,2026-07-20T21:42:02Z,16
s005037,u0160,c008,tv,,2026-07-20T21:42:25Z,43
s005038,u0104,c011,mobile,5.2.0,2026-07-20T21:42:31Z,16
s005039,u0523,c026,web,,2026-07-20T21:42:57Z,18
s005040,u0279,c015,web,,2026-07-20T21:43:30Z,14
s005041,u0624,c001,mobile,5.2.0,2026-07-20T21:45:15Z,18
s005042,u0257,c001,tv,,2026-07-20T21:45:18Z,51
s005043,u0629,c019,tv,,2026-07-20T21:46:10Z,26
s005044,u0629,c032,tv,,2026-07-20T21:48:20Z,67
s005045,u0568,c045,mobile,5.2.0,2026-07-20T21:48:22Z,33
s005046,u0222,c017,mobile,5.2.0,2026-07-20T21:48:26Z,25
s005047,u0400,c001,mobile,5.2.0,2026-07-20T21:48:26Z,18
s005048,u0638,c002,web,,2026-07-20T21:48:26Z,33
s005049,u0400,c001,mobile,5.2.0,2026-07-20T21:48:50Z,18
s005050,u0488,c015,mobile,5.2.0,2026-07-20T21:48:57Z,31
s005051,u0222,c017,mobile,5.2.0,2026-07-20T21:49:07Z,25
s005052,u0657,c001,mobile,5.2.0,2026-07-20T21:49:11Z,24
s005053,u0307,c001,mobile,5.2.0,2026-07-20T21:49:57Z,14
s005054,u0307,c001,mobile,5.2.0,2026-07-20T21:50:11Z,14
s005055,u0368,c011,mobile,5.2.0,2026-07-20T21:50:32Z,28
s005056,u0220,c025,web,,2026-07-20T21:51:20Z,73
s005057,u0468,c003,tv,,2026-07-20T21:53:53Z,84
s005058,u0396,c040,tv,,2026-07-20T21:54:18Z,74
s005059,u0659,c001,web,,2026-07-20T21:54:49Z,80
s005060,u0320,c003,web,,2026-07-20T21:58:12Z,80
s005061,u0095,c002,web,,2026-07-20T21:58:19Z,20
s005062,u0430,c026,mobile,5.2.0,2026-07-20T21:59:21Z,36
s005063,u0083,c009,mobile,5.2.0,2026-07-20T21:59:32Z,14
s005064,u0193,c010,web,,2026-07-20T23:06:03Z,36
s005065,u0163,c017,mobile,5.2.0,2026-07-20T23:08:41Z,28
s005066,u0163,c017,mobile,5.2.0,2026-07-20T23:09:33Z,28
s005067,u0718,c005,mobile,5.2.0,2026-07-20T23:09:57Z,33
s005068,u0115,c012,mobile,5.2.0,2026-07-20T23:14:21Z,22
s005069,u0317,c004,web,,2026-07-20T23:17:57Z,19
s005070,u0665,c051,mobile,5.2.0,2026-07-20T23:20:08Z,28
s005071,u0480,c004,mobile,5.2.0,2026-07-20T23:23:16Z,19
s005072,u0629,c022,tv,,2026-07-20T23:23:50Z,25
s005073,u0157,c004,tv,,2026-07-20T23:24:25Z,116
s005074,u0265,c041,tv,,2026-07-20T23:24:43Z,56
s005075,u0475,c002,tv,,2026-07-20T23:25:21Z,24
s005076,u0124,c044,mobile,5.2.0,2026-07-20T23:27:36Z,36
s005077,u0714,c014,mobile,5.2.0,2026-07-20T23:28:37Z,15
s005078,u0152,c003,web,,2026-07-20T23:30:02Z,45
s005079,u0478,c017,tv,,2026-07-20T23:33:57Z,37
s005080,u0529,c009,tv,,2026-07-20T23:43:35Z,39
s005081,u0246,c002,mobile,5.2.0,2026-07-20T23:45:26Z,26
s005082,u0391,c001,mobile,5.2.0,2026-07-20T23:46:14Z,28
s005083,u0391,c001,mobile,5.2.0,2026-07-20T23:46:24Z,28
s005084,u0075,c001,tv,,2026-07-20T23:46:45Z,10
s005085,u0191,c003,web,,2026-07-20T23:47:49Z,66
s005086,u0227,c008,mobile,5.2.0,2026-07-20T23:47:49Z,27
s005087,u0014,c019,web,,2026-07-20T23:49:36Z,18
s005088,u0072,c019,mobile,5.2.0,2026-07-20T23:49:58Z,26
s005089,u0072,c019,mobile,5.2.0,2026-07-20T23:50:43Z,26
s005090,u0540,c002,tv,,2026-07-20T23:53:49Z,52
s005091,u0469,c023,tv,,2026-07-21T08:00:05Z,24
s005092,u0577,c009,web,,2026-07-21T08:00:46Z,18
s005093,u0046,c022,web,,2026-07-21T08:08:09Z,21
s005094,u0109,c001,mobile,5.2.0,2026-07-21T08:15:39Z,32
s005095,u0665,c009,mobile,5.2.0,2026-07-21T08:20:56Z,32
s005096,u0725,c004,mobile,5.2.0,2026-07-21T08:31:02Z,38
s005097,u0725,c004,mobile,5.2.0,2026-07-21T08:31:27Z,38
s005098,u0365,c014,tv,,2026-07-21T08:36:26Z,76
s005099,u0496,c006,mobile,5.2.0,2026-07-21T08:37:30Z,5
s005100,u0721,c001,web,,2026-07-21T08:44:44Z,47
s005101,u0013,c039,tv,,2026-07-21T08:50:08Z,92
s005102,u0526,c004,mobile,5.2.0,2026-07-21T08:53:23Z,14
s005103,u0562,c012,tv,,2026-07-21T08:55:06Z,29
s005104,u0124,c001,mobile,5.2.0,2026-07-21T12:02:19Z,30
s005105,u0343,c005,web,,2026-07-21T12:11:03Z,38
s005106,u0663,c008,web,,2026-07-21T12:12:00Z,66
s005107,u0570,c002,mobile,5.2.0,2026-07-21T12:14:42Z,16
s005108,u0164,c005,tv,,2026-07-21T12:15:23Z,86
s005109,u0100,c010,web,,2026-07-21T12:16:50Z,26
s005110,u0383,c032,mobile,5.2.0,2026-07-21T12:19:03Z,93
s005111,u0098,c032,tv,,2026-07-21T12:19:31Z,39
s005112,u0310,c035,tv,,2026-07-21T12:22:50Z,26
s005113,u0190,c001,mobile,5.2.0,2026-07-21T12:24:41Z,24
s005114,u0138,c001,mobile,5.2.0,2026-07-21T12:24:47Z,11
s005115,u0138,c001,mobile,5.2.0,2026-07-21T12:25:38Z,11
s005116,u0138,c001,mobile,5.2.0,2026-07-21T12:26:26Z,11
s005117,u0506,c006,mobile,5.2.0,2026-07-21T12:30:14Z,23
s005118,u0733,c010,tv,,2026-07-21T12:34:18Z,20
s005119,u0474,c006,mobile,5.2.0,2026-07-21T12:35:59Z,38
s005120,u0474,c006,mobile,5.2.0,2026-07-21T12:36:52Z,38
s005121,u0100,c008,web,,2026-07-21T12:39:07Z,69
s005122,u0575,c001,tv,,2026-07-21T12:46:28Z,29
s005123,u0462,c006,web,,2026-07-21T12:51:41Z,72
s005124,u0659,c001,web,,2026-07-21T12:52:07Z,108
s005125,u0633,c003,web,,2026-07-21T12:57:22Z,22
s005126,u0075,c049,mobile,5.2.0,2026-07-21T12:57:30Z,21
s005127,u0075,c049,mobile,5.2.0,2026-07-21T12:58:17Z,21
s005128,u0265,c001,web,,2026-07-21T17:00:16Z,138
s005129,u0381,c009,web,,2026-07-21T17:00:20Z,52
s005130,u0570,c005,tv,,2026-07-21T17:00:59Z,58
s005131,u0348,c003,mobile,5.2.0,2026-07-21T17:01:51Z,13
s005132,u0304,c018,mobile,5.2.0,2026-07-21T17:02:33Z,34
s005133,u0243,c008,mobile,5.2.0,2026-07-21T17:07:49Z,21
s005134,u0366,c029,mobile,5.2.0,2026-07-21T17:08:54Z,8
s005135,u0425,c039,web,,2026-07-21T17:09:29Z,23
s005136,u0609,c004,mobile,5.2.0,2026-07-21T17:12:52Z,28
s005137,u0609,c004,mobile,5.2.0,2026-07-21T17:13:09Z,28
s005138,u0182,c015,web,,2026-07-21T17:13:40Z,60
s005139,u0008,c005,mobile,5.2.0,2026-07-21T17:13:47Z,14
s005140,u0175,c001,tv,,2026-07-21T17:14:34Z,65
s005141,u0472,c020,mobile,5.2.0,2026-07-21T17:15:23Z,20
s005142,u0472,c020,mobile,5.2.0,2026-07-21T17:15:57Z,20
s005143,u0309,c027,tv,,2026-07-21T17:16:06Z,75
s005144,u0054,c009,web,,2026-07-21T17:16:24Z,38
s005145,u0383,c004,web,,2026-07-21T17:16:26Z,55
s005146,u0251,c052,web,,2026-07-21T17:16:30Z,42
s005147,u0253,c059,tv,,2026-07-21T17:17:50Z,17
s005148,u0365,c005,web,,2026-07-21T17:19:27Z,11
s005149,u0029,c010,tv,,2026-07-21T17:21:46Z,173
s005150,u0054,c004,web,,2026-07-21T17:22:02Z,105
s005151,u0131,c003,mobile,5.2.0,2026-07-21T17:22:50Z,29
s005152,u0057,c001,mobile,5.2.0,2026-07-21T17:23:50Z,21
s005153,u0098,c034,tv,,2026-07-21T17:24:37Z,8
s005154,u0515,c012,tv,,2026-07-21T17:26:24Z,41
s005155,u0609,c004,mobile,5.2.0,2026-07-21T17:27:10Z,18
s005156,u0609,c004,mobile,5.2.0,2026-07-21T17:27:18Z,18
s005157,u0425,c008,web,,2026-07-21T17:27:55Z,80
s005158,u0422,c031,tv,,2026-07-21T17:30:11Z,18
s005159,u0457,c041,tv,,2026-07-21T17:30:39Z,33
s005160,u0458,c002,web,,2026-07-21T17:31:09Z,83
s005161,u0469,c058,tv,,2026-07-21T17:34:59Z,35
s005162,u0212,c043,web,,2026-07-21T17:37:46Z,18
s005163,u0659,c005,mobile,5.2.0,2026-07-21T17:38:51Z,17
s005164,u0063,c001,mobile,5.2.0,2026-07-21T17:40:31Z,10
s005165,u0630,c046,tv,,2026-07-21T17:41:23Z,25
s005166,u0719,c009,mobile,5.2.0,2026-07-21T17:42:00Z,26
s005167,u0719,c009,mobile,5.2.0,2026-07-21T17:42:05Z,26
s005168,u0642,c048,mobile,5.2.0,2026-07-21T17:42:34Z,25
s005169,u0652,c003,web,,2026-07-21T17:45:22Z,144
s005170,u0138,c044,mobile,5.2.0,2026-07-21T17:46:13Z,7
s005171,u0015,c015,tv,,2026-07-21T17:46:58Z,87
s005172,u0707,c005,web,,2026-07-21T17:47:24Z,19
s005173,u0126,c023,tv,,2026-07-21T17:49:21Z,50
s005174,u0475,c001,tv,,2026-07-21T17:49:46Z,56
s005175,u0446,c002,mobile,5.2.0,2026-07-21T17:51:51Z,14
s005176,u0710,c011,tv,,2026-07-21T19:00:03Z,42
s005177,u0654,c002,web,,2026-07-21T19:01:52Z,15
s005178,u0699,c027,mobile,5.2.0,2026-07-21T19:03:04Z,32
s005179,u0690,c015,web,,2026-07-21T19:04:16Z,27
s005180,u0216,c016,mobile,5.2.0,2026-07-21T19:04:48Z,11
s005181,u0216,c016,mobile,5.2.0,2026-07-21T19:05:13Z,11
s005182,u0551,c039,mobile,5.2.0,2026-07-21T19:05:48Z,28
s005183,u0551,c039,mobile,5.2.0,2026-07-21T19:06:06Z,28
s005184,u0613,c009,mobile,5.2.0,2026-07-21T19:07:46Z,29
s005185,u0211,c003,mobile,5.2.0,2026-07-21T19:08:41Z,11
s005186,u0061,c009,tv,,2026-07-21T19:08:49Z,69
s005187,u0211,c001,mobile,5.2.0,2026-07-21T19:09:57Z,23
s005188,u0358,c009,mobile,5.2.0,2026-07-21T19:09:57Z,18
s005189,u0374,c019,web,,2026-07-21T19:10:13Z,67
s005190,u0327,c003,mobile,5.2.0,2026-07-21T19:10:24Z,14
s005191,u0327,c003,mobile,5.2.0,2026-07-21T19:10:55Z,14
s005192,u0327,c003,mobile,5.2.0,2026-07-21T19:11:03Z,14
s005193,u0246,c001,mobile,5.2.0,2026-07-21T19:11:26Z,24
s005194,u0658,c005,mobile,5.2.0,2026-07-21T19:12:06Z,10
s005195,u0028,c002,tv,,2026-07-21T19:13:09Z,38
s005196,u0278,c033,tv,,2026-07-21T19:14:24Z,32
s005197,u0310,c001,tv,,2026-07-21T19:14:34Z,51
s005198,u0474,c005,mobile,5.2.0,2026-07-21T19:16:12Z,21
s005199,u0665,c025,mobile,5.2.0,2026-07-21T19:17:16Z,32
s005200,u0272,c006,mobile,5.2.0,2026-07-21T19:17:30Z,17
s005201,u0665,c025,mobile,5.2.0,2026-07-21T19:17:51Z,32
s005202,u0218,c005,mobile,5.2.0,2026-07-21T19:17:56Z,47
s005203,u0585,c051,web,,2026-07-21T19:17:57Z,18
s005204,u0665,c025,mobile,5.2.0,2026-07-21T19:17:57Z,32
s005205,u0272,c006,mobile,5.2.0,2026-07-21T19:18:09Z,17
s005206,u0218,c005,mobile,5.2.0,2026-07-21T19:18:23Z,47
s005207,u0748,c036,mobile,5.2.0,2026-07-21T19:18:24Z,12
s005208,u0591,c038,mobile,5.2.0,2026-07-21T19:18:40Z,42
s005209,u0119,c001,mobile,5.2.0,2026-07-21T19:19:18Z,29
s005210,u0748,c036,mobile,5.2.0,2026-07-21T19:19:23Z,12
s005211,u0119,c001,mobile,5.2.0,2026-07-21T19:19:27Z,29
s005212,u0591,c038,mobile,5.2.0,2026-07-21T19:19:28Z,42
s005213,u0697,c004,web,,2026-07-21T19:20:03Z,15
s005214,u0604,c002,tv,,2026-07-21T19:21:05Z,153
s005215,u0704,c004,tv,,2026-07-21T19:21:50Z,89
s005216,u0725,c009,mobile,5.2.0,2026-07-21T19:21:50Z,6
s005217,u0458,c046,web,,2026-07-21T19:21:53Z,31
s005218,u0313,c010,tv,,2026-07-21T19:22:31Z,45
s005219,u0725,c009,mobile,5.2.0,2026-07-21T19:22:50Z,6
s005220,u0363,c004,web,,2026-07-21T19:23:09Z,79
s005221,u0496,c001,mobile,5.2.0,2026-07-21T19:23:34Z,32
s005222,u0354,c001,mobile,5.2.0,2026-07-21T19:23:38Z,9
s005223,u0496,c001,mobile,5.2.0,2026-07-21T19:23:39Z,32
s005224,u0703,c032,mobile,5.2.0,2026-07-21T19:25:31Z,15
s005225,u0209,c001,tv,,2026-07-21T19:25:42Z,33
s005226,u0072,c002,mobile,5.2.0,2026-07-21T19:25:49Z,15
s005227,u0344,c001,mobile,5.2.0,2026-07-21T19:25:53Z,37
s005228,u0344,c001,mobile,5.2.0,2026-07-21T19:26:06Z,37
s005229,u0574,c001,mobile,5.2.0,2026-07-21T19:27:15Z,22
s005230,u0239,c034,tv,,2026-07-21T19:27:45Z,172
s005231,u0574,c001,mobile,5.2.0,2026-07-21T19:27:49Z,22
s005232,u0631,c006,mobile,5.2.0,2026-07-21T19:29:37Z,43
s005233,u0363,c046,web,,2026-07-21T19:30:51Z,61
s005234,u0525,c003,web,,2026-07-21T19:31:27Z,106
s005235,u0621,c024,mobile,5.2.0,2026-07-21T19:31:42Z,8
s005236,u0609,c012,mobile,5.2.0,2026-07-21T19:31:54Z,13
s005237,u0621,c024,mobile,5.2.0,2026-07-21T19:32:22Z,8
s005238,u0609,c012,mobile,5.2.0,2026-07-21T19:32:27Z,13
s005239,u0270,c002,web,,2026-07-21T19:34:01Z,55
s005240,u0429,c005,tv,,2026-07-21T19:34:48Z,76
s005241,u0028,c023,tv,,2026-07-21T19:38:11Z,18
s005242,u0589,c014,mobile,5.2.0,2026-07-21T19:38:18Z,25
s005243,u0049,c001,web,,2026-07-21T19:38:32Z,43
s005244,u0589,c014,mobile,5.2.0,2026-07-21T19:38:51Z,25
s005245,u0338,c047,tv,,2026-07-21T19:38:56Z,50
s005246,u0500,c023,mobile,5.2.0,2026-07-21T19:39:09Z,10
s005247,u0383,c030,web,,2026-07-21T19:39:23Z,180
s005248,u0428,c021,tv,,2026-07-21T19:39:33Z,63
s005249,u0562,c012,tv,,2026-07-21T19:39:41Z,15
s005250,u0286,c005,mobile,5.2.0,2026-07-21T19:39:54Z,28
s005251,u0286,c005,mobile,5.2.0,2026-07-21T19:40:26Z,28
s005252,u0766,c002,mobile,5.2.0,2026-07-21T19:40:42Z,15
s005253,u0710,c004,web,,2026-07-21T19:41:57Z,21
s005254,u0206,c004,mobile,5.2.0,2026-07-21T19:42:24Z,10
s005255,u0579,c024,web,,2026-07-21T19:43:05Z,50
s005256,u0743,c009,tv,,2026-07-21T19:43:10Z,134
s005257,u0338,c004,tv,,2026-07-21T19:43:32Z,16
s005258,u0505,c001,web,,2026-07-21T19:43:33Z,41
s005259,u0141,c002,tv,,2026-07-21T19:43:55Z,56
s005260,u0338,c005,tv,,2026-07-21T19:45:18Z,65
s005261,u0455,c013,web,,2026-07-21T19:45:40Z,42
s005262,u0112,c004,tv,,2026-07-21T19:46:08Z,16
s005263,u0259,c001,mobile,5.2.0,2026-07-21T19:46:30Z,23
s005264,u0139,c011,mobile,5.2.0,2026-07-21T19:47:21Z,23
s005265,u0139,c011,mobile,5.2.0,2026-07-21T19:47:57Z,23
s005266,u0395,c001,tv,,2026-07-21T19:49:53Z,49
s005267,u0434,c001,mobile,5.2.0,2026-07-21T19:49:53Z,7
s005268,u0434,c001,mobile,5.2.0,2026-07-21T19:50:49Z,7
s005269,u0703,c014,mobile,5.2.0,2026-07-21T19:51:08Z,14
s005270,u0136,c001,mobile,5.2.0,2026-07-21T19:51:12Z,14
s005271,u0703,c014,mobile,5.2.0,2026-07-21T19:51:18Z,14
s005272,u0136,c001,mobile,5.2.0,2026-07-21T19:51:29Z,14
s005273,u0630,c015,mobile,5.2.0,2026-07-21T19:52:03Z,6
s005274,u0630,c015,mobile,5.2.0,2026-07-21T19:52:33Z,6
s005275,u0664,c040,mobile,5.2.0,2026-07-21T19:53:02Z,21
s005276,u0626,c033,web,,2026-07-21T19:53:23Z,8
s005277,u0133,c021,tv,,2026-07-21T19:53:49Z,34
s005278,u0269,c042,web,,2026-07-21T19:54:29Z,31
s005279,u0697,c016,tv,,2026-07-21T19:54:33Z,17
s005280,u0418,c002,mobile,5.2.0,2026-07-21T19:54:41Z,36
s005281,u0222,c037,web,,2026-07-21T19:54:55Z,15
s005282,u0593,c005,mobile,5.2.0,2026-07-21T19:55:23Z,78
s005283,u0765,c006,tv,,2026-07-21T19:55:59Z,48
s005284,u0182,c055,web,,2026-07-21T19:57:46Z,12
s005285,u0045,c024,mobile,5.2.0,2026-07-21T19:58:24Z,57
s005286,u0430,c001,mobile,5.2.0,2026-07-21T19:58:46Z,15
s005287,u0234,c058,mobile,5.2.0,2026-07-21T19:58:59Z,15
s005288,u0562,c016,tv,,2026-07-21T19:59:10Z,61
s005289,u0626,c004,web,,2026-07-21T19:59:37Z,5
s005290,u0709,c008,mobile,5.2.0,2026-07-21T21:00:10Z,16
s005291,u0021,c015,tv,,2026-07-21T21:00:13Z,108
s005292,u0419,c018,web,,2026-07-21T21:00:19Z,27
s005293,u0750,c055,tv,,2026-07-21T21:00:44Z,44
s005294,u0671,c008,web,,2026-07-21T21:01:25Z,49
s005295,u0218,c002,mobile,5.2.0,2026-07-21T21:02:34Z,32
s005296,u0442,c003,tv,,2026-07-21T21:02:54Z,89
s005297,u0077,c039,mobile,5.2.0,2026-07-21T21:04:21Z,20
s005298,u0527,c004,mobile,5.2.0,2026-07-21T21:04:33Z,38
s005299,u0045,c001,mobile,5.2.0,2026-07-21T21:04:42Z,13
s005300,u0077,c039,mobile,5.2.0,2026-07-21T21:05:05Z,20
s005301,u0393,c013,mobile,5.2.0,2026-07-21T21:07:06Z,20
s005302,u0288,c025,web,,2026-07-21T21:08:00Z,26
s005303,u0469,c017,tv,,2026-07-21T21:09:35Z,4
s005304,u0535,c001,mobile,5.2.0,2026-07-21T21:09:53Z,10
s005305,u0258,c008,mobile,5.2.0,2026-07-21T21:10:13Z,42
s005306,u0580,c019,web,,2026-07-21T21:10:15Z,43
s005307,u0535,c001,mobile,5.2.0,2026-07-21T21:10:16Z,10
s005308,u0465,c007,web,,2026-07-21T21:10:37Z,87
s005309,u0523,c001,web,,2026-07-21T21:10:48Z,33
s005310,u0548,c002,tv,,2026-07-21T21:10:48Z,102
s005311,u0067,c024,tv,,2026-07-21T21:10:56Z,53
s005312,u0634,c015,mobile,5.2.0,2026-07-21T21:10:56Z,16
s005313,u0634,c015,mobile,5.2.0,2026-07-21T21:11:12Z,16
s005314,u0554,c024,tv,,2026-07-21T21:11:47Z,51
s005315,u0112,c008,mobile,5.2.0,2026-07-21T21:12:01Z,9
s005316,u0387,c006,web,,2026-07-21T21:12:06Z,32
s005317,u0744,c029,tv,,2026-07-21T21:13:06Z,110
s005318,u0160,c005,tv,,2026-07-21T21:15:52Z,12
s005319,u0614,c016,mobile,5.2.0,2026-07-21T21:17:11Z,13
s005320,u0200,c001,mobile,5.2.0,2026-07-21T21:18:26Z,32
s005321,u0200,c001,mobile,5.2.0,2026-07-21T21:19:16Z,32
s005322,u0479,c025,mobile,5.2.0,2026-07-21T21:19:32Z,74
s005323,u0054,c038,tv,,2026-07-21T21:19:55Z,55
s005324,u0663,c002,web,,2026-07-21T21:21:40Z,45
s005325,u0439,c006,mobile,5.2.0,2026-07-21T21:22:06Z,29
s005326,u0619,c001,mobile,5.2.0,2026-07-21T21:22:12Z,50
s005327,u0271,c018,web,,2026-07-21T21:22:13Z,70
s005328,u0434,c001,mobile,5.2.0,2026-07-21T21:23:00Z,17
s005329,u0218,c007,mobile,5.2.0,2026-07-21T21:23:03Z,18
s005330,u0045,c018,mobile,5.2.0,2026-07-21T21:23:09Z,32
s005331,u0491,c006,tv,,2026-07-21T21:23:20Z,23
s005332,u0574,c008,mobile,5.2.0,2026-07-21T21:23:39Z,33
s005333,u0161,c042,web,,2026-07-21T21:23:45Z,17
s005334,u0053,c019,tv,,2026-07-21T21:24:04Z,44
s005335,u0160,c002,tv,,2026-07-21T21:24:19Z,109
s005336,u0607,c001,tv,,2026-07-21T21:24:21Z,26
s005337,u0252,c002,mobile,5.2.0,2026-07-21T21:25:29Z,26
s005338,u0716,c002,tv,,2026-07-21T21:26:11Z,29
s005339,u0640,c042,mobile,5.2.0,2026-07-21T21:29:02Z,90
s005340,u0225,c006,web,,2026-07-21T21:29:27Z,10
s005341,u0575,c002,tv,,2026-07-21T21:30:00Z,68
s005342,u0439,c002,mobile,5.2.0,2026-07-21T21:30:57Z,17
s005343,u0126,c044,tv,,2026-07-21T21:30:58Z,14
s005344,u0026,c026,mobile,5.2.0,2026-07-21T21:31:13Z,6
s005345,u0716,c037,tv,,2026-07-21T21:31:17Z,65
s005346,u0576,c057,web,,2026-07-21T21:31:34Z,47
s005347,u0400,c003,mobile,5.2.0,2026-07-21T21:32:06Z,31
s005348,u0512,c013,mobile,5.2.0,2026-07-21T21:32:21Z,26
s005349,u0609,c026,mobile,5.2.0,2026-07-21T21:32:45Z,49
s005350,u0008,c013,mobile,5.2.0,2026-07-21T21:32:58Z,9
s005351,u0654,c004,web,,2026-07-21T21:33:37Z,15
s005352,u0515,c001,tv,,2026-07-21T21:33:38Z,36
s005353,u0136,c002,mobile,5.2.0,2026-07-21T21:33:51Z,9
s005354,u0779,c036,web,,2026-07-21T21:34:27Z,42
s005355,u0044,c060,mobile,5.2.0,2026-07-21T21:34:32Z,11
s005356,u0577,c001,tv,,2026-07-21T21:34:48Z,39
s005357,u0011,c029,mobile,5.2.0,2026-07-21T21:35:13Z,22
s005358,u0321,c004,web,,2026-07-21T21:35:18Z,63
s005359,u0011,c029,mobile,5.2.0,2026-07-21T21:35:28Z,22
s005360,u0669,c006,mobile,5.2.0,2026-07-21T21:35:28Z,36
s005361,u0669,c006,mobile,5.2.0,2026-07-21T21:35:44Z,36
s005362,u0669,c006,mobile,5.2.0,2026-07-21T21:36:17Z,36
s005363,u0096,c002,mobile,5.2.0,2026-07-21T21:36:36Z,9
s005364,u0287,c003,mobile,5.2.0,2026-07-21T21:37:11Z,31
s005365,u0301,c050,mobile,5.2.0,2026-07-21T21:37:13Z,65
s005366,u0287,c003,mobile,5.2.0,2026-07-21T21:37:26Z,31
s005367,u0579,c023,web,,2026-07-21T21:38:09Z,16
s005368,u0189,c001,mobile,5.2.0,2026-07-21T21:38:56Z,15
s005369,u0431,c002,mobile,5.2.0,2026-07-21T21:39:34Z,59
s005370,u0079,c011,tv,,2026-07-21T21:39:55Z,39
s005371,u0245,c028,mobile,5.2.0,2026-07-21T21:43:23Z,79
s005372,u0330,c004,web,,2026-07-21T21:43:31Z,35
s005373,u0189,c001,tv,,2026-07-21T21:44:53Z,26
s005374,u0438,c035,tv,,2026-07-21T21:45:14Z,32
s005375,u0104,c040,web,,2026-07-21T21:45:29Z,39
s005376,u0366,c008,mobile,5.2.0,2026-07-21T21:45:48Z,10
s005377,u0054,c008,web,,2026-07-21T21:46:07Z,50
s005378,u0113,c039,web,,2026-07-21T21:46:59Z,16
s005379,u0202,c001,tv,,2026-07-21T21:47:01Z,43
s005380,u0656,c026,tv,,2026-07-21T21:47:20Z,54
s005381,u0326,c007,tv,,2026-07-21T21:48:56Z,76
s005382,u0458,c015,web,,2026-07-21T21:49:17Z,18
s005383,u0247,c037,mobile,5.2.0,2026-07-21T21:49:44Z,19
s005384,u0232,c004,tv,,2026-07-21T21:50:30Z,55
s005385,u0723,c010,mobile,5.2.0,2026-07-21T21:51:13Z,81
s005386,u0400,c002,mobile,5.2.0,2026-07-21T21:52:47Z,29
s005387,u0562,c049,tv,,2026-07-21T21:53:11Z,40
s005388,u0071,c032,web,,2026-07-21T21:53:28Z,25
s005389,u0779,c019,web,,2026-07-21T21:54:28Z,46
s005390,u0691,c002,web,,2026-07-21T21:54:40Z,42
s005391,u0096,c002,mobile,5.2.0,2026-07-21T21:54:51Z,16
s005392,u0623,c001,mobile,5.2.0,2026-07-21T21:55:49Z,58
s005393,u0460,c002,tv,,2026-07-21T21:56:34Z,42
s005394,u0623,c001,mobile,5.2.0,2026-07-21T21:56:38Z,58
s005395,u0202,c003,tv,,2026-07-21T21:56:46Z,25
s005396,u0085,c003,mobile,5.2.0,2026-07-21T21:56:55Z,10
s005397,u0448,c014,mobile,5.2.0,2026-07-21T21:58:54Z,38
s005398,u0769,c002,mobile,5.2.0,2026-07-21T21:59:22Z,22
s005399,u0769,c002,mobile,5.2.0,2026-07-21T21:59:39Z,22
s005400,u0324,c033,tv,,2026-07-21T23:00:25Z,76
s005401,u0324,c015,tv,,2026-07-21T23:02:28Z,83
s005402,u0271,c010,web,,2026-07-21T23:03:39Z,44
s005403,u0770,c057,mobile,5.2.0,2026-07-21T23:04:18Z,29
s005404,u0183,c006,tv,,2026-07-21T23:04:58Z,153
s005405,u0488,c001,mobile,5.2.0,2026-07-21T23:07:05Z,25
s005406,u0740,c017,mobile,5.2.0,2026-07-21T23:09:29Z,59
s005407,u0449,c001,mobile,5.2.0,2026-07-21T23:10:53Z,19
s005408,u0641,c020,web,,2026-07-21T23:18:12Z,12
s005409,u0080,c003,tv,,2026-07-21T23:22:15Z,65
s005410,u0286,c023,mobile,5.2.0,2026-07-21T23:22:28Z,40
s005411,u0538,c002,web,,2026-07-21T23:23:21Z,36
s005412,u0489,c018,mobile,5.2.0,2026-07-21T23:25:34Z,15
s005413,u0652,c003,web,,2026-07-21T23:27:21Z,24
s005414,u0223,c024,tv,,2026-07-21T23:28:47Z,101
s005415,u0225,c012,mobile,5.2.0,2026-07-21T23:32:52Z,21
s005416,u0131,c007,web,,2026-07-21T23:34:19Z,34
s005417,u0462,c003,mobile,5.2.0,2026-07-21T23:36:10Z,57
s005418,u0411,c011,mobile,5.2.0,2026-07-21T23:36:14Z,16
s005419,u0415,c004,tv,,2026-07-21T23:38:52Z,80
s005420,u0137,c010,web,,2026-07-21T23:39:03Z,17
s005421,u0289,c005,mobile,5.2.0,2026-07-21T23:39:18Z,13
s005422,u0452,c003,web,,2026-07-21T23:39:52Z,38
s005423,u0298,c002,mobile,5.2.0,2026-07-21T23:42:35Z,52
s005424,u0469,c002,tv,,2026-07-21T23:42:54Z,108
s005425,u0743,c001,tv,,2026-07-21T23:43:12Z,48
s005426,u0298,c002,mobile,5.2.0,2026-07-21T23:43:27Z,52
s005427,u0022,c007,mobile,5.2.0,2026-07-21T23:45:47Z,14
s005428,u0022,c007,mobile,5.2.0,2026-07-21T23:45:59Z,14
s005429,u0075,c033,mobile,5.2.0,2026-07-21T23:52:01Z,36
s005430,u0446,c033,mobile,5.2.0,2026-07-21T23:56:23Z,17
s005431,u0364,c052,web,,2026-07-21T23:59:40Z,22
s005432,u0098,c008,tv,,2026-07-22T08:02:15Z,51
s005433,u0511,c025,tv,,2026-07-22T08:06:45Z,48
s005434,u0169,c046,mobile,5.2.0,2026-07-22T08:12:31Z,69
s005435,u0169,c046,mobile,5.2.0,2026-07-22T08:13:04Z,69
s005436,u0129,c005,web,,2026-07-22T08:16:42Z,36
s005437,u0036,c007,web,,2026-07-22T08:19:11Z,61
s005438,u0138,c029,mobile,5.2.0,2026-07-22T08:29:33Z,13
s005439,u0222,c030,mobile,5.2.0,2026-07-22T08:43:42Z,18
s005440,u0491,c034,web,,2026-07-22T08:44:49Z,33
s005441,u0758,c007,web,,2026-07-22T08:46:11Z,17
s005442,u0157,c020,web,,2026-07-22T08:49:49Z,77
s005443,u0287,c021,mobile,5.2.0,2026-07-22T08:50:28Z,20
s005444,u0082,c031,mobile,5.2.0,2026-07-22T12:02:17Z,36
s005445,u0408,c021,tv,,2026-07-22T12:06:35Z,72
s005446,u0275,c045,web,,2026-07-22T12:06:51Z,91
s005447,u0568,c001,mobile,5.2.0,2026-07-22T12:07:40Z,19
s005448,u0454,c001,tv,,2026-07-22T12:11:08Z,23
s005449,u0139,c001,web,,2026-07-22T12:11:57Z,41
s005450,u0516,c041,mobile,5.2.0,2026-07-22T12:12:30Z,15
s005451,u0766,c005,mobile,5.2.0,2026-07-22T12:14:34Z,41
s005452,u0218,c006,mobile,5.2.0,2026-07-22T12:18:37Z,30
s005453,u0218,c006,mobile,5.2.0,2026-07-22T12:19:09Z,30
s005454,u0190,c003,mobile,5.2.0,2026-07-22T12:23:56Z,140
s005455,u0288,c004,web,,2026-07-22T12:24:43Z,62
s005456,u0703,c060,web,,2026-07-22T12:26:28Z,15
s005457,u0630,c028,mobile,5.2.0,2026-07-22T12:29:09Z,21
s005458,u0630,c028,mobile,5.2.0,2026-07-22T12:29:17Z,21
s005459,u0663,c012,web,,2026-07-22T12:31:30Z,148
s005460,u0675,c017,tv,,2026-07-22T12:31:37Z,11
s005461,u0655,c030,mobile,5.2.0,2026-07-22T12:35:10Z,14
s005462,u0655,c030,mobile,5.2.0,2026-07-22T12:35:16Z,14
s005463,u0324,c001,tv,,2026-07-22T12:37:17Z,65
s005464,u0063,c002,mobile,5.2.0,2026-07-22T12:40:24Z,29
s005465,u0620,c001,tv,,2026-07-22T12:47:14Z,15
s005466,u0188,c003,mobile,5.2.0,2026-07-22T12:47:35Z,7
s005467,u0668,c007,mobile,5.2.0,2026-07-22T12:47:50Z,34
s005468,u0590,c001,tv,,2026-07-22T12:48:39Z,24
s005469,u0668,c007,mobile,5.2.0,2026-07-22T12:48:44Z,34
s005470,u0383,c012,tv,,2026-07-22T12:51:09Z,111
s005471,u0028,c003,tv,,2026-07-22T12:52:17Z,48
s005472,u0549,c022,tv,,2026-07-22T12:52:19Z,66
s005473,u0030,c029,web,,2026-07-22T12:54:11Z,21
s005474,u0133,c058,mobile,5.2.0,2026-07-22T12:54:27Z,32
s005475,u0426,c024,mobile,5.2.0,2026-07-22T12:55:08Z,10
s005476,u0426,c024,mobile,5.2.0,2026-07-22T12:55:49Z,10
s005477,u0257,c029,mobile,5.2.0,2026-07-22T12:56:54Z,15
s005478,u0335,c010,tv,,2026-07-22T17:00:41Z,106
s005479,u0301,c001,mobile,5.2.0,2026-07-22T17:03:43Z,26
s005480,u0309,c006,tv,,2026-07-22T17:04:05Z,67
s005481,u0042,c020,tv,,2026-07-22T17:04:37Z,25
s005482,u0590,c001,tv,,2026-07-22T17:04:49Z,24
s005483,u0322,c013,mobile,5.2.0,2026-07-22T17:05:13Z,32
s005484,u0479,c002,mobile,5.2.0,2026-07-22T17:07:57Z,46
s005485,u0176,c028,mobile,5.2.0,2026-07-22T17:08:41Z,40
s005486,u0004,c004,web,,2026-07-22T17:08:44Z,55
s005487,u0176,c028,mobile,5.2.0,2026-07-22T17:08:52Z,40
s005488,u0425,c010,web,,2026-07-22T17:11:10Z,22
s005489,u0338,c014,tv,,2026-07-22T17:11:55Z,34
s005490,u0665,c047,mobile,5.2.0,2026-07-22T17:13:21Z,7
s005491,u0724,c027,mobile,5.2.0,2026-07-22T17:15:14Z,15
s005492,u0724,c027,mobile,5.2.0,2026-07-22T17:15:25Z,15
s005493,u0180,c001,mobile,5.2.0,2026-07-22T17:16:14Z,26
s005494,u0724,c027,mobile,5.2.0,2026-07-22T17:16:20Z,15
s005495,u0180,c001,mobile,5.2.0,2026-07-22T17:16:39Z,26
s005496,u0160,c006,tv,,2026-07-22T17:17:36Z,37
s005497,u0161,c050,tv,,2026-07-22T17:18:58Z,113
s005498,u0663,c031,web,,2026-07-22T17:19:14Z,65
s005499,u0427,c008,web,,2026-07-22T17:20:02Z,57
s005500,u0524,c012,mobile,5.2.0,2026-07-22T17:20:19Z,46
s005501,u0179,c009,mobile,5.2.0,2026-07-22T17:20:45Z,7
s005502,u0524,c012,mobile,5.2.0,2026-07-22T17:20:52Z,46
s005503,u0643,c060,tv,,2026-07-22T17:21:41Z,33
s005504,u0166,c004,web,,2026-07-22T17:23:25Z,33
s005505,u0480,c002,web,,2026-07-22T17:24:17Z,76
s005506,u0748,c004,mobile,5.2.0,2026-07-22T17:25:26Z,16
s005507,u0398,c012,mobile,5.2.0,2026-07-22T17:25:32Z,29
s005508,u0330,c011,web,,2026-07-22T17:26:39Z,34
s005509,u0448,c010,mobile,5.2.0,2026-07-22T17:27:06Z,65
s005510,u0080,c010,tv,,2026-07-22T17:28:08Z,46
s005511,u0239,c003,tv,,2026-07-22T17:28:43Z,28
s005512,u0271,c002,web,,2026-07-22T17:30:52Z,124
s005513,u0253,c001,tv,,2026-07-22T17:32:53Z,80
s005514,u0719,c038,mobile,5.2.0,2026-07-22T17:34:45Z,20
s005515,u0719,c038,mobile,5.2.0,2026-07-22T17:35:07Z,20
s005516,u0171,c036,mobile,5.2.0,2026-07-22T17:35:54Z,8
s005517,u0546,c011,web,,2026-07-22T17:36:01Z,26
s005518,u0421,c020,mobile,5.2.0,2026-07-22T17:37:30Z,17
s005519,u0711,c058,mobile,5.2.0,2026-07-22T17:38:54Z,19
s005520,u0208,c006,tv,,2026-07-22T17:42:23Z,39
s005521,u0707,c009,web,,2026-07-22T17:43:35Z,24
s005522,u0570,c006,mobile,5.2.0,2026-07-22T17:44:20Z,20
s005523,u0671,c001,mobile,5.2.0,2026-07-22T17:46:52Z,18
s005524,u0307,c002,web,,2026-07-22T17:47:23Z,70
s005525,u0101,c013,tv,,2026-07-22T17:49:41Z,43
s005526,u0097,c006,mobile,5.2.0,2026-07-22T17:50:02Z,15
s005527,u0722,c011,mobile,5.2.0,2026-07-22T17:51:14Z,26
s005528,u0722,c011,mobile,5.2.0,2026-07-22T17:52:11Z,26
s005529,u0722,c011,mobile,5.2.0,2026-07-22T17:52:36Z,26
s005530,u0229,c004,tv,,2026-07-22T17:52:45Z,51
s005531,u0301,c008,mobile,5.2.0,2026-07-22T17:53:34Z,11
s005532,u0420,c051,web,,2026-07-22T17:54:14Z,57
s005533,u0150,c007,tv,,2026-07-22T17:54:46Z,12
s005534,u0423,c048,mobile,5.2.0,2026-07-22T17:55:28Z,16
s005535,u0423,c048,mobile,5.2.0,2026-07-22T17:56:20Z,16
s005536,u0255,c049,web,,2026-07-22T17:57:12Z,136
s005537,u0490,c003,web,,2026-07-22T17:59:11Z,35
s005538,u0769,c001,web,,2026-07-22T17:59:53Z,80
s005539,u0782,c002,tv,,2026-07-22T19:02:52Z,16
s005540,u0725,c027,mobile,5.2.0,2026-07-22T19:04:21Z,24
s005541,u0244,c009,web,,2026-07-22T19:05:11Z,69
s005542,u0718,c004,mobile,5.2.0,2026-07-22T19:06:04Z,37
s005543,u0718,c004,mobile,5.2.0,2026-07-22T19:06:17Z,37
s005544,u0655,c017,mobile,5.2.0,2026-07-22T19:09:20Z,5
s005545,u0430,c001,mobile,5.2.0,2026-07-22T19:09:39Z,29
s005546,u0655,c017,mobile,5.2.0,2026-07-22T19:09:45Z,5
s005547,u0351,c009,tv,,2026-07-22T19:10:00Z,77
s005548,u0684,c012,web,,2026-07-22T19:10:42Z,21
s005549,u0575,c038,tv,,2026-07-22T19:11:27Z,153
s005550,u0193,c002,web,,2026-07-22T19:11:35Z,74
s005551,u0253,c014,tv,,2026-07-22T19:11:50Z,47
s005552,u0468,c001,tv,,2026-07-22T19:13:25Z,67
s005553,u0784,c017,web,,2026-07-22T19:14:08Z,28
s005554,u0168,c001,web,,2026-07-22T19:14:39Z,23
s005555,u0770,c001,tv,,2026-07-22T19:14:47Z,51
s005556,u0057,c041,mobile,5.2.0,2026-07-22T19:14:53Z,25
s005557,u0657,c001,mobile,5.2.0,2026-07-22T19:15:04Z,33
s005558,u0648,c021,mobile,5.2.0,2026-07-22T19:17:24Z,50
s005559,u0684,c009,web,,2026-07-22T19:17:28Z,32
s005560,u0035,c011,web,,2026-07-22T19:18:28Z,24
s005561,u0393,c015,mobile,5.2.0,2026-07-22T19:19:29Z,26
s005562,u0393,c015,mobile,5.2.0,2026-07-22T19:20:05Z,26
s005563,u0274,c005,tv,,2026-07-22T19:20:23Z,37
s005564,u0698,c017,mobile,5.2.0,2026-07-22T19:21:06Z,16
s005565,u0714,c002,mobile,5.2.0,2026-07-22T19:21:36Z,27
s005566,u0346,c051,tv,,2026-07-22T19:21:59Z,37
s005567,u0305,c026,tv,,2026-07-22T19:22:47Z,21
s005568,u0462,c001,tv,,2026-07-22T19:22:54Z,33
s005569,u0474,c020,mobile,5.2.0,2026-07-22T19:24:27Z,39
s005570,u0372,c005,mobile,5.2.0,2026-07-22T19:24:53Z,17
s005571,u0164,c003,tv,,2026-07-22T19:25:00Z,51
s005572,u0004,c039,web,,2026-07-22T19:25:30Z,58
s005573,u0230,c030,mobile,5.2.0,2026-07-22T19:25:34Z,16
s005574,u0372,c005,mobile,5.2.0,2026-07-22T19:25:44Z,17
s005575,u0070,c015,tv,,2026-07-22T19:26:42Z,87
s005576,u0190,c049,web,,2026-07-22T19:28:36Z,46
s005577,u0019,c037,mobile,5.2.0,2026-07-22T19:29:11Z,5
s005578,u0314,c006,mobile,5.2.0,2026-07-22T19:29:32Z,37
s005579,u0431,c056,mobile,5.2.0,2026-07-22T19:29:37Z,27
s005580,u0314,c006,mobile,5.2.0,2026-07-22T19:29:42Z,37
s005581,u0258,c033,web,,2026-07-22T19:30:11Z,39
s005582,u0027,c001,tv,,2026-07-22T19:30:21Z,57
s005583,u0116,c008,mobile,5.2.0,2026-07-22T19:31:32Z,51
s005584,u0639,c007,web,,2026-07-22T19:31:42Z,42
s005585,u0294,c014,mobile,5.2.0,2026-07-22T19:32:39Z,9
s005586,u0473,c013,mobile,5.2.0,2026-07-22T19:32:49Z,11
s005587,u0718,c002,tv,,2026-07-22T19:33:44Z,61
s005588,u0623,c012,web,,2026-07-22T19:34:11Z,30
s005589,u0079,c024,tv,,2026-07-22T19:34:25Z,40
s005590,u0631,c003,tv,,2026-07-22T19:35:08Z,58
s005591,u0426,c041,mobile,5.2.0,2026-07-22T19:37:13Z,30
s005592,u0265,c007,tv,,2026-07-22T19:37:30Z,123
s005593,u0426,c041,mobile,5.2.0,2026-07-22T19:37:34Z,30
s005594,u0162,c006,tv,,2026-07-22T19:38:24Z,61
s005595,u0177,c001,tv,,2026-07-22T19:38:46Z,27
s005596,u0466,c031,tv,,2026-07-22T19:39:40Z,35
s005597,u0260,c054,mobile,5.2.0,2026-07-22T19:40:58Z,48
s005598,u0535,c013,mobile,5.2.0,2026-07-22T19:41:14Z,9
s005599,u0260,c054,mobile,5.2.0,2026-07-22T19:41:54Z,48
s005600,u0535,c013,mobile,5.2.0,2026-07-22T19:41:59Z,9
s005601,u0081,c014,tv,,2026-07-22T19:42:20Z,70
s005602,u0018,c002,web,,2026-07-22T19:42:58Z,36
s005603,u0160,c001,tv,,2026-07-22T19:43:01Z,49
s005604,u0684,c001,web,,2026-07-22T19:43:57Z,23
s005605,u0609,c039,mobile,5.2.0,2026-07-22T19:44:38Z,10
s005606,u0017,c005,tv,,2026-07-22T19:44:52Z,65
s005607,u0609,c039,mobile,5.2.0,2026-07-22T19:45:25Z,10
s005608,u0623,c029,web,,2026-07-22T19:45:46Z,44
s005609,u0111,c023,mobile,5.2.0,2026-07-22T19:46:05Z,11
s005610,u0463,c016,mobile,5.2.0,2026-07-22T19:46:10Z,5
s005611,u0518,c007,mobile,5.2.0,2026-07-22T19:46:19Z,16
s005612,u0607,c013,tv,,2026-07-22T19:46:22Z,39
s005613,u0248,c019,mobile,5.2.0,2026-07-22T19:46:23Z,35
s005614,u0463,c016,mobile,5.2.0,2026-07-22T19:46:56Z,5
s005615,u0247,c012,mobile,5.2.0,2026-07-22T19:47:14Z,28
s005616,u0735,c002,mobile,5.2.0,2026-07-22T19:47:25Z,34
s005617,u0735,c002,mobile,5.2.0,2026-07-22T19:48:14Z,34
s005618,u0139,c002,web,,2026-07-22T19:48:23Z,24
s005619,u0716,c028,tv,,2026-07-22T19:48:40Z,42
s005620,u0169,c006,mobile,5.2.0,2026-07-22T19:49:45Z,36
s005621,u0116,c032,mobile,5.2.0,2026-07-22T19:50:37Z,41
s005622,u0621,c011,tv,,2026-07-22T19:50:38Z,118
s005623,u0116,c032,mobile,5.2.0,2026-07-22T19:50:46Z,41
s005624,u0704,c012,tv,,2026-07-22T19:50:58Z,78
s005625,u0437,c032,mobile,5.2.0,2026-07-22T19:51:56Z,19
s005626,u0420,c004,web,,2026-07-22T19:53:15Z,14
s005627,u0575,c031,tv,,2026-07-22T19:53:21Z,27
s005628,u0321,c019,web,,2026-07-22T19:53:57Z,40
s005629,u0779,c023,web,,2026-07-22T19:54:47Z,24
s005630,u0512,c008,mobile,5.2.0,2026-07-22T19:54:54Z,51
s005631,u0512,c008,mobile,5.2.0,2026-07-22T19:54:57Z,51
s005632,u0407,c012,mobile,5.2.0,2026-07-22T19:55:06Z,56
s005633,u0245,c008,tv,,2026-07-22T19:55:56Z,18
s005634,u0407,c012,mobile,5.2.0,2026-07-22T19:56:00Z,56
s005635,u0598,c011,web,,2026-07-22T19:56:44Z,11
s005636,u0564,c019,web,,2026-07-22T19:57:45Z,29
s005637,u0410,c059,mobile,5.2.0,2026-07-22T19:58:47Z,10
s005638,u0204,c002,mobile,5.2.0,2026-07-22T21:01:16Z,71
s005639,u0306,c001,mobile,5.2.0,2026-07-22T21:01:28Z,23
s005640,u0204,c002,mobile,5.2.0,2026-07-22T21:02:04Z,71
s005641,u0738,c019,mobile,5.2.0,2026-07-22T21:02:14Z,14
s005642,u0038,c001,tv,,2026-07-22T21:02:36Z,55
s005643,u0569,c001,mobile,5.2.0,2026-07-22T21:02:43Z,6
s005644,u0738,c019,mobile,5.2.0,2026-07-22T21:02:50Z,14
s005645,u0460,c022,mobile,5.2.0,2026-07-22T21:03:16Z,12
s005646,u0309,c018,tv,,2026-07-22T21:03:19Z,111
s005647,u0656,c015,tv,,2026-07-22T21:03:33Z,57
s005648,u0460,c022,mobile,5.2.0,2026-07-22T21:04:10Z,12
s005649,u0179,c024,tv,,2026-07-22T21:04:55Z,35
s005650,u0764,c028,mobile,5.2.0,2026-07-22T21:06:12Z,33
s005651,u0574,c008,mobile,5.2.0,2026-07-22T21:07:05Z,16
s005652,u0491,c025,web,,2026-07-22T21:07:32Z,66
s005653,u0643,c003,web,,2026-07-22T21:07:52Z,34
s005654,u0115,c050,mobile,5.2.0,2026-07-22T21:08:20Z,12
s005655,u0115,c050,mobile,5.2.0,2026-07-22T21:08:30Z,12
s005656,u0433,c008,mobile,5.2.0,2026-07-22T21:10:57Z,27
s005657,u0188,c012,mobile,5.2.0,2026-07-22T21:13:27Z,11
s005658,u0475,c002,tv,,2026-07-22T21:14:07Z,54
s005659,u0697,c007,web,,2026-07-22T21:14:25Z,28
s005660,u0463,c001,mobile,5.2.0,2026-07-22T21:17:24Z,14
s005661,u0055,c014,mobile,5.2.0,2026-07-22T21:18:51Z,33
s005662,u0624,c003,mobile,5.2.0,2026-07-22T21:20:55Z,8
s005663,u0772,c045,tv,,2026-07-22T21:21:01Z,39
s005664,u0365,c012,tv,,2026-07-22T21:21:02Z,45
s005665,u0430,c014,mobile,5.2.0,2026-07-22T21:21:20Z,20
s005666,u0027,c005,tv,,2026-07-22T21:21:51Z,30
s005667,u0472,c003,mobile,5.2.0,2026-07-22T21:21:54Z,48
s005668,u0430,c014,mobile,5.2.0,2026-07-22T21:22:10Z,20
s005669,u0055,c021,mobile,5.2.0,2026-07-22T21:22:22Z,21
s005670,u0596,c018,mobile,5.2.0,2026-07-22T21:22:23Z,49
s005671,u0616,c002,tv,,2026-07-22T21:23:12Z,32
s005672,u0596,c018,mobile,5.2.0,2026-07-22T21:23:22Z,49
s005673,u0590,c002,web,,2026-07-22T21:24:07Z,17
s005674,u0436,c057,mobile,5.2.0,2026-07-22T21:25:12Z,48
s005675,u0422,c026,tv,,2026-07-22T21:25:43Z,75
s005676,u0535,c002,mobile,5.2.0,2026-07-22T21:26:39Z,5
s005677,u0535,c002,mobile,5.2.0,2026-07-22T21:27:11Z,5
s005678,u0358,c014,mobile,5.2.0,2026-07-22T21:28:08Z,45
s005679,u0358,c014,mobile,5.2.0,2026-07-22T21:28:32Z,45
s005680,u0162,c001,tv,,2026-07-22T21:28:50Z,16
s005681,u0008,c004,mobile,5.2.0,2026-07-22T21:30:02Z,23
s005682,u0275,c001,web,,2026-07-22T21:30:40Z,35
s005683,u0324,c004,tv,,2026-07-22T21:31:25Z,52
s005684,u0314,c002,tv,,2026-07-22T21:34:42Z,32
s005685,u0364,c004,web,,2026-07-22T21:34:51Z,40
s005686,u0715,c004,mobile,5.2.0,2026-07-22T21:35:46Z,21
s005687,u0445,c014,mobile,5.2.0,2026-07-22T21:36:01Z,15
s005688,u0323,c015,tv,,2026-07-22T21:36:32Z,107
s005689,u0270,c056,web,,2026-07-22T21:37:33Z,47
s005690,u0359,c007,mobile,5.2.0,2026-07-22T21:37:47Z,18
s005691,u0645,c006,mobile,5.2.0,2026-07-22T21:37:55Z,37
s005692,u0411,c044,mobile,5.2.0,2026-07-22T21:38:09Z,22
s005693,u0645,c006,mobile,5.2.0,2026-07-22T21:38:28Z,37
s005694,u0359,c007,mobile,5.2.0,2026-07-22T21:38:43Z,18
s005695,u0359,c007,mobile,5.2.0,2026-07-22T21:39:02Z,18
s005696,u0271,c009,web,,2026-07-22T21:39:08Z,88
s005697,u0645,c006,mobile,5.2.0,2026-07-22T21:39:12Z,37
s005698,u0420,c039,web,,2026-07-22T21:39:45Z,56
s005699,u0752,c003,tv,,2026-07-22T21:39:50Z,49
s005700,u0126,c005,tv,,2026-07-22T21:40:18Z,20
s005701,u0184,c002,web,,2026-07-22T21:40:21Z,38
s005702,u0184,c011,tv,,2026-07-22T21:40:52Z,43
s005703,u0659,c006,web,,2026-07-22T21:40:55Z,25
s005704,u0575,c020,tv,,2026-07-22T21:41:14Z,114
s005705,u0086,c006,mobile,5.2.0,2026-07-22T21:43:03Z,10
s005706,u0025,c024,mobile,5.2.0,2026-07-22T21:43:28Z,14
s005707,u0453,c001,mobile,5.2.0,2026-07-22T21:43:43Z,18
s005708,u0025,c024,mobile,5.2.0,2026-07-22T21:44:02Z,14
s005709,u0453,c001,mobile,5.2.0,2026-07-22T21:44:28Z,18
s005710,u0139,c026,web,,2026-07-22T21:44:39Z,27
s005711,u0459,c060,mobile,5.2.0,2026-07-22T21:46:39Z,9
s005712,u0598,c010,tv,,2026-07-22T21:47:21Z,18
s005713,u0448,c004,mobile,5.2.0,2026-07-22T21:47:27Z,22
s005714,u0383,c001,web,,2026-07-22T21:48:20Z,80
s005715,u0307,c025,mobile,5.2.0,2026-07-22T21:48:42Z,25
s005716,u0292,c005,tv,,2026-07-22T21:48:53Z,20
s005717,u0307,c025,mobile,5.2.0,2026-07-22T21:49:33Z,25
s005718,u0755,c007,tv,,2026-07-22T21:50:22Z,76
s005719,u0331,c011,mobile,5.2.0,2026-07-22T21:50:26Z,23
s005720,u0331,c011,mobile,5.2.0,2026-07-22T21:50:42Z,23
s005721,u0266,c011,mobile,5.2.0,2026-07-22T21:50:43Z,19
s005722,u0309,c019,tv,,2026-07-22T21:50:55Z,36
s005723,u0439,c038,mobile,5.2.0,2026-07-22T21:51:01Z,5
s005724,u0356,c055,web,,2026-07-22T21:52:24Z,41
s005725,u0523,c029,web,,2026-07-22T21:52:25Z,19
s005726,u0732,c003,web,,2026-07-22T21:53:49Z,105
s005727,u0172,c010,web,,2026-07-22T21:54:02Z,13
s005728,u0311,c005,web,,2026-07-22T21:54:27Z,38
s005729,u0289,c001,mobile,5.2.0,2026-07-22T21:55:25Z,5
s005730,u0466,c016,tv,,2026-07-22T21:55:53Z,11
s005731,u0533,c007,web,,2026-07-22T21:56:27Z,12
s005732,u0750,c009,mobile,5.2.0,2026-07-22T21:56:38Z,44
s005733,u0217,c005,mobile,5.2.0,2026-07-22T21:57:40Z,35
s005734,u0264,c023,mobile,5.2.0,2026-07-22T23:00:50Z,6
s005735,u0085,c004,mobile,5.2.0,2026-07-22T23:00:55Z,19
s005736,u0085,c004,mobile,5.2.0,2026-07-22T23:01:34Z,19
s005737,u0410,c020,web,,2026-07-22T23:03:24Z,25
s005738,u0177,c001,tv,,2026-07-22T23:07:38Z,111
s005739,u0262,c023,mobile,5.2.0,2026-07-22T23:08:13Z,27
s005740,u0318,c050,tv,,2026-07-22T23:08:24Z,42
s005741,u0147,c005,mobile,5.2.0,2026-07-22T23:10:09Z,19
s005742,u0136,c025,mobile,5.2.0,2026-07-22T23:10:20Z,10
s005743,u0450,c012,mobile,5.2.0,2026-07-22T23:12:15Z,17
s005744,u0437,c037,mobile,5.2.0,2026-07-22T23:12:25Z,22
s005745,u0710,c011,tv,,2026-07-22T23:12:52Z,10
s005746,u0499,c001,web,,2026-07-22T23:14:13Z,101
s005747,u0227,c054,web,,2026-07-22T23:14:41Z,16
s005748,u0232,c049,tv,,2026-07-22T23:16:09Z,69
s005749,u0376,c002,tv,,2026-07-22T23:18:21Z,72
s005750,u0018,c002,tv,,2026-07-22T23:19:50Z,22
s005751,u0079,c001,tv,,2026-07-22T23:25:03Z,30
s005752,u0225,c014,web,,2026-07-22T23:28:04Z,27
s005753,u0102,c001,mobile,5.2.0,2026-07-22T23:28:30Z,38
s005754,u0076,c039,tv,,2026-07-22T23:31:24Z,18
s005755,u0078,c014,tv,,2026-07-22T23:33:35Z,89
s005756,u0674,c001,mobile,5.2.0,2026-07-22T23:37:35Z,21
s005757,u0172,c010,web,,2026-07-22T23:41:33Z,63
s005758,u0497,c024,mobile,5.2.0,2026-07-22T23:43:31Z,11
s005759,u0416,c002,web,,2026-07-22T23:43:45Z,44
s005760,u0455,c002,web,,2026-07-22T23:44:13Z,19
s005761,u0227,c012,mobile,5.2.0,2026-07-22T23:44:27Z,15
s005762,u0227,c012,mobile,5.2.0,2026-07-22T23:45:18Z,15
s005763,u0370,c006,mobile,5.2.0,2026-07-22T23:45:47Z,13
s005764,u0138,c020,mobile,5.2.0,2026-07-22T23:46:58Z,52
s005765,u0138,c020,mobile,5.2.0,2026-07-22T23:47:21Z,52
s005766,u0215,c005,tv,,2026-07-22T23:48:10Z,126
s005767,u0707,c017,web,,2026-07-22T23:51:41Z,38
s005768,u0665,c029,mobile,5.2.0,2026-07-22T23:54:32Z,18
s005769,u0171,c006,mobile,5.2.0,2026-07-22T23:58:52Z,59
s005770,u0307,c020,mobile,5.2.0,2026-07-22T23:59:01Z,41
s005771,u0658,c019,mobile,5.2.0,2026-07-23T08:21:07Z,20
s005772,u0468,c012,tv,,2026-07-23T08:21:53Z,35
s005773,u0273,c011,web,,2026-07-23T08:22:14Z,14
s005774,u0593,c003,tv,,2026-07-23T08:26:59Z,85
s005775,u0517,c057,mobile,5.2.0,2026-07-23T08:27:43Z,54
s005776,u0541,c011,tv,,2026-07-23T08:29:19Z,56
s005777,u0430,c008,mobile,5.2.0,2026-07-23T08:31:42Z,12
s005778,u0598,c002,web,,2026-07-23T08:36:54Z,136
s005779,u0140,c042,mobile,5.2.0,2026-07-23T08:42:19Z,10
s005780,u0140,c042,mobile,5.2.0,2026-07-23T08:42:44Z,10
s005781,u0286,c006,mobile,5.2.0,2026-07-23T08:49:01Z,12
s005782,u0305,c017,mobile,5.2.0,2026-07-23T08:50:44Z,38
s005783,u0230,c018,mobile,5.2.0,2026-07-23T08:51:29Z,18
s005784,u0230,c018,mobile,5.2.0,2026-07-23T08:52:04Z,18
s005785,u0133,c026,mobile,5.2.0,2026-07-23T08:56:22Z,12
s005786,u0436,c034,mobile,5.2.0,2026-07-23T08:59:47Z,40
s005787,u0436,c034,mobile,5.2.0,2026-07-23T09:00:08Z,40
s005788,u0640,c003,mobile,5.2.0,2026-07-23T12:06:34Z,25
s005789,u0529,c040,mobile,5.2.0,2026-07-23T12:11:08Z,20
s005790,u0529,c040,mobile,5.2.0,2026-07-23T12:11:13Z,20
s005791,u0448,c003,mobile,5.2.0,2026-07-23T12:13:02Z,19
s005792,u0288,c042,web,,2026-07-23T12:14:13Z,26
s005793,u0601,c007,tv,,2026-07-23T12:15:14Z,24
s005794,u0479,c013,mobile,5.2.0,2026-07-23T12:17:08Z,15
s005795,u0344,c004,mobile,5.2.0,2026-07-23T12:22:18Z,38
s005796,u0344,c004,mobile,5.2.0,2026-07-23T12:22:51Z,38
s005797,u0430,c009,mobile,5.2.0,2026-07-23T12:23:38Z,10
s005798,u0679,c057,mobile,5.2.0,2026-07-23T12:26:22Z,86
s005799,u0679,c057,mobile,5.2.0,2026-07-23T12:26:50Z,86
s005800,u0222,c004,mobile,5.2.0,2026-07-23T12:30:50Z,5
s005801,u0096,c034,mobile,5.2.0,2026-07-23T12:33:20Z,56
s005802,u0096,c034,mobile,5.2.0,2026-07-23T12:33:54Z,56
s005803,u0658,c014,mobile,5.2.0,2026-07-23T12:34:05Z,12
s005804,u0658,c014,mobile,5.2.0,2026-07-23T12:35:04Z,12
s005805,u0409,c047,web,,2026-07-23T12:38:46Z,31
s005806,u0423,c009,mobile,5.2.0,2026-07-23T12:39:30Z,50
s005807,u0054,c051,web,,2026-07-23T12:39:52Z,67
s005808,u0092,c026,mobile,5.2.0,2026-07-23T12:41:29Z,51
s005809,u0092,c026,mobile,5.2.0,2026-07-23T12:42:20Z,51
s005810,u0535,c003,web,,2026-07-23T12:45:57Z,43
s005811,u0287,c018,mobile,5.2.0,2026-07-23T12:47:22Z,36
s005812,u0187,c024,web,,2026-07-23T12:48:03Z,18
s005813,u0089,c001,web,,2026-07-23T12:49:16Z,40
s005814,u0245,c004,web,,2026-07-23T12:49:57Z,17
s005815,u0191,c022,web,,2026-07-23T12:51:01Z,32
s005816,u0672,c002,web,,2026-07-23T12:53:11Z,61
s005817,u0146,c002,mobile,5.2.0,2026-07-23T12:55:06Z,25
s005818,u0226,c018,mobile,5.2.0,2026-07-23T12:55:35Z,13
s005819,u0146,c002,mobile,5.2.0,2026-07-23T12:56:00Z,25
s005820,u0146,c002,mobile,5.2.0,2026-07-23T12:56:05Z,25
s005821,u0226,c018,mobile,5.2.0,2026-07-23T12:56:25Z,13
s005822,u0485,c005,tv,,2026-07-23T17:00:40Z,25
s005823,u0463,c013,mobile,5.2.0,2026-07-23T17:01:56Z,19
s005824,u0463,c013,mobile,5.2.0,2026-07-23T17:02:48Z,19
s005825,u0416,c055,web,,2026-07-23T17:02:52Z,54
s005826,u0383,c056,web,,2026-07-23T17:04:12Z,63
s005827,u0462,c015,mobile,5.2.0,2026-07-23T17:05:07Z,9
s005828,u0386,c005,mobile,5.2.0,2026-07-23T17:05:13Z,15
s005829,u0609,c016,mobile,5.2.0,2026-07-23T17:05:23Z,26
s005830,u0704,c003,tv,,2026-07-23T17:05:56Z,24
s005831,u0689,c004,tv,,2026-07-23T17:06:14Z,49
s005832,u0208,c018,tv,,2026-07-23T17:06:33Z,69
s005833,u0772,c006,mobile,5.2.0,2026-07-23T17:06:47Z,13
s005834,u0648,c002,mobile,5.2.0,2026-07-23T17:08:12Z,52
s005835,u0568,c001,web,,2026-07-23T17:10:39Z,131
s005836,u0286,c016,mobile,5.2.0,2026-07-23T17:13:27Z,19
s005837,u0718,c007,mobile,5.2.0,2026-07-23T17:17:50Z,17
s005838,u0330,c046,web,,2026-07-23T17:21:03Z,23
s005839,u0576,c019,tv,,2026-07-23T17:25:28Z,189
s005840,u0546,c001,web,,2026-07-23T17:26:37Z,29
s005841,u0373,c056,web,,2026-07-23T17:26:40Z,8
s005842,u0169,c006,mobile,5.2.0,2026-07-23T17:26:58Z,18
s005843,u0772,c015,mobile,5.2.0,2026-07-23T17:31:13Z,29
s005844,u0294,c057,mobile,5.2.0,2026-07-23T17:32:41Z,17
s005845,u0294,c057,mobile,5.2.0,2026-07-23T17:33:30Z,17
s005846,u0099,c010,web,,2026-07-23T17:33:48Z,21
s005847,u0710,c003,tv,,2026-07-23T17:34:32Z,50
s005848,u0138,c017,mobile,5.2.0,2026-07-23T17:35:21Z,16
s005849,u0138,c017,mobile,5.2.0,2026-07-23T17:35:43Z,16
s005850,u0468,c005,mobile,5.2.0,2026-07-23T17:35:50Z,45
s005851,u0046,c001,web,,2026-07-23T17:36:51Z,121
s005852,u0559,c001,mobile,5.2.0,2026-07-23T17:37:41Z,33
s005853,u0559,c001,mobile,5.2.0,2026-07-23T17:37:56Z,33
s005854,u0163,c041,mobile,5.2.0,2026-07-23T17:42:30Z,17
s005855,u0312,c003,web,,2026-07-23T17:43:29Z,55
s005856,u0469,c008,mobile,5.2.0,2026-07-23T17:44:22Z,28
s005857,u0469,c008,mobile,5.2.0,2026-07-23T17:45:17Z,28
s005858,u0373,c002,web,,2026-07-23T17:48:52Z,34
s005859,u0101,c001,tv,,2026-07-23T17:50:04Z,28
s005860,u0420,c056,web,,2026-07-23T17:50:20Z,75
s005861,u0028,c055,web,,2026-07-23T17:50:47Z,24
s005862,u0507,c014,tv,,2026-07-23T17:50:52Z,61
s005863,u0010,c001,tv,,2026-07-23T17:53:41Z,79
s005864,u0157,c023,mobile,5.2.0,2026-07-23T17:54:10Z,44
s005865,u0072,c039,mobile,5.2.0,2026-07-23T17:54:46Z,22
s005866,u0751,c039,mobile,5.2.0,2026-07-23T17:56:59Z,10
s005867,u0534,c053,mobile,5.2.0,2026-07-23T17:57:13Z,37
s005868,u0734,c003,tv,,2026-07-23T17:57:20Z,35
s005869,u0751,c039,mobile,5.2.0,2026-07-23T17:57:28Z,10
s005870,u0592,c011,mobile,5.2.0,2026-07-23T17:58:19Z,28
s005871,u0524,c002,mobile,5.2.0,2026-07-23T17:59:51Z,5
s005872,u0418,c001,mobile,5.2.0,2026-07-23T19:00:17Z,31
s005873,u0200,c006,mobile,5.2.0,2026-07-23T19:00:19Z,37
s005874,u0418,c001,mobile,5.2.0,2026-07-23T19:00:22Z,31
s005875,u0527,c002,mobile,5.2.0,2026-07-23T19:01:21Z,54
s005876,u0595,c003,web,,2026-07-23T19:02:18Z,28
s005877,u0507,c001,tv,,2026-07-23T19:03:35Z,20
s005878,u0366,c057,mobile,5.2.0,2026-07-23T19:05:03Z,30
s005879,u0744,c030,tv,,2026-07-23T19:05:16Z,98
s005880,u0366,c057,mobile,5.2.0,2026-07-23T19:05:24Z,30
s005881,u0348,c001,mobile,5.2.0,2026-07-23T19:05:27Z,28
s005882,u0434,c009,mobile,5.2.0,2026-07-23T19:05:28Z,17
s005883,u0348,c001,mobile,5.2.0,2026-07-23T19:05:34Z,28
s005884,u0081,c001,tv,,2026-07-23T19:05:51Z,60
s005885,u0348,c001,mobile,5.2.0,2026-07-23T19:05:56Z,28
s005886,u0366,c057,mobile,5.2.0,2026-07-23T19:06:04Z,30
s005887,u0434,c009,mobile,5.2.0,2026-07-23T19:06:22Z,17
s005888,u0138,c002,mobile,5.2.0,2026-07-23T19:07:11Z,25
s005889,u0138,c011,mobile,5.2.0,2026-07-23T19:07:48Z,95
s005890,u0606,c018,mobile,5.2.0,2026-07-23T19:08:44Z,15
s005891,u0097,c030,web,,2026-07-23T19:10:31Z,26
s005892,u0136,c011,mobile,5.2.0,2026-07-23T19:11:48Z,13
s005893,u0738,c003,mobile,5.2.0,2026-07-23T19:12:14Z,15
s005894,u0309,c034,tv,,2026-07-23T19:13:06Z,86
s005895,u0002,c029,mobile,5.2.0,2026-07-23T19:14:26Z,42
s005896,u0029,c043,tv,,2026-07-23T19:14:34Z,75
s005897,u0067,c041,tv,,2026-07-23T19:15:15Z,54
s005898,u0663,c012,web,,2026-07-23T19:15:42Z,149
s005899,u0630,c001,mobile,5.2.0,2026-07-23T19:15:52Z,28
s005900,u0630,c001,mobile,5.2.0,2026-07-23T19:16:01Z,28
s005901,u0408,c003,tv,,2026-07-23T19:16:18Z,57
s005902,u0644,c002,mobile,5.2.0,2026-07-23T19:18:10Z,37
s005903,u0462,c009,mobile,5.2.0,2026-07-23T19:19:01Z,27
s005904,u0631,c033,mobile,5.2.0,2026-07-23T19:19:39Z,124
s005905,u0462,c009,mobile,5.2.0,2026-07-23T19:19:51Z,27
s005906,u0199,c008,web,,2026-07-23T19:20:07Z,37
s005907,u0577,c043,tv,,2026-07-23T19:21:02Z,14
s005908,u0328,c002,mobile,5.2.0,2026-07-23T19:22:28Z,28
s005909,u0205,c010,mobile,5.2.0,2026-07-23T19:22:47Z,167
s005910,u0054,c002,web,,2026-07-23T19:25:44Z,129
s005911,u0652,c012,mobile,5.2.0,2026-07-23T19:25:51Z,20
s005912,u0295,c013,mobile,5.2.0,2026-07-23T19:26:13Z,37
s005913,u0652,c012,mobile,5.2.0,2026-07-23T19:26:17Z,20
s005914,u0172,c001,web,,2026-07-23T19:26:46Z,22
s005915,u0430,c002,mobile,5.2.0,2026-07-23T19:26:59Z,26
s005916,u0430,c002,mobile,5.2.0,2026-07-23T19:27:34Z,26
s005917,u0480,c014,web,,2026-07-23T19:27:34Z,20
s005918,u0680,c046,mobile,5.2.0,2026-07-23T19:27:38Z,58
s005919,u0109,c018,mobile,5.2.0,2026-07-23T19:28:21Z,17
s005920,u0517,c018,mobile,5.2.0,2026-07-23T19:28:31Z,56
s005921,u0517,c018,mobile,5.2.0,2026-07-23T19:29:11Z,56
s005922,u0748,c060,tv,,2026-07-23T19:30:30Z,71
s005923,u0688,c060,mobile,5.2.0,2026-07-23T19:31:20Z,32
s005924,u0688,c060,mobile,5.2.0,2026-07-23T19:31:40Z,32
s005925,u0688,c060,mobile,5.2.0,2026-07-23T19:32:30Z,32
s005926,u0529,c008,mobile,5.2.0,2026-07-23T19:33:43Z,16
s005927,u0226,c002,mobile,5.2.0,2026-07-23T19:34:26Z,6
s005928,u0664,c008,mobile,5.2.0,2026-07-23T19:35:36Z,30
s005929,u0219,c001,mobile,5.2.0,2026-07-23T19:37:30Z,38
s005930,u0629,c001,tv,,2026-07-23T19:37:58Z,25
s005931,u0128,c060,tv,,2026-07-23T19:38:07Z,68
s005932,u0372,c010,mobile,5.2.0,2026-07-23T19:38:31Z,23
s005933,u0372,c010,mobile,5.2.0,2026-07-23T19:38:58Z,23
s005934,u0138,c006,mobile,5.2.0,2026-07-23T19:39:55Z,35
s005935,u0601,c012,tv,,2026-07-23T19:40:30Z,53
s005936,u0057,c001,mobile,5.2.0,2026-07-23T19:42:20Z,5
s005937,u0415,c001,tv,,2026-07-23T19:43:24Z,27
s005938,u0222,c001,mobile,5.2.0,2026-07-23T19:44:18Z,15
s005939,u0222,c001,mobile,5.2.0,2026-07-23T19:44:27Z,15
s005940,u0586,c004,mobile,5.2.0,2026-07-23T19:44:39Z,23
s005941,u0687,c008,mobile,5.2.0,2026-07-23T19:44:59Z,39
s005942,u0687,c008,mobile,5.2.0,2026-07-23T19:45:14Z,39
s005943,u0695,c006,mobile,5.2.0,2026-07-23T19:46:29Z,27
s005944,u0521,c029,mobile,5.2.0,2026-07-23T19:46:43Z,14
s005945,u0024,c001,tv,,2026-07-23T19:46:47Z,46
s005946,u0363,c010,web,,2026-07-23T19:47:20Z,41
s005947,u0546,c020,web,,2026-07-23T19:48:19Z,102
s005948,u0307,c001,mobile,5.2.0,2026-07-23T19:48:28Z,43
s005949,u0307,c001,mobile,5.2.0,2026-07-23T19:48:33Z,43
s005950,u0586,c008,mobile,5.2.0,2026-07-23T19:50:36Z,48
s005951,u0115,c002,mobile,5.2.0,2026-07-23T19:51:13Z,8
s005952,u0586,c008,mobile,5.2.0,2026-07-23T19:51:29Z,48
s005953,u0126,c001,tv,,2026-07-23T19:52:11Z,81
s005954,u0116,c003,mobile,5.2.0,2026-07-23T19:52:54Z,25
s005955,u0744,c001,web,,2026-07-23T19:53:22Z,84
s005956,u0658,c004,mobile,5.2.0,2026-07-23T19:53:32Z,15
s005957,u0039,c054,mobile,5.2.0,2026-07-23T19:54:09Z,50
s005958,u0158,c034,web,,2026-07-23T19:54:11Z,23
s005959,u0410,c001,web,,2026-07-23T19:54:45Z,33
s005960,u0755,c039,mobile,5.2.0,2026-07-23T19:55:17Z,29
s005961,u0409,c058,web,,2026-07-23T19:55:31Z,12
s005962,u0491,c017,web,,2026-07-23T19:56:16Z,94
s005963,u0630,c010,tv,,2026-07-23T19:57:53Z,55
s005964,u0198,c013,mobile,5.2.0,2026-07-23T19:57:56Z,27
s005965,u0195,c027,mobile,5.2.0,2026-07-23T19:58:58Z,10
s005966,u0551,c017,tv,,2026-07-23T19:59:21Z,36
s005967,u0308,c012,web,,2026-07-23T19:59:33Z,12
s005968,u0407,c002,mobile,5.2.0,2026-07-23T19:59:40Z,19
s005969,u0210,c020,tv,,2026-07-23T19:59:53Z,98
s005970,u0077,c020,mobile,5.2.0,2026-07-23T19:59:54Z,30
s005971,u0077,c020,mobile,5.2.0,2026-07-23T19:59:59Z,30
s005972,u0528,c012,mobile,5.2.0,2026-07-23T21:00:01Z,17
s005973,u0027,c012,tv,,2026-07-23T21:00:53Z,47
s005974,u0239,c010,tv,,2026-07-23T21:02:18Z,42
s005975,u0121,c010,tv,,2026-07-23T21:03:28Z,88
s005976,u0169,c056,tv,,2026-07-23T21:03:33Z,67
s005977,u0760,c005,mobile,5.2.0,2026-07-23T21:04:45Z,19
s005978,u0498,c007,mobile,5.2.0,2026-07-23T21:05:08Z,13
s005979,u0288,c050,web,,2026-07-23T21:06:03Z,23
s005980,u0473,c005,tv,,2026-07-23T21:06:32Z,44
s005981,u0248,c008,mobile,5.2.0,2026-07-23T21:06:55Z,34
s005982,u0155,c017,tv,,2026-07-23T21:06:58Z,31
s005983,u0659,c028,web,,2026-07-23T21:08:33Z,90
s005984,u0719,c001,mobile,5.2.0,2026-07-23T21:08:35Z,18
s005985,u0719,c001,mobile,5.2.0,2026-07-23T21:08:56Z,18
s005986,u0753,c017,tv,,2026-07-23T21:09:08Z,36
s005987,u0122,c054,tv,,2026-07-23T21:10:24Z,36
s005988,u0221,c018,mobile,5.2.0,2026-07-23T21:10:25Z,4
s005989,u0650,c046,mobile,5.2.0,2026-07-23T21:10:28Z,27
s005990,u0222,c006,mobile,5.2.0,2026-07-23T21:11:46Z,6
s005991,u0222,c006,mobile,5.2.0,2026-07-23T21:11:56Z,6
s005992,u0657,c008,mobile,5.2.0,2026-07-23T21:12:46Z,20
s005993,u0657,c008,mobile,5.2.0,2026-07-23T21:12:58Z,20
s005994,u0574,c046,mobile,5.2.0,2026-07-23T21:13:21Z,15
s005995,u0534,c002,tv,,2026-07-23T21:14:10Z,56
s005996,u0636,c003,mobile,5.2.0,2026-07-23T21:14:29Z,36
s005997,u0344,c016,mobile,5.2.0,2026-07-23T21:14:56Z,17
s005998,u0344,c016,mobile,5.2.0,2026-07-23T21:15:09Z,17
s005999,u0195,c052,web,,2026-07-23T21:15:19Z,28
s006000,u0206,c014,mobile,5.2.0,2026-07-23T21:15:25Z,9
s006001,u0460,c023,tv,,2026-07-23T21:16:49Z,37
s006002,u0013,c002,tv,,2026-07-23T21:17:29Z,28
s006003,u0733,c020,mobile,5.2.0,2026-07-23T21:17:47Z,9
s006004,u0417,c023,mobile,5.2.0,2026-07-23T21:17:51Z,42
s006005,u0291,c020,web,,2026-07-23T21:18:00Z,14
s006006,u0481,c017,tv,,2026-07-23T21:18:47Z,75
s006007,u0420,c002,web,,2026-07-23T21:20:31Z,87
s006008,u0776,c011,tv,,2026-07-23T21:22:07Z,76
s006009,u0478,c001,tv,,2026-07-23T21:22:12Z,60
s006010,u0245,c033,tv,,2026-07-23T21:22:22Z,72
s006011,u0461,c060,web,,2026-07-23T21:22:34Z,20
s006012,u0262,c022,mobile,5.2.0,2026-07-23T21:22:55Z,26
s006013,u0329,c001,web,,2026-07-23T21:24:02Z,41
s006014,u0216,c008,mobile,5.2.0,2026-07-23T21:24:15Z,28
s006015,u0216,c008,mobile,5.2.0,2026-07-23T21:24:24Z,28
s006016,u0052,c001,web,,2026-07-23T21:24:33Z,16
s006017,u0017,c030,tv,,2026-07-23T21:25:02Z,71
s006018,u0340,c024,tv,,2026-07-23T21:25:34Z,102
s006019,u0523,c014,tv,,2026-07-23T21:26:00Z,24
s006020,u0183,c025,tv,,2026-07-23T21:27:12Z,42
s006021,u0534,c037,tv,,2026-07-23T21:27:45Z,100
s006022,u0421,c008,mobile,5.2.0,2026-07-23T21:27:54Z,8
s006023,u0421,c008,mobile,5.2.0,2026-07-23T21:28:05Z,8
s006024,u0124,c023,mobile,5.2.0,2026-07-23T21:29:12Z,31
s006025,u0231,c006,mobile,5.2.0,2026-07-23T21:29:18Z,9
s006026,u0460,c010,mobile,5.2.0,2026-07-23T21:29:32Z,20
s006027,u0124,c023,mobile,5.2.0,2026-07-23T21:29:45Z,31
s006028,u0210,c001,tv,,2026-07-23T21:29:49Z,33
s006029,u0460,c010,mobile,5.2.0,2026-07-23T21:29:50Z,20
s006030,u0231,c006,mobile,5.2.0,2026-07-23T21:30:02Z,9
s006031,u0491,c001,web,,2026-07-23T21:30:11Z,60
s006032,u0491,c029,web,,2026-07-23T21:30:26Z,32
s006033,u0104,c024,web,,2026-07-23T21:31:22Z,25
s006034,u0025,c018,mobile,5.2.0,2026-07-23T21:32:49Z,47
s006035,u0300,c002,tv,,2026-07-23T21:33:31Z,235
s006036,u0025,c018,mobile,5.2.0,2026-07-23T21:33:36Z,47
s006037,u0774,c045,mobile,5.2.0,2026-07-23T21:34:20Z,64
s006038,u0774,c045,mobile,5.2.0,2026-07-23T21:34:24Z,64
s006039,u0277,c014,web,,2026-07-23T21:34:42Z,21
s006040,u0608,c052,web,,2026-07-23T21:35:12Z,50
s006041,u0759,c051,tv,,2026-07-23T21:35:52Z,34
s006042,u0225,c003,tv,,2026-07-23T21:36:30Z,62
s006043,u0400,c033,mobile,5.2.0,2026-07-23T21:37:24Z,75
s006044,u0158,c006,web,,2026-07-23T21:38:21Z,100
s006045,u0166,c020,web,,2026-07-23T21:38:50Z,53
s006046,u0599,c001,tv,,2026-07-23T21:39:40Z,25
s006047,u0678,c003,mobile,5.2.0,2026-07-23T21:39:42Z,33
s006048,u0755,c010,web,,2026-07-23T21:40:15Z,53
s006049,u0574,c001,tv,,2026-07-23T21:41:11Z,30
s006050,u0468,c028,tv,,2026-07-23T21:41:25Z,151
s006051,u0718,c024,mobile,5.2.0,2026-07-23T21:42:14Z,20
s006052,u0161,c026,tv,,2026-07-23T21:43:31Z,44
s006053,u0681,c041,tv,,2026-07-23T21:44:55Z,22
s006054,u0210,c001,tv,,2026-07-23T21:46:01Z,11
s006055,u0060,c005,tv,,2026-07-23T21:46:10Z,83
s006056,u0496,c001,mobile,5.2.0,2026-07-23T21:46:38Z,8
s006057,u0704,c030,tv,,2026-07-23T21:46:41Z,24
s006058,u0545,c039,tv,,2026-07-23T21:46:44Z,103
s006059,u0496,c001,mobile,5.2.0,2026-07-23T21:47:03Z,8
s006060,u0549,c019,tv,,2026-07-23T21:47:12Z,56
s006061,u0113,c028,web,,2026-07-23T21:47:26Z,33
s006062,u0590,c057,tv,,2026-07-23T21:47:36Z,13
s006063,u0523,c032,web,,2026-07-23T21:48:21Z,9
s006064,u0654,c025,web,,2026-07-23T21:48:38Z,10
s006065,u0309,c048,tv,,2026-07-23T21:48:58Z,17
s006066,u0004,c010,web,,2026-07-23T21:49:01Z,19
s006067,u0178,c002,web,,2026-07-23T21:50:28Z,26
s006068,u0086,c051,mobile,5.2.0,2026-07-23T21:51:03Z,16
s006069,u0086,c051,mobile,5.2.0,2026-07-23T21:51:49Z,16
s006070,u0126,c019,mobile,5.2.0,2026-07-23T21:51:55Z,22
s006071,u0252,c003,mobile,5.2.0,2026-07-23T21:52:29Z,24
s006072,u0631,c047,mobile,5.2.0,2026-07-23T21:53:15Z,22
s006073,u0357,c002,mobile,5.2.0,2026-07-23T21:53:17Z,25
s006074,u0394,c001,tv,,2026-07-23T21:53:27Z,32
s006075,u0141,c030,tv,,2026-07-23T21:54:29Z,36
s006076,u0667,c015,web,,2026-07-23T21:55:27Z,28
s006077,u0022,c034,mobile,5.2.0,2026-07-23T21:56:39Z,31
s006078,u0409,c060,web,,2026-07-23T21:57:02Z,31
s006079,u0707,c053,web,,2026-07-23T21:57:46Z,38
s006080,u0305,c006,tv,,2026-07-23T21:58:03Z,101
s006081,u0331,c008,mobile,5.2.0,2026-07-23T21:59:34Z,15
s006082,u0409,c003,mobile,5.2.0,2026-07-23T23:02:45Z,44
s006083,u0023,c004,web,,2026-07-23T23:05:08Z,40
s006084,u0531,c060,tv,,2026-07-23T23:09:47Z,108
s006085,u0339,c008,tv,,2026-07-23T23:10:05Z,22
s006086,u0139,c002,web,,2026-07-23T23:10:07Z,29
s006087,u0786,c003,web,,2026-07-23T23:10:17Z,160
s006088,u0613,c007,web,,2026-07-23T23:16:06Z,47
s006089,u0307,c015,mobile,5.2.0,2026-07-23T23:16:56Z,28
s006090,u0534,c002,tv,,2026-07-23T23:19:02Z,35
s006091,u0089,c006,mobile,5.2.0,2026-07-23T23:19:36Z,5
s006092,u0679,c004,mobile,5.2.0,2026-07-23T23:20:03Z,7
s006093,u0679,c004,mobile,5.2.0,2026-07-23T23:20:11Z,7
s006094,u0244,c015,tv,,2026-07-23T23:21:02Z,69
s006095,u0448,c002,mobile,5.2.0,2026-07-23T23:26:51Z,37
s006096,u0245,c005,tv,,2026-07-23T23:27:14Z,20
s006097,u0318,c058,tv,,2026-07-23T23:27:36Z,30
s006098,u0593,c019,mobile,5.2.0,2026-07-23T23:35:50Z,41
s006099,u0365,c002,tv,,2026-07-23T23:36:20Z,33
s006100,u0570,c002,web,,2026-07-23T23:39:31Z,21
s006101,u0554,c005,web,,2026-07-23T23:41:05Z,27
s006102,u0220,c030,tv,,2026-07-23T23:41:29Z,132
s006103,u0763,c005,web,,2026-07-23T23:43:13Z,28
s006104,u0278,c006,mobile,5.2.0,2026-07-23T23:45:40Z,28
s006105,u0132,c057,tv,,2026-07-23T23:50:19Z,89
s006106,u0115,c004,mobile,5.2.0,2026-07-23T23:58:31Z,15
s006107,u0115,c004,mobile,5.2.0,2026-07-23T23:58:48Z,15
s006108,u0232,c011,tv,,2026-07-23T23:59:41Z,124
s006109,u0049,c001,web,,2026-07-23T23:59:52Z,24
s006110,u0148,c051,tv,,2026-07-24T08:01:05Z,34
s006111,u0060,c001,tv,,2026-07-24T08:08:26Z,89
s006112,u0396,c039,tv,,2026-07-24T08:10:55Z,34
s006113,u0773,c004,mobile,5.2.0,2026-07-24T08:10:56Z,39
s006114,u0126,c059,tv,,2026-07-24T08:18:34Z,26
s006115,u0479,c007,mobile,5.2.0,2026-07-24T08:29:08Z,40
s006116,u0479,c007,mobile,5.2.0,2026-07-24T08:29:34Z,40
s006117,u0385,c057,web,,2026-07-24T08:32:04Z,23
s006118,u0138,c002,mobile,5.2.0,2026-07-24T08:34:40Z,17
s006119,u0191,c014,web,,2026-07-24T08:37:29Z,37
s006120,u0430,c005,mobile,5.2.0,2026-07-24T08:40:20Z,27
s006121,u0430,c005,mobile,5.2.0,2026-07-24T08:41:19Z,27
s006122,u0524,c020,mobile,5.2.0,2026-07-24T08:48:25Z,69
s006123,u0524,c020,mobile,5.2.0,2026-07-24T08:49:01Z,69
s006124,u0471,c025,tv,,2026-07-24T08:55:16Z,25
s006125,u0199,c029,web,,2026-07-24T08:56:53Z,24
s006126,u0521,c023,mobile,5.2.0,2026-07-24T08:57:36Z,29
s006127,u0650,c004,mobile,5.2.0,2026-07-24T12:02:44Z,16
s006128,u0744,c001,tv,,2026-07-24T12:04:00Z,97
s006129,u0230,c001,mobile,5.2.0,2026-07-24T12:04:51Z,30
s006130,u0446,c016,mobile,5.2.0,2026-07-24T12:08:36Z,14
s006131,u0099,c011,web,,2026-07-24T12:11:47Z,124
s006132,u0753,c003,tv,,2026-07-24T12:12:20Z,57
s006133,u0029,c041,tv,,2026-07-24T12:16:33Z,235
s006134,u0042,c001,tv,,2026-07-24T12:20:11Z,41
s006135,u0179,c003,tv,,2026-07-24T12:22:36Z,19
s006136,u0049,c024,web,,2026-07-24T12:24:04Z,18
s006137,u0067,c015,tv,,2026-07-24T12:26:43Z,57
s006138,u0169,c018,mobile,5.2.0,2026-07-24T12:29:06Z,18
s006139,u0169,c018,mobile,5.2.0,2026-07-24T12:29:10Z,18
s006140,u0612,c004,tv,,2026-07-24T12:31:15Z,22
s006141,u0521,c002,mobile,5.2.0,2026-07-24T12:35:09Z,24
s006142,u0439,c004,mobile,5.2.0,2026-07-24T12:37:30Z,23
s006143,u0675,c003,tv,,2026-07-24T12:37:58Z,51
s006144,u0218,c034,mobile,5.2.0,2026-07-24T12:40:52Z,25
s006145,u0097,c002,mobile,5.2.0,2026-07-24T12:41:02Z,32
s006146,u0381,c001,web,,2026-07-24T12:42:20Z,47
s006147,u0744,c002,tv,,2026-07-24T12:43:23Z,38
s006148,u0575,c009,tv,,2026-07-24T12:45:02Z,101
s006149,u0015,c044,tv,,2026-07-24T12:45:12Z,33
s006150,u0316,c020,web,,2026-07-24T12:45:13Z,24
s006151,u0618,c053,tv,,2026-07-24T12:47:57Z,41
s006152,u0427,c006,web,,2026-07-24T12:48:46Z,35
s006153,u0238,c002,web,,2026-07-24T12:52:25Z,18
s006154,u0439,c006,mobile,5.2.0,2026-07-24T12:52:56Z,27
s006155,u0374,c006,web,,2026-07-24T12:55:24Z,43
s006156,u0558,c017,mobile,5.2.0,2026-07-24T12:58:46Z,3
s006157,u0106,c006,web,,2026-07-24T17:02:27Z,48
s006158,u0366,c039,tv,,2026-07-24T17:02:38Z,19
s006159,u0191,c004,web,,2026-07-24T17:04:15Z,19
s006160,u0415,c001,tv,,2026-07-24T17:05:18Z,60
s006161,u0028,c058,tv,,2026-07-24T17:06:57Z,20
s006162,u0534,c001,tv,,2026-07-24T17:09:03Z,152
s006163,u0434,c001,mobile,5.2.0,2026-07-24T17:09:13Z,11
s006164,u0668,c022,mobile,5.2.0,2026-07-24T17:11:47Z,65
s006165,u0624,c003,mobile,5.2.0,2026-07-24T17:13:34Z,14
s006166,u0153,c020,web,,2026-07-24T17:13:41Z,16
s006167,u0672,c011,mobile,5.2.0,2026-07-24T17:15:58Z,41
s006168,u0200,c026,mobile,5.2.0,2026-07-24T17:17:51Z,10
s006169,u0076,c013,tv,,2026-07-24T17:18:20Z,93
s006170,u0211,c001,mobile,5.2.0,2026-07-24T17:19:25Z,33
s006171,u0211,c001,mobile,5.2.0,2026-07-24T17:20:02Z,33
s006172,u0217,c010,tv,,2026-07-24T17:20:14Z,30
s006173,u0427,c010,web,,2026-07-24T17:20:23Z,82
s006174,u0606,c024,mobile,5.2.0,2026-07-24T17:21:21Z,26
s006175,u0758,c055,web,,2026-07-24T17:25:04Z,24
s006176,u0282,c043,mobile,5.2.0,2026-07-24T17:29:19Z,35
s006177,u0638,c010,web,,2026-07-24T17:29:30Z,31
s006178,u0465,c005,web,,2026-07-24T17:32:54Z,122
s006179,u0085,c038,mobile,5.2.0,2026-07-24T17:33:04Z,21
s006180,u0225,c006,web,,2026-07-24T17:33:05Z,16
s006181,u0139,c004,mobile,5.2.0,2026-07-24T17:33:33Z,30
s006182,u0458,c028,web,,2026-07-24T17:33:38Z,38
s006183,u0139,c004,mobile,5.2.0,2026-07-24T17:33:48Z,30
s006184,u0472,c002,mobile,5.2.0,2026-07-24T17:34:11Z,25
s006185,u0421,c016,mobile,5.2.0,2026-07-24T17:34:26Z,27
s006186,u0139,c004,mobile,5.2.0,2026-07-24T17:34:45Z,30
s006187,u0421,c016,mobile,5.2.0,2026-07-24T17:35:18Z,27
s006188,u0279,c011,web,,2026-07-24T17:37:45Z,35
s006189,u0430,c009,mobile,5.2.0,2026-07-24T17:38:51Z,9
s006190,u0430,c009,mobile,5.2.0,2026-07-24T17:39:30Z,9
s006191,u0082,c005,web,,2026-07-24T17:42:28Z,51
s006192,u0189,c004,mobile,5.2.0,2026-07-24T17:43:29Z,16
s006193,u0286,c006,mobile,5.2.0,2026-07-24T17:44:01Z,33
s006194,u0286,c006,mobile,5.2.0,2026-07-24T17:44:21Z,33
s006195,u0286,c006,mobile,5.2.0,2026-07-24T17:44:25Z,33
s006196,u0126,c005,tv,,2026-07-24T17:46:20Z,40
s006197,u0057,c003,mobile,5.2.0,2026-07-24T17:46:29Z,16
s006198,u0292,c010,tv,,2026-07-24T17:46:41Z,41
s006199,u0433,c006,mobile,5.2.0,2026-07-24T17:49:13Z,8
s006200,u0433,c006,mobile,5.2.0,2026-07-24T17:49:35Z,8
s006201,u0615,c050,mobile,5.2.0,2026-07-24T17:49:49Z,42
s006202,u0575,c014,mobile,5.2.0,2026-07-24T17:50:26Z,39
s006203,u0737,c004,mobile,5.2.0,2026-07-24T17:52:28Z,34
s006204,u0669,c045,mobile,5.2.0,2026-07-24T17:52:57Z,87
s006205,u0355,c048,web,,2026-07-24T17:54:36Z,27
s006206,u0138,c031,web,,2026-07-24T17:55:29Z,49
s006207,u0668,c002,mobile,5.2.0,2026-07-24T17:56:14Z,33
s006208,u0272,c023,mobile,5.2.0,2026-07-24T17:56:27Z,24
s006209,u0272,c023,mobile,5.2.0,2026-07-24T17:56:35Z,24
s006210,u0634,c060,tv,,2026-07-24T17:56:39Z,59
s006211,u0761,c002,web,,2026-07-24T17:57:34Z,54
s006212,u0446,c001,mobile,5.2.0,2026-07-24T17:58:03Z,89
s006213,u0446,c001,mobile,5.2.0,2026-07-24T17:58:15Z,89
s006214,u0433,c011,mobile,5.2.0,2026-07-24T17:58:57Z,15
s006215,u0230,c034,mobile,5.2.0,2026-07-24T19:00:13Z,13
s006216,u0382,c002,tv,,2026-07-24T19:01:58Z,107
s006217,u0066,c005,web,,2026-07-24T19:02:02Z,26
s006218,u0292,c036,tv,,2026-07-24T19:02:26Z,70
s006219,u0744,c001,tv,,2026-07-24T19:03:51Z,138
s006220,u0210,c049,tv,,2026-07-24T19:03:54Z,76
s006221,u0238,c014,web,,2026-07-24T19:04:54Z,17
s006222,u0279,c001,web,,2026-07-24T19:05:19Z,15
s006223,u0687,c014,mobile,5.2.0,2026-07-24T19:05:32Z,20
s006224,u0558,c001,mobile,5.2.0,2026-07-24T19:05:36Z,21
s006225,u0672,c027,mobile,5.2.0,2026-07-24T19:05:47Z,26
s006226,u0109,c002,mobile,5.2.0,2026-07-24T19:06:00Z,63
s006227,u0558,c001,mobile,5.2.0,2026-07-24T19:06:15Z,21
s006228,u0763,c001,tv,,2026-07-24T19:06:22Z,41
s006229,u0663,c048,web,,2026-07-24T19:07:20Z,68
s006230,u0387,c003,web,,2026-07-24T19:07:52Z,14
s006231,u0069,c005,mobile,5.2.0,2026-07-24T19:08:52Z,14
s006232,u0102,c002,mobile,5.2.0,2026-07-24T19:10:16Z,23
s006233,u0691,c058,web,,2026-07-24T19:10:46Z,33
s006234,u0575,c005,tv,,2026-07-24T19:11:45Z,120
s006235,u0287,c027,mobile,5.2.0,2026-07-24T19:12:08Z,23
s006236,u0608,c008,web,,2026-07-24T19:12:34Z,36
s006237,u0203,c012,mobile,5.2.0,2026-07-24T19:12:36Z,15
s006238,u0703,c038,mobile,5.2.0,2026-07-24T19:14:27Z,11
s006239,u0762,c007,tv,,2026-07-24T19:14:36Z,31
s006240,u0423,c015,mobile,5.2.0,2026-07-24T19:15:08Z,27
s006241,u0703,c038,mobile,5.2.0,2026-07-24T19:15:10Z,11
s006242,u0080,c026,tv,,2026-07-24T19:15:45Z,75
s006243,u0744,c002,mobile,5.2.0,2026-07-24T19:16:26Z,39
s006244,u0326,c008,tv,,2026-07-24T19:16:42Z,25
s006245,u0138,c046,mobile,5.2.0,2026-07-24T19:18:04Z,19
s006246,u0131,c049,mobile,5.2.0,2026-07-24T19:18:21Z,33
s006247,u0280,c002,web,,2026-07-24T19:20:31Z,86
s006248,u0421,c033,mobile,5.2.0,2026-07-24T19:20:34Z,14
s006249,u0421,c033,mobile,5.2.0,2026-07-24T19:21:25Z,14
s006250,u0030,c049,web,,2026-07-24T19:21:39Z,90
s006251,u0416,c050,web,,2026-07-24T19:22:13Z,24
s006252,u0117,c032,mobile,5.2.0,2026-07-24T19:22:22Z,13
s006253,u0771,c007,tv,,2026-07-24T19:22:44Z,48
s006254,u0283,c002,mobile,5.2.0,2026-07-24T19:23:36Z,12
s006255,u0643,c003,tv,,2026-07-24T19:24:02Z,53
s006256,u0326,c002,tv,,2026-07-24T19:25:43Z,49
s006257,u0309,c056,tv,,2026-07-24T19:26:41Z,157
s006258,u0628,c003,tv,,2026-07-24T19:27:00Z,77
s006259,u0283,c051,mobile,5.2.0,2026-07-24T19:27:26Z,18
s006260,u0505,c001,web,,2026-07-24T19:28:05Z,110
s006261,u0190,c007,mobile,5.2.0,2026-07-24T19:29:10Z,42
s006262,u0415,c012,tv,,2026-07-24T19:30:10Z,56
s006263,u0590,c007,tv,,2026-07-24T19:30:53Z,27
s006264,u0147,c006,mobile,5.2.0,2026-07-24T19:31:46Z,24
s006265,u0147,c006,mobile,5.2.0,2026-07-24T19:32:01Z,24
s006266,u0591,c040,mobile,5.2.0,2026-07-24T19:32:14Z,84
s006267,u0523,c001,web,,2026-07-24T19:32:38Z,21
s006268,u0750,c049,tv,,2026-07-24T19:32:48Z,112
s006269,u0028,c005,tv,,2026-07-24T19:34:32Z,145
s006270,u0725,c027,mobile,5.2.0,2026-07-24T19:34:48Z,19
s006271,u0623,c015,web,,2026-07-24T19:34:53Z,49
s006272,u0318,c002,tv,,2026-07-24T19:35:34Z,7
s006273,u0656,c002,tv,,2026-07-24T19:36:16Z,38
s006274,u0372,c021,web,,2026-07-24T19:36:18Z,73
s006275,u0523,c007,web,,2026-07-24T19:36:45Z,44
s006276,u0139,c011,web,,2026-07-24T19:38:48Z,71
s006277,u0189,c054,mobile,5.2.0,2026-07-24T19:40:15Z,11
s006278,u0189,c054,mobile,5.2.0,2026-07-24T19:40:26Z,11
s006279,u0536,c001,tv,,2026-07-24T19:40:43Z,102
s006280,u0189,c054,mobile,5.2.0,2026-07-24T19:40:55Z,11
s006281,u0247,c009,mobile,5.2.0,2026-07-24T19:40:59Z,14
s006282,u0532,c025,tv,,2026-07-24T19:41:46Z,162
s006283,u0112,c001,tv,,2026-07-24T19:41:51Z,32
s006284,u0313,c033,tv,,2026-07-24T19:41:53Z,96
s006285,u0434,c007,mobile,5.2.0,2026-07-24T19:42:36Z,22
s006286,u0138,c059,mobile,5.2.0,2026-07-24T19:42:44Z,11
s006287,u0138,c059,mobile,5.2.0,2026-07-24T19:43:35Z,11
s006288,u0748,c011,mobile,5.2.0,2026-07-24T19:44:06Z,77
s006289,u0014,c003,mobile,5.2.0,2026-07-24T19:46:15Z,14
s006290,u0663,c002,web,,2026-07-24T19:46:29Z,153
s006291,u0430,c001,mobile,5.2.0,2026-07-24T19:47:48Z,17
s006292,u0609,c001,mobile,5.2.0,2026-07-24T19:48:45Z,22
s006293,u0069,c010,mobile,5.2.0,2026-07-24T19:51:24Z,19
s006294,u0613,c026,web,,2026-07-24T19:51:30Z,53
s006295,u0259,c032,mobile,5.2.0,2026-07-24T19:51:55Z,16
s006296,u0263,c016,mobile,5.2.0,2026-07-24T19:52:33Z,13
s006297,u0263,c016,mobile,5.2.0,2026-07-24T19:53:04Z,13
s006298,u0635,c042,web,,2026-07-24T19:53:49Z,23
s006299,u0175,c019,web,,2026-07-24T19:53:54Z,26
s006300,u0234,c032,mobile,5.2.0,2026-07-24T19:54:11Z,15
s006301,u0531,c035,tv,,2026-07-24T19:54:40Z,35
s006302,u0234,c032,mobile,5.2.0,2026-07-24T19:55:04Z,15
s006303,u0332,c002,mobile,5.2.0,2026-07-24T19:55:37Z,10
s006304,u0658,c002,mobile,5.2.0,2026-07-24T19:56:41Z,12
s006305,u0151,c004,mobile,5.2.0,2026-07-24T19:56:53Z,21
s006306,u0092,c001,web,,2026-07-24T19:57:24Z,55
s006307,u0445,c005,mobile,5.2.0,2026-07-24T19:57:28Z,26
s006308,u0215,c018,tv,,2026-07-24T19:57:53Z,73
s006309,u0445,c005,mobile,5.2.0,2026-07-24T19:57:59Z,26
s006310,u0716,c007,tv,,2026-07-24T19:59:01Z,61
s006311,u0130,c002,tv,,2026-07-24T19:59:06Z,55
s006312,u0642,c008,mobile,5.2.0,2026-07-24T19:59:14Z,12
s006313,u0468,c028,tv,,2026-07-24T21:00:42Z,74
s006314,u0121,c001,tv,,2026-07-24T21:00:47Z,58
s006315,u0430,c001,mobile,5.2.0,2026-07-24T21:01:26Z,15
s006316,u0245,c002,tv,,2026-07-24T21:01:46Z,38
s006317,u0136,c010,web,,2026-07-24T21:02:32Z,80
s006318,u0185,c023,mobile,5.2.0,2026-07-24T21:03:26Z,56
s006319,u0377,c023,mobile,5.2.0,2026-07-24T21:04:20Z,19
s006320,u0752,c029,tv,,2026-07-24T21:04:46Z,69
s006321,u0377,c023,mobile,5.2.0,2026-07-24T21:04:50Z,19
s006322,u0449,c002,mobile,5.2.0,2026-07-24T21:05:14Z,13
s006323,u0387,c030,web,,2026-07-24T21:05:55Z,61
s006324,u0409,c040,tv,,2026-07-24T21:06:10Z,23
s006325,u0286,c023,mobile,5.2.0,2026-07-24T21:06:27Z,9
s006326,u0734,c009,tv,,2026-07-24T21:08:12Z,133
s006327,u0312,c001,mobile,5.2.0,2026-07-24T21:08:17Z,22
s006328,u0630,c016,mobile,5.2.0,2026-07-24T21:08:19Z,9
s006329,u0312,c001,mobile,5.2.0,2026-07-24T21:09:00Z,22
s006330,u0318,c003,web,,2026-07-24T21:09:02Z,34
s006331,u0195,c009,web,,2026-07-24T21:09:42Z,13
s006332,u0366,c001,mobile,5.2.0,2026-07-24T21:10:12Z,7
s006333,u0421,c050,mobile,5.2.0,2026-07-24T21:10:45Z,8
s006334,u0170,c014,mobile,5.2.0,2026-07-24T21:11:14Z,26
s006335,u0169,c040,mobile,5.2.0,2026-07-24T21:13:40Z,45
s006336,u0258,c003,mobile,5.2.0,2026-07-24T21:13:47Z,17
s006337,u0169,c040,mobile,5.2.0,2026-07-24T21:14:24Z,45
s006338,u0348,c017,mobile,5.2.0,2026-07-24T21:14:30Z,22
s006339,u0122,c004,web,,2026-07-24T21:14:38Z,121
s006340,u0008,c006,mobile,5.2.0,2026-07-24T21:14:57Z,12
s006341,u0447,c006,mobile,5.2.0,2026-07-24T21:15:03Z,54
s006342,u0008,c006,mobile,5.2.0,2026-07-24T21:15:23Z,12
s006343,u0461,c008,web,,2026-07-24T21:15:44Z,76
s006344,u0615,c012,mobile,5.2.0,2026-07-24T21:16:06Z,24
s006345,u0659,c016,web,,2026-07-24T21:17:27Z,26
s006346,u0366,c012,mobile,5.2.0,2026-07-24T21:17:51Z,29
s006347,u0562,c029,mobile,5.2.0,2026-07-24T21:18:29Z,14
s006348,u0366,c012,mobile,5.2.0,2026-07-24T21:18:47Z,29
s006349,u0491,c009,web,,2026-07-24T21:19:00Z,60
s006350,u0353,c002,mobile,5.2.0,2026-07-24T21:19:07Z,19
s006351,u0058,c020,mobile,5.2.0,2026-07-24T21:19:45Z,14
s006352,u0722,c005,mobile,5.2.0,2026-07-24T21:20:02Z,7
s006353,u0474,c015,mobile,5.2.0,2026-07-24T21:20:04Z,22
s006354,u0187,c020,web,,2026-07-24T21:20:08Z,56
s006355,u0722,c005,mobile,5.2.0,2026-07-24T21:20:29Z,7
s006356,u0060,c003,tv,,2026-07-24T21:20:31Z,105
s006357,u0786,c049,tv,,2026-07-24T21:20:52Z,32
s006358,u0217,c048,tv,,2026-07-24T21:21:01Z,67
s006359,u0197,c003,web,,2026-07-24T21:21:32Z,72
s006360,u0219,c008,mobile,5.2.0,2026-07-24T21:22:51Z,58
s006361,u0473,c008,web,,2026-07-24T21:23:35Z,14
s006362,u0219,c008,mobile,5.2.0,2026-07-24T21:23:48Z,58
s006363,u0028,c055,tv,,2026-07-24T21:23:49Z,44
s006364,u0427,c006,web,,2026-07-24T21:23:49Z,31
s006365,u0581,c009,mobile,5.2.0,2026-07-24T21:23:50Z,46
s006366,u0073,c005,mobile,5.2.0,2026-07-24T21:23:51Z,35
s006367,u0554,c002,web,,2026-07-24T21:24:27Z,30
s006368,u0579,c001,web,,2026-07-24T21:24:38Z,5
s006369,u0291,c001,web,,2026-07-24T21:24:47Z,66
s006370,u0022,c041,tv,,2026-07-24T21:24:54Z,19
s006371,u0498,c015,mobile,5.2.0,2026-07-24T21:25:59Z,10
s006372,u0023,c019,mobile,5.2.0,2026-07-24T21:26:14Z,30
s006373,u0574,c021,mobile,5.2.0,2026-07-24T21:26:53Z,29
s006374,u0128,c027,mobile,5.2.0,2026-07-24T21:27:22Z,36
s006375,u0210,c013,mobile,5.2.0,2026-07-24T21:27:30Z,26
s006376,u0193,c001,web,,2026-07-24T21:27:53Z,31
s006377,u0128,c027,mobile,5.2.0,2026-07-24T21:28:18Z,36
s006378,u0704,c001,tv,,2026-07-24T21:28:31Z,18
s006379,u0239,c016,tv,,2026-07-24T21:29:19Z,57
s006380,u0782,c017,web,,2026-07-24T21:31:28Z,43
s006381,u0222,c009,mobile,5.2.0,2026-07-24T21:32:47Z,10
s006382,u0297,c004,mobile,5.2.0,2026-07-24T21:34:28Z,20
s006383,u0430,c001,mobile,5.2.0,2026-07-24T21:35:45Z,66
s006384,u0764,c001,mobile,5.2.0,2026-07-24T21:38:00Z,48
s006385,u0360,c031,tv,,2026-07-24T21:39:16Z,43
s006386,u0619,c002,mobile,5.2.0,2026-07-24T21:40:14Z,34
s006387,u0066,c012,web,,2026-07-24T21:40:15Z,45
s006388,u0173,c006,tv,,2026-07-24T21:41:51Z,45
s006389,u0080,c033,tv,,2026-07-24T21:41:54Z,154
s006390,u0679,c035,mobile,5.2.0,2026-07-24T21:42:07Z,23
s006391,u0360,c014,tv,,2026-07-24T21:42:20Z,34
s006392,u0146,c008,mobile,5.2.0,2026-07-24T21:43:52Z,6
s006393,u0130,c001,tv,,2026-07-24T21:44:31Z,55
s006394,u0663,c002,web,,2026-07-24T21:44:34Z,44
s006395,u0638,c011,web,,2026-07-24T21:46:39Z,77
s006396,u0244,c058,mobile,5.2.0,2026-07-24T21:47:03Z,36
s006397,u0244,c058,mobile,5.2.0,2026-07-24T21:47:28Z,36
s006398,u0226,c046,mobile,5.2.0,2026-07-24T21:48:31Z,14
s006399,u0692,c005,mobile,5.2.0,2026-07-24T21:48:47Z,11
s006400,u0187,c025,tv,,2026-07-24T21:49:37Z,46
s006401,u0178,c018,web,,2026-07-24T21:50:25Z,86
s006402,u0003,c029,tv,,2026-07-24T21:52:07Z,71
s006403,u0042,c002,tv,,2026-07-24T21:53:15Z,40
s006404,u0612,c027,tv,,2026-07-24T21:53:57Z,71
s006405,u0309,c017,tv,,2026-07-24T21:54:26Z,138
s006406,u0727,c002,mobile,5.2.0,2026-07-24T21:54:53Z,14
s006407,u0477,c001,mobile,5.2.0,2026-07-24T21:55:32Z,40
s006408,u0098,c005,tv,,2026-07-24T21:56:20Z,36
s006409,u0477,c001,mobile,5.2.0,2026-07-24T21:56:23Z,40
s006410,u0203,c002,mobile,5.2.0,2026-07-24T21:56:31Z,24
s006411,u0203,c002,mobile,5.2.0,2026-07-24T21:56:35Z,24
s006412,u0469,c001,tv,,2026-07-24T21:56:45Z,68
s006413,u0387,c050,web,,2026-07-24T21:56:55Z,18
s006414,u0291,c026,tv,,2026-07-24T21:57:03Z,33
s006415,u0106,c025,web,,2026-07-24T23:01:23Z,60
s006416,u0479,c001,mobile,5.2.0,2026-07-24T23:01:32Z,10
s006417,u0479,c001,mobile,5.2.0,2026-07-24T23:01:52Z,10
s006418,u0719,c001,mobile,5.2.0,2026-07-24T23:02:25Z,8
s006419,u0304,c056,mobile,5.2.0,2026-07-24T23:12:26Z,12
s006420,u0304,c056,mobile,5.2.0,2026-07-24T23:12:36Z,12
s006421,u0304,c056,mobile,5.2.0,2026-07-24T23:12:47Z,12
s006422,u0564,c038,web,,2026-07-24T23:13:12Z,22
s006423,u0598,c039,web,,2026-07-24T23:15:47Z,42
s006424,u0488,c014,mobile,5.2.0,2026-07-24T23:15:52Z,48
s006425,u0027,c028,tv,,2026-07-24T23:18:04Z,16
s006426,u0132,c007,tv,,2026-07-24T23:22:27Z,28
s006427,u0138,c027,web,,2026-07-24T23:27:56Z,20
s006428,u0545,c042,tv,,2026-07-24T23:29:45Z,41
s006429,u0516,c006,web,,2026-07-24T23:33:19Z,19
s006430,u0515,c005,tv,,2026-07-24T23:35:26Z,74
s006431,u0196,c005,tv,,2026-07-24T23:42:26Z,15
s006432,u0090,c049,tv,,2026-07-24T23:46:22Z,39
s006433,u0464,c005,tv,,2026-07-24T23:51:41Z,31
s006434,u0190,c001,mobile,5.2.0,2026-07-24T23:59:28Z,120
s006435,u0191,c004,mobile,5.2.0,2026-07-25T08:04:10Z,24
s006436,u0323,c022,tv,,2026-07-25T08:08:52Z,54
s006437,u0110,c031,mobile,5.2.0,2026-07-25T08:17:05Z,42
s006438,u0081,c005,tv,,2026-07-25T08:38:35Z,19
s006439,u0292,c002,tv,,2026-07-25T08:44:34Z,26
s006440,u0039,c030,mobile,5.2.0,2026-07-25T08:46:18Z,36
s006441,u0630,c004,mobile,5.2.0,2026-07-25T08:48:33Z,23
s006442,u0212,c005,tv,,2026-07-25T08:48:51Z,59
s006443,u0145,c015,tv,,2026-07-25T08:49:27Z,41
s006444,u0146,c018,mobile,5.2.0,2026-07-25T08:50:37Z,5
s006445,u0609,c002,mobile,5.2.0,2026-07-25T08:55:45Z,8
s006446,u0609,c002,mobile,5.2.0,2026-07-25T08:56:06Z,8
s006447,u0474,c004,mobile,5.2.0,2026-07-25T12:01:22Z,47
s006448,u0448,c007,mobile,5.2.0,2026-07-25T12:03:21Z,13
s006449,u0584,c040,web,,2026-07-25T12:03:21Z,27
s006450,u0080,c018,mobile,5.2.0,2026-07-25T12:03:39Z,60
s006451,u0657,c051,mobile,5.2.0,2026-07-25T12:05:17Z,25
s006452,u0266,c038,mobile,5.2.0,2026-07-25T12:06:53Z,15
s006453,u0266,c038,mobile,5.2.0,2026-07-25T12:07:50Z,15
s006454,u0652,c006,mobile,5.2.0,2026-07-25T12:10:28Z,42
s006455,u0484,c014,mobile,5.2.0,2026-07-25T12:12:28Z,11
s006456,u0558,c005,mobile,5.2.0,2026-07-25T12:13:51Z,6
s006457,u0506,c005,mobile,5.2.0,2026-07-25T12:14:45Z,59
s006458,u0558,c005,mobile,5.2.0,2026-07-25T12:14:48Z,6
s006459,u0506,c005,mobile,5.2.0,2026-07-25T12:15:02Z,59
s006460,u0218,c008,mobile,5.2.0,2026-07-25T12:17:23Z,10
s006461,u0028,c051,tv,,2026-07-25T12:18:19Z,26
s006462,u0300,c050,web,,2026-07-25T12:20:20Z,31
s006463,u0403,c045,web,,2026-07-25T12:20:22Z,14
s006464,u0540,c024,mobile,5.2.0,2026-07-25T12:20:40Z,4
s006465,u0128,c002,tv,,2026-07-25T12:21:13Z,43
s006466,u0540,c024,mobile,5.2.0,2026-07-25T12:21:18Z,4
s006467,u0540,c024,mobile,5.2.0,2026-07-25T12:21:28Z,4
s006468,u0263,c024,mobile,5.2.0,2026-07-25T12:23:51Z,42
s006469,u0495,c009,web,,2026-07-25T12:24:57Z,41
s006470,u0366,c017,mobile,5.2.0,2026-07-25T12:25:48Z,15
s006471,u0028,c001,mobile,5.2.0,2026-07-25T12:31:23Z,29
s006472,u0760,c002,mobile,5.2.0,2026-07-25T12:32:51Z,27
s006473,u0760,c002,mobile,5.2.0,2026-07-25T12:32:56Z,27
s006474,u0446,c015,mobile,5.2.0,2026-07-25T12:33:35Z,79
s006475,u0385,c008,web,,2026-07-25T12:34:03Z,38
s006476,u0282,c033,mobile,5.2.0,2026-07-25T12:35:15Z,33
s006477,u0099,c008,web,,2026-07-25T12:38:18Z,38
s006478,u0116,c057,tv,,2026-07-25T12:40:28Z,56
s006479,u0138,c016,mobile,5.2.0,2026-07-25T12:42:17Z,18
s006480,u0059,c042,tv,,2026-07-25T12:43:04Z,17
s006481,u0138,c016,mobile,5.2.0,2026-07-25T12:43:10Z,18
s006482,u0129,c012,web,,2026-07-25T12:43:59Z,30
s006483,u0511,c018,tv,,2026-07-25T12:46:32Z,22
s006484,u0186,c008,mobile,5.2.0,2026-07-25T12:47:27Z,15
s006485,u0151,c005,mobile,5.2.0,2026-07-25T12:49:44Z,12
s006486,u0699,c001,tv,,2026-07-25T12:51:37Z,123
s006487,u0630,c019,mobile,5.2.0,2026-07-25T12:51:48Z,12
s006488,u0630,c019,mobile,5.2.0,2026-07-25T12:52:41Z,12
s006489,u0630,c019,mobile,5.2.0,2026-07-25T12:53:02Z,12
s006490,u0066,c027,web,,2026-07-25T12:53:04Z,47
s006491,u0619,c032,mobile,5.2.0,2026-07-25T17:00:03Z,49
s006492,u0619,c032,mobile,5.2.0,2026-07-25T17:00:46Z,49
s006493,u0202,c003,tv,,2026-07-25T17:01:00Z,79
s006494,u0010,c001,tv,,2026-07-25T17:01:04Z,28
s006495,u0054,c033,web,,2026-07-25T17:02:07Z,43
s006496,u0629,c006,tv,,2026-07-25T17:05:32Z,121
s006497,u0366,c033,mobile,5.2.0,2026-07-25T17:06:43Z,20
s006498,u0366,c033,mobile,5.2.0,2026-07-25T17:07:06Z,20
s006499,u0704,c006,tv,,2026-07-25T17:07:38Z,33
s006500,u0188,c004,mobile,5.2.0,2026-07-25T17:10:08Z,23
s006501,u0173,c036,tv,,2026-07-25T17:11:29Z,71
s006502,u0346,c015,mobile,5.2.0,2026-07-25T17:12:42Z,11
s006503,u0478,c016,tv,,2026-07-25T17:15:04Z,17
s006504,u0394,c001,tv,,2026-07-25T17:16:23Z,71
s006505,u0359,c029,mobile,5.2.0,2026-07-25T17:16:46Z,41
s006506,u0478,c034,tv,,2026-07-25T17:17:10Z,35
s006507,u0363,c014,mobile,5.2.0,2026-07-25T17:19:50Z,45
s006508,u0090,c030,tv,,2026-07-25T17:20:31Z,48
s006509,u0491,c032,web,,2026-07-25T17:22:42Z,58
s006510,u0594,c052,tv,,2026-07-25T17:24:31Z,28
s006511,u0339,c019,tv,,2026-07-25T17:27:10Z,38
s006512,u0324,c035,tv,,2026-07-25T17:29:06Z,92
s006513,u0747,c005,web,,2026-07-25T17:30:18Z,95
s006514,u0014,c001,mobile,5.2.0,2026-07-25T17:33:44Z,80
s006515,u0238,c011,tv,,2026-07-25T17:35:45Z,39
s006516,u0200,c013,mobile,5.2.0,2026-07-25T17:35:54Z,9
s006517,u0253,c057,tv,,2026-07-25T17:40:14Z,30
s006518,u0047,c037,mobile,5.2.0,2026-07-25T17:40:40Z,76
s006519,u0706,c034,web,,2026-07-25T17:41:22Z,12
s006520,u0047,c037,mobile,5.2.0,2026-07-25T17:41:39Z,76
s006521,u0545,c002,tv,,2026-07-25T17:42:24Z,34
s006522,u0027,c053,tv,,2026-07-25T17:46:38Z,16
s006523,u0698,c006,mobile,5.2.0,2026-07-25T17:47:13Z,22
s006524,u0004,c019,web,,2026-07-25T17:54:33Z,19
s006525,u0522,c058,web,,2026-07-25T17:56:18Z,92
s006526,u0053,c001,tv,,2026-07-25T17:56:30Z,46
s006527,u0257,c004,mobile,5.2.0,2026-07-25T17:57:03Z,22
s006528,u0257,c004,mobile,5.2.0,2026-07-25T17:57:26Z,22
s006529,u0307,c007,mobile,5.2.0,2026-07-25T17:57:28Z,36
s006530,u0320,c040,web,,2026-07-25T17:58:45Z,47
s006531,u0330,c001,web,,2026-07-25T19:00:10Z,48
s006532,u0601,c055,tv,,2026-07-25T19:00:37Z,104
s006533,u0444,c009,mobile,5.2.0,2026-07-25T19:01:12Z,30
s006534,u0566,c002,mobile,5.2.0,2026-07-25T19:01:45Z,17
s006535,u0184,c044,mobile,5.2.0,2026-07-25T19:02:04Z,21
s006536,u0566,c002,mobile,5.2.0,2026-07-25T19:02:06Z,17
s006537,u0186,c025,mobile,5.2.0,2026-07-25T19:02:27Z,11
s006538,u0534,c002,tv,,2026-07-25T19:02:37Z,27
s006539,u0566,c002,mobile,5.2.0,2026-07-25T19:02:57Z,17
s006540,u0184,c043,tv,,2026-07-25T19:05:41Z,52
s006541,u0755,c039,tv,,2026-07-25T19:07:16Z,132
s006542,u0694,c024,mobile,5.2.0,2026-07-25T19:10:22Z,26
s006543,u0356,c001,web,,2026-07-25T19:11:43Z,87
s006544,u0234,c002,mobile,5.2.0,2026-07-25T19:12:35Z,24
s006545,u0562,c015,tv,,2026-07-25T19:13:27Z,36
s006546,u0588,c001,web,,2026-07-25T19:13:56Z,26
s006547,u0720,c045,mobile,5.2.0,2026-07-25T19:14:47Z,67
s006548,u0082,c037,mobile,5.2.0,2026-07-25T19:14:50Z,25
s006549,u0082,c037,mobile,5.2.0,2026-07-25T19:15:11Z,25
s006550,u0088,c010,mobile,5.2.0,2026-07-25T19:16:22Z,14
s006551,u0046,c001,web,,2026-07-25T19:16:40Z,54
s006552,u0065,c027,mobile,5.2.0,2026-07-25T19:16:54Z,27
s006553,u0385,c013,web,,2026-07-25T19:18:35Z,21
s006554,u0593,c003,mobile,5.2.0,2026-07-25T19:19:29Z,11
s006555,u0704,c016,tv,,2026-07-25T19:19:58Z,53
s006556,u0744,c001,tv,,2026-07-25T19:21:22Z,34
s006557,u0206,c001,mobile,5.2.0,2026-07-25T19:21:30Z,7
s006558,u0520,c054,web,,2026-07-25T19:21:32Z,78
s006559,u0390,c002,web,,2026-07-25T19:21:51Z,22
s006560,u0395,c029,tv,,2026-07-25T19:22:35Z,186
s006561,u0177,c018,tv,,2026-07-25T19:23:32Z,88
s006562,u0715,c025,mobile,5.2.0,2026-07-25T19:24:20Z,20
s006563,u0523,c022,tv,,2026-07-25T19:24:22Z,47
s006564,u0527,c030,tv,,2026-07-25T19:25:40Z,58
s006565,u0766,c004,mobile,5.2.0,2026-07-25T19:26:21Z,14
s006566,u0640,c019,mobile,5.2.0,2026-07-25T19:26:28Z,36
s006567,u0126,c001,tv,,2026-07-25T19:26:51Z,51
s006568,u0674,c009,mobile,5.2.0,2026-07-25T19:28:36Z,14
s006569,u0636,c004,mobile,5.2.0,2026-07-25T19:29:25Z,31
s006570,u0448,c008,mobile,5.2.0,2026-07-25T19:29:45Z,35
s006571,u0756,c033,mobile,5.2.0,2026-07-25T19:30:39Z,18
s006572,u0769,c003,web,,2026-07-25T19:30:56Z,20
s006573,u0756,c033,mobile,5.2.0,2026-07-25T19:31:10Z,18
s006574,u0148,c015,tv,,2026-07-25T19:31:27Z,32
s006575,u0153,c027,web,,2026-07-25T19:32:18Z,15
s006576,u0710,c058,tv,,2026-07-25T19:32:44Z,39
s006577,u0373,c059,mobile,5.2.0,2026-07-25T19:33:41Z,13
s006578,u0373,c059,mobile,5.2.0,2026-07-25T19:33:46Z,13
s006579,u0434,c047,mobile,5.2.0,2026-07-25T19:34:05Z,45
s006580,u0645,c010,mobile,5.2.0,2026-07-25T19:34:51Z,69
s006581,u0193,c037,mobile,5.2.0,2026-07-25T19:35:15Z,11
s006582,u0258,c001,mobile,5.2.0,2026-07-25T19:35:16Z,21
s006583,u0645,c010,mobile,5.2.0,2026-07-25T19:35:34Z,69
s006584,u0581,c002,mobile,5.2.0,2026-07-25T19:37:20Z,10
s006585,u0581,c002,mobile,5.2.0,2026-07-25T19:37:58Z,10
s006586,u0754,c002,mobile,5.2.0,2026-07-25T19:38:11Z,21
s006587,u0529,c001,mobile,5.2.0,2026-07-25T19:38:12Z,30
s006588,u0407,c001,mobile,5.2.0,2026-07-25T19:39:47Z,13
s006589,u0061,c060,tv,,2026-07-25T19:39:51Z,69
s006590,u0478,c004,tv,,2026-07-25T19:40:11Z,26
s006591,u0209,c003,tv,,2026-07-25T19:40:26Z,54
s006592,u0026,c044,mobile,5.2.0,2026-07-25T19:41:53Z,16
s006593,u0026,c044,mobile,5.2.0,2026-07-25T19:42:28Z,16
s006594,u0026,c044,mobile,5.2.0,2026-07-25T19:42:32Z,16
s006595,u0511,c010,tv,,2026-07-25T19:42:51Z,33
s006596,u0346,c014,mobile,5.2.0,2026-07-25T19:43:07Z,59
s006597,u0775,c001,mobile,5.2.0,2026-07-25T19:43:55Z,17
s006598,u0138,c021,mobile,5.2.0,2026-07-25T19:44:14Z,10
s006599,u0275,c003,web,,2026-07-25T19:44:22Z,47
s006600,u0471,c001,web,,2026-07-25T19:44:45Z,49
s006601,u0069,c028,mobile,5.2.0,2026-07-25T19:46:00Z,49
s006602,u0276,c004,mobile,5.2.0,2026-07-25T19:47:57Z,31
s006603,u0003,c003,tv,,2026-07-25T19:48:46Z,12
s006604,u0714,c042,mobile,5.2.0,2026-07-25T19:48:50Z,8
s006605,u0510,c001,mobile,5.2.0,2026-07-25T19:49:27Z,21
s006606,u0714,c042,mobile,5.2.0,2026-07-25T19:49:37Z,8
s006607,u0056,c013,web,,2026-07-25T19:50:28Z,21
s006608,u0509,c056,mobile,5.2.0,2026-07-25T19:54:52Z,20
s006609,u0381,c002,web,,2026-07-25T19:55:50Z,69
s006610,u0138,c021,mobile,5.2.0,2026-07-25T19:56:27Z,31
s006611,u0357,c012,tv,,2026-07-25T19:56:28Z,94
s006612,u0139,c013,web,,2026-07-25T19:56:52Z,41
s006613,u0202,c034,tv,,2026-07-25T19:56:59Z,172
s006614,u0707,c014,web,,2026-07-25T19:57:38Z,82
s006615,u0094,c001,mobile,5.2.0,2026-07-25T19:58:15Z,60
s006616,u0601,c004,tv,,2026-07-25T19:58:35Z,66
s006617,u0094,c001,mobile,5.2.0,2026-07-25T19:58:42Z,60
s006618,u0286,c001,tv,,2026-07-25T19:59:15Z,30
s006619,u0642,c006,mobile,5.2.0,2026-07-25T19:59:34Z,8
s006620,u0135,c007,web,,2026-07-25T19:59:44Z,14
s006621,u0257,c011,mobile,5.2.0,2026-07-25T19:59:44Z,14
s006622,u0097,c017,mobile,5.2.0,2026-07-25T21:00:38Z,9
s006623,u0097,c017,mobile,5.2.0,2026-07-25T21:00:43Z,9
s006624,u0079,c008,tv,,2026-07-25T21:00:55Z,38
s006625,u0248,c038,mobile,5.2.0,2026-07-25T21:01:06Z,143
s006626,u0309,c001,tv,,2026-07-25T21:01:08Z,78
s006627,u0130,c060,web,,2026-07-25T21:01:18Z,33
s006628,u0615,c036,web,,2026-07-25T21:02:13Z,60
s006629,u0593,c025,mobile,5.2.0,2026-07-25T21:02:23Z,36
s006630,u0520,c027,web,,2026-07-25T21:02:25Z,212
s006631,u0027,c014,tv,,2026-07-25T21:03:07Z,20
s006632,u0704,c053,tv,,2026-07-25T21:03:16Z,25
s006633,u0534,c010,web,,2026-07-25T21:03:47Z,15
s006634,u0335,c006,mobile,5.2.0,2026-07-25T21:04:18Z,15
s006635,u0335,c006,mobile,5.2.0,2026-07-25T21:04:48Z,15
s006636,u0648,c019,mobile,5.2.0,2026-07-25T21:07:19Z,29
s006637,u0324,c037,tv,,2026-07-25T21:07:35Z,104
s006638,u0648,c019,mobile,5.2.0,2026-07-25T21:07:44Z,29
s006639,u0640,c058,mobile,5.2.0,2026-07-25T21:08:08Z,63
s006640,u0640,c058,mobile,5.2.0,2026-07-25T21:08:18Z,63
s006641,u0570,c002,mobile,5.2.0,2026-07-25T21:09:12Z,15
s006642,u0327,c004,mobile,5.2.0,2026-07-25T21:09:26Z,18
s006643,u0716,c020,tv,,2026-07-25T21:10:09Z,113
s006644,u0744,c001,tv,,2026-07-25T21:10:36Z,40
s006645,u0748,c001,mobile,5.2.0,2026-07-25T21:11:56Z,51
s006646,u0064,c016,web,,2026-07-25T21:12:17Z,86
s006647,u0710,c011,tv,,2026-07-25T21:12:30Z,34
s006648,u0189,c001,mobile,5.2.0,2026-07-25T21:13:36Z,9
s006649,u0068,c003,mobile,5.2.0,2026-07-25T21:15:23Z,21
s006650,u0068,c003,mobile,5.2.0,2026-07-25T21:16:02Z,21
s006651,u0303,c005,mobile,5.2.0,2026-07-25T21:16:12Z,7
s006652,u0300,c004,mobile,5.2.0,2026-07-25T21:16:31Z,36
s006653,u0300,c004,mobile,5.2.0,2026-07-25T21:17:24Z,36
s006654,u0639,c057,web,,2026-07-25T21:17:28Z,60
s006655,u0190,c007,mobile,5.2.0,2026-07-25T21:17:56Z,17
s006656,u0521,c001,mobile,5.2.0,2026-07-25T21:18:15Z,48
s006657,u0122,c023,web,,2026-07-25T21:18:40Z,14
s006658,u0209,c004,tv,,2026-07-25T21:18:46Z,31
s006659,u0323,c010,tv,,2026-07-25T21:18:55Z,51
s006660,u0307,c001,mobile,5.2.0,2026-07-25T21:19:35Z,11
s006661,u0076,c002,tv,,2026-07-25T21:20:04Z,39
s006662,u0307,c001,mobile,5.2.0,2026-07-25T21:20:21Z,11
s006663,u0412,c005,web,,2026-07-25T21:21:05Z,37
s006664,u0604,c029,tv,,2026-07-25T21:21:12Z,120
s006665,u0642,c005,mobile,5.2.0,2026-07-25T21:21:34Z,15
s006666,u0642,c005,mobile,5.2.0,2026-07-25T21:21:38Z,15
s006667,u0639,c034,tv,,2026-07-25T21:21:51Z,33
s006668,u0500,c029,mobile,5.2.0,2026-07-25T21:22:15Z,9
s006669,u0642,c005,mobile,5.2.0,2026-07-25T21:22:21Z,15
s006670,u0500,c029,mobile,5.2.0,2026-07-25T21:22:43Z,9
s006671,u0090,c003,tv,,2026-07-25T21:23:08Z,44
s006672,u0312,c049,mobile,5.2.0,2026-07-25T21:23:19Z,14
s006673,u0500,c029,mobile,5.2.0,2026-07-25T21:23:40Z,9
s006674,u0480,c010,web,,2026-07-25T21:23:41Z,15
s006675,u0623,c003,web,,2026-07-25T21:24:43Z,62
s006676,u0671,c051,mobile,5.2.0,2026-07-25T21:25:34Z,70
s006677,u0447,c002,mobile,5.2.0,2026-07-25T21:25:55Z,43
s006678,u0491,c002,web,,2026-07-25T21:26:01Z,25
s006679,u0330,c001,web,,2026-07-25T21:26:31Z,25
s006680,u0245,c015,tv,,2026-07-25T21:28:08Z,66
s006681,u0390,c059,web,,2026-07-25T21:28:08Z,10
s006682,u0151,c013,mobile,5.2.0,2026-07-25T21:29:27Z,12
s006683,u0491,c025,tv,,2026-07-25T21:30:24Z,68
s006684,u0182,c023,web,,2026-07-25T21:31:31Z,18
s006685,u0414,c012,mobile,5.2.0,2026-07-25T21:31:48Z,9
s006686,u0590,c014,tv,,2026-07-25T21:32:03Z,19
s006687,u0630,c047,mobile,5.2.0,2026-07-25T21:32:57Z,17
s006688,u0231,c042,web,,2026-07-25T21:34:12Z,65
s006689,u0244,c020,tv,,2026-07-25T21:35:05Z,140
s006690,u0716,c001,tv,,2026-07-25T21:35:22Z,39
s006691,u0704,c048,mobile,5.2.0,2026-07-25T21:36:14Z,9
s006692,u0355,c034,web,,2026-07-25T21:36:35Z,21
s006693,u0419,c059,mobile,5.2.0,2026-07-25T21:37:05Z,11
s006694,u0704,c048,mobile,5.2.0,2026-07-25T21:37:06Z,9
s006695,u0419,c059,mobile,5.2.0,2026-07-25T21:37:29Z,11
s006696,u0735,c031,mobile,5.2.0,2026-07-25T21:37:46Z,41
s006697,u0786,c004,tv,,2026-07-25T21:38:06Z,29
s006698,u0516,c029,mobile,5.2.0,2026-07-25T21:38:22Z,51
s006699,u0735,c031,mobile,5.2.0,2026-07-25T21:38:29Z,41
s006700,u0681,c028,tv,,2026-07-25T21:38:36Z,28
s006701,u0320,c002,web,,2026-07-25T21:38:52Z,21
s006702,u0318,c002,tv,,2026-07-25T21:40:30Z,58
s006703,u0575,c008,tv,,2026-07-25T21:40:37Z,71
s006704,u0596,c028,mobile,5.2.0,2026-07-25T21:41:34Z,11
s006705,u0644,c003,mobile,5.2.0,2026-07-25T21:41:50Z,30
s006706,u0018,c001,web,,2026-07-25T21:42:17Z,68
s006707,u0351,c045,tv,,2026-07-25T21:42:21Z,52
s006708,u0396,c050,tv,,2026-07-25T21:43:25Z,48
s006709,u0396,c045,tv,,2026-07-25T21:44:12Z,111
s006710,u0595,c011,web,,2026-07-25T21:44:27Z,15
s006711,u0517,c042,mobile,5.2.0,2026-07-25T21:45:20Z,38
s006712,u0732,c001,mobile,5.2.0,2026-07-25T21:46:24Z,31
s006713,u0732,c001,mobile,5.2.0,2026-07-25T21:46:35Z,31
s006714,u0103,c001,tv,,2026-07-25T21:48:54Z,45
s006715,u0445,c003,mobile,5.2.0,2026-07-25T21:49:03Z,36
s006716,u0056,c038,web,,2026-07-25T21:49:31Z,11
s006717,u0305,c018,web,,2026-07-25T21:51:46Z,47
s006718,u0002,c017,mobile,5.2.0,2026-07-25T21:52:24Z,23
s006719,u0161,c034,tv,,2026-07-25T21:52:26Z,77
s006720,u0656,c025,tv,,2026-07-25T21:52:30Z,120
s006721,u0079,c013,tv,,2026-07-25T21:53:17Z,37
s006722,u0053,c001,web,,2026-07-25T21:53:59Z,62
s006723,u0292,c018,tv,,2026-07-25T21:54:23Z,35
s006724,u0222,c022,mobile,5.2.0,2026-07-25T21:55:12Z,14
s006725,u0680,c001,web,,2026-07-25T21:55:32Z,77
s006726,u0472,c005,mobile,5.2.0,2026-07-25T21:57:00Z,28
s006727,u0265,c005,mobile,5.2.0,2026-07-25T21:57:02Z,40
s006728,u0265,c005,mobile,5.2.0,2026-07-25T21:57:19Z,40
s006729,u0270,c011,web,,2026-07-25T21:57:51Z,82
s006730,u0138,c009,mobile,5.2.0,2026-07-25T21:58:02Z,51
s006731,u0307,c009,mobile,5.2.0,2026-07-25T21:59:43Z,73
s006732,u0442,c009,tv,,2026-07-25T23:03:45Z,18
s006733,u0245,c047,tv,,2026-07-25T23:04:21Z,15
s006734,u0616,c025,tv,,2026-07-25T23:05:37Z,58
s006735,u0122,c015,web,,2026-07-25T23:06:44Z,35
s006736,u0522,c032,web,,2026-07-25T23:21:02Z,27
s006737,u0314,c048,tv,,2026-07-25T23:21:33Z,23
s006738,u0394,c001,tv,,2026-07-25T23:21:52Z,57
s006739,u0406,c001,web,,2026-07-25T23:23:46Z,29
s006740,u0270,c003,web,,2026-07-25T23:25:12Z,52
s006741,u0363,c024,web,,2026-07-25T23:25:58Z,31
s006742,u0383,c008,web,,2026-07-25T23:27:54Z,7
s006743,u0008,c021,mobile,5.2.0,2026-07-25T23:28:37Z,34
s006744,u0012,c006,web,,2026-07-25T23:30:38Z,33
s006745,u0491,c029,web,,2026-07-25T23:37:54Z,58
s006746,u0454,c001,tv,,2026-07-25T23:40:30Z,18
s006747,u0547,c007,mobile,5.2.0,2026-07-25T23:42:43Z,31
s006748,u0473,c004,web,,2026-07-25T23:44:21Z,37
s006749,u0019,c003,mobile,5.2.0,2026-07-25T23:46:36Z,30
s006750,u0746,c001,web,,2026-07-25T23:46:58Z,24
s006751,u0019,c003,mobile,5.2.0,2026-07-25T23:47:05Z,30
s006752,u0042,c001,tv,,2026-07-25T23:48:52Z,47
s006753,u0033,c035,web,,2026-07-25T23:51:38Z,89
s006754,u0151,c010,mobile,5.2.0,2026-07-25T23:51:44Z,26
s006755,u0187,c004,web,,2026-07-25T23:52:54Z,63
s006756,u0265,c014,tv,,2026-07-25T23:55:57Z,71
s006757,u0315,c032,tv,,2026-07-25T23:57:21Z,116
s006758,u0359,c002,mobile,5.2.0,2026-07-25T23:58:37Z,12
s006759,u0393,c004,mobile,5.2.0,2026-07-25T23:58:44Z,24
s006760,u0359,c002,mobile,5.2.0,2026-07-25T23:58:56Z,12
s006761,u0211,c003,mobile,5.2.0,2026-07-26T08:03:47Z,9
s006762,u0405,c030,web,,2026-07-26T08:06:22Z,38
s006763,u0433,c002,mobile,5.2.0,2026-07-26T08:08:42Z,21
s006764,u0433,c002,mobile,5.2.0,2026-07-26T08:09:13Z,21
s006765,u0588,c009,web,,2026-07-26T08:13:51Z,36
s006766,u0307,c009,mobile,5.2.0,2026-07-26T08:14:46Z,11
s006767,u0307,c009,mobile,5.2.0,2026-07-26T08:15:26Z,11
s006768,u0287,c023,mobile,5.2.0,2026-07-26T08:15:34Z,85
s006769,u0287,c023,mobile,5.2.0,2026-07-26T08:16:29Z,85
s006770,u0744,c025,tv,,2026-07-26T08:17:12Z,42
s006771,u0287,c023,mobile,5.2.0,2026-07-26T08:17:17Z,85
s006772,u0010,c001,tv,,2026-07-26T08:21:51Z,103
s006773,u0102,c001,mobile,5.2.0,2026-07-26T08:29:04Z,23
s006774,u0644,c001,mobile,5.2.0,2026-07-26T08:29:53Z,12
s006775,u0325,c007,mobile,5.2.0,2026-07-26T08:32:08Z,30
s006776,u0423,c007,mobile,5.2.0,2026-07-26T08:33:23Z,21
s006777,u0529,c022,mobile,5.2.0,2026-07-26T08:37:01Z,25
s006778,u0283,c001,mobile,5.2.0,2026-07-26T08:38:25Z,13
s006779,u0283,c001,mobile,5.2.0,2026-07-26T08:38:53Z,13
s006780,u0283,c001,mobile,5.2.0,2026-07-26T08:39:43Z,13
s006781,u0448,c045,mobile,5.2.0,2026-07-26T08:41:39Z,40
s006782,u0079,c002,tv,,2026-07-26T08:42:45Z,23
s006783,u0527,c002,tv,,2026-07-26T08:57:11Z,45
s006784,u0076,c032,tv,,2026-07-26T12:02:04Z,112
s006785,u0230,c032,mobile,5.2.0,2026-07-26T12:02:36Z,20
s006786,u0230,c032,mobile,5.2.0,2026-07-26T12:03:08Z,20
s006787,u0265,c043,tv,,2026-07-26T12:03:43Z,65
s006788,u0507,c027,tv,,2026-07-26T12:04:16Z,14
s006789,u0227,c031,web,,2026-07-26T12:05:13Z,73
s006790,u0430,c021,mobile,5.2.0,2026-07-26T12:06:35Z,15
s006791,u0430,c021,mobile,5.2.0,2026-07-26T12:07:02Z,15
s006792,u0430,c021,mobile,5.2.0,2026-07-26T12:07:21Z,15
s006793,u0459,c002,mobile,5.2.0,2026-07-26T12:07:32Z,5
s006794,u0609,c028,mobile,5.2.0,2026-07-26T12:08:51Z,23
s006795,u0395,c021,tv,,2026-07-26T12:10:48Z,81
s006796,u0415,c008,tv,,2026-07-26T12:12:11Z,41
s006797,u0697,c057,web,,2026-07-26T12:14:40Z,45
s006798,u0547,c019,mobile,5.2.0,2026-07-26T12:14:41Z,19
s006799,u0157,c018,mobile,5.2.0,2026-07-26T12:15:02Z,16
s006800,u0157,c018,mobile,5.2.0,2026-07-26T12:15:16Z,16
s006801,u0279,c055,web,,2026-07-26T12:18:06Z,65
s006802,u0117,c005,mobile,5.2.0,2026-07-26T12:19:50Z,21
s006803,u0687,c012,mobile,5.2.0,2026-07-26T12:20:25Z,20
s006804,u0697,c008,web,,2026-07-26T12:20:42Z,21
s006805,u0616,c025,tv,,2026-07-26T12:22:47Z,40
s006806,u0138,c017,mobile,5.2.0,2026-07-26T12:24:00Z,15
s006807,u0760,c008,mobile,5.2.0,2026-07-26T12:26:34Z,45
s006808,u0375,c009,tv,,2026-07-26T12:27:32Z,232
s006809,u0706,c014,web,,2026-07-26T12:29:28Z,30
s006810,u0629,c019,tv,,2026-07-26T12:35:33Z,19
s006811,u0446,c002,mobile,5.2.0,2026-07-26T12:36:06Z,43
s006812,u0446,c002,mobile,5.2.0,2026-07-26T12:36:30Z,43
s006813,u0170,c028,mobile,5.2.0,2026-07-26T12:38:21Z,11
s006814,u0035,c009,web,,2026-07-26T12:38:36Z,199
s006815,u0170,c028,mobile,5.2.0,2026-07-26T12:39:00Z,11
s006816,u0454,c002,tv,,2026-07-26T12:40:29Z,22
s006817,u0064,c001,web,,2026-07-26T12:42:52Z,65
s006818,u0008,c009,mobile,5.2.0,2026-07-26T12:45:33Z,9
s006819,u0008,c009,mobile,5.2.0,2026-07-26T12:46:16Z,9
s006820,u0077,c045,mobile,5.2.0,2026-07-26T12:46:27Z,25
s006821,u0711,c002,mobile,5.2.0,2026-07-26T12:46:46Z,19
s006822,u0008,c009,mobile,5.2.0,2026-07-26T12:47:13Z,9
s006823,u0372,c003,tv,,2026-07-26T12:47:36Z,56
s006824,u0247,c002,mobile,5.2.0,2026-07-26T12:48:20Z,10
s006825,u0247,c002,mobile,5.2.0,2026-07-26T12:48:30Z,10
s006826,u0326,c007,tv,,2026-07-26T12:49:46Z,74
s006827,u0515,c026,mobile,5.2.0,2026-07-26T12:52:42Z,79
s006828,u0785,c001,mobile,5.2.0,2026-07-26T12:57:34Z,36
s006829,u0785,c001,mobile,5.2.0,2026-07-26T12:57:45Z,36
s006830,u0755,c005,tv,,2026-07-26T12:58:13Z,33
s006831,u0211,c028,tv,,2026-07-26T17:00:24Z,28
s006832,u0210,c027,tv,,2026-07-26T17:00:42Z,42
s006833,u0028,c018,tv,,2026-07-26T17:00:57Z,53
s006834,u0650,c002,mobile,5.2.0,2026-07-26T17:02:01Z,8
s006835,u0031,c041,mobile,5.2.0,2026-07-26T17:02:14Z,27
s006836,u0650,c002,mobile,5.2.0,2026-07-26T17:02:40Z,8
s006837,u0260,c023,mobile,5.2.0,2026-07-26T17:03:17Z,12
s006838,u0310,c028,tv,,2026-07-26T17:04:26Z,24
s006839,u0003,c001,mobile,5.2.0,2026-07-26T17:05:50Z,23
s006840,u0003,c001,mobile,5.2.0,2026-07-26T17:06:09Z,23
s006841,u0058,c004,mobile,5.2.0,2026-07-26T17:07:15Z,21
s006842,u0410,c001,web,,2026-07-26T17:07:43Z,80
s006843,u0058,c004,mobile,5.2.0,2026-07-26T17:07:59Z,21
s006844,u0058,c004,mobile,5.2.0,2026-07-26T17:08:09Z,21
s006845,u0521,c016,mobile,5.2.0,2026-07-26T17:08:38Z,12
s006846,u0086,c031,mobile,5.2.0,2026-07-26T17:10:41Z,63
s006847,u0086,c031,mobile,5.2.0,2026-07-26T17:11:23Z,63
s006848,u0461,c025,web,,2026-07-26T17:11:36Z,13
s006849,u0707,c022,web,,2026-07-26T17:12:06Z,89
s006850,u0607,c002,tv,,2026-07-26T17:12:33Z,69
s006851,u0317,c003,web,,2026-07-26T17:12:57Z,62
s006852,u0047,c006,mobile,5.2.0,2026-07-26T17:16:21Z,32
s006853,u0047,c006,mobile,5.2.0,2026-07-26T17:16:35Z,32
s006854,u0687,c002,mobile,5.2.0,2026-07-26T17:17:12Z,11
s006855,u0216,c022,mobile,5.2.0,2026-07-26T17:18:54Z,13
s006856,u0095,c005,web,,2026-07-26T17:20:17Z,40
s006857,u0654,c020,web,,2026-07-26T17:20:23Z,52
s006858,u0752,c009,tv,,2026-07-26T17:21:23Z,83
s006859,u0607,c001,tv,,2026-07-26T17:22:03Z,18
s006860,u0226,c025,mobile,5.2.0,2026-07-26T17:23:09Z,20
s006861,u0226,c025,mobile,5.2.0,2026-07-26T17:23:19Z,20
s006862,u0327,c005,mobile,5.2.0,2026-07-26T17:24:51Z,103
s006863,u0238,c001,web,,2026-07-26T17:25:14Z,21
s006864,u0588,c009,web,,2026-07-26T17:25:50Z,13
s006865,u0106,c019,web,,2026-07-26T17:27:02Z,25
s006866,u0042,c001,tv,,2026-07-26T17:27:16Z,52
s006867,u0248,c007,mobile,5.2.0,2026-07-26T17:28:58Z,29
s006868,u0248,c007,mobile,5.2.0,2026-07-26T17:29:23Z,29
s006869,u0348,c022,mobile,5.2.0,2026-07-26T17:30:27Z,12
s006870,u0436,c004,mobile,5.2.0,2026-07-26T17:32:16Z,13
s006871,u0436,c004,mobile,5.2.0,2026-07-26T17:32:41Z,13
s006872,u0515,c026,tv,,2026-07-26T17:36:22Z,236
s006873,u0276,c004,mobile,5.2.0,2026-07-26T17:38:12Z,19
s006874,u0276,c004,mobile,5.2.0,2026-07-26T17:38:54Z,19
s006875,u0527,c005,tv,,2026-07-26T17:39:56Z,35
s006876,u0077,c004,tv,,2026-07-26T17:40:18Z,61
s006877,u0251,c004,web,,2026-07-26T17:40:49Z,54
s006878,u0047,c059,mobile,5.2.0,2026-07-26T17:41:30Z,27
s006879,u0431,c001,web,,2026-07-26T17:41:38Z,21
s006880,u0752,c044,tv,,2026-07-26T17:42:38Z,28
s006881,u0546,c011,web,,2026-07-26T17:42:49Z,35
s006882,u0300,c011,mobile,5.2.0,2026-07-26T17:44:37Z,47
s006883,u0355,c054,web,,2026-07-26T17:46:03Z,38
s006884,u0070,c041,tv,,2026-07-26T17:46:08Z,80
s006885,u0547,c042,mobile,5.2.0,2026-07-26T17:48:33Z,9
s006886,u0547,c042,mobile,5.2.0,2026-07-26T17:49:12Z,9
s006887,u0600,c001,web,,2026-07-26T17:49:30Z,23
s006888,u0491,c002,web,,2026-07-26T17:50:01Z,25
s006889,u0061,c006,tv,,2026-07-26T17:50:27Z,47
s006890,u0202,c008,tv,,2026-07-26T17:51:19Z,39
s006891,u0786,c016,tv,,2026-07-26T17:51:47Z,118
s006892,u0272,c019,mobile,5.2.0,2026-07-26T17:54:15Z,16
s006893,u0736,c001,tv,,2026-07-26T17:54:46Z,63
s006894,u0194,c001,web,,2026-07-26T17:55:14Z,135
s006895,u0692,c019,mobile,5.2.0,2026-07-26T17:55:42Z,31
s006896,u0599,c011,tv,,2026-07-26T17:57:31Z,21
s006897,u0056,c002,mobile,5.2.0,2026-07-26T19:00:05Z,6
s006898,u0475,c008,mobile,5.2.0,2026-07-26T19:00:17Z,23
s006899,u0681,c029,tv,,2026-07-26T19:00:41Z,43
s006900,u0448,c009,mobile,5.2.0,2026-07-26T19:00:53Z,20
s006901,u0158,c012,web,,2026-07-26T19:02:20Z,55
s006902,u0427,c002,web,,2026-07-26T19:02:46Z,30
s006903,u0726,c001,web,,2026-07-26T19:03:26Z,38
s006904,u0085,c001,tv,,2026-07-26T19:03:42Z,29
s006905,u0704,c041,tv,,2026-07-26T19:04:12Z,50
s006906,u0183,c018,tv,,2026-07-26T19:05:07Z,98
s006907,u0051,c004,tv,,2026-07-26T19:07:30Z,112
s006908,u0251,c001,web,,2026-07-26T19:07:35Z,73
s006909,u0322,c034,tv,,2026-07-26T19:08:19Z,41
s006910,u0436,c036,mobile,5.2.0,2026-07-26T19:08:43Z,14
s006911,u0436,c036,mobile,5.2.0,2026-07-26T19:09:04Z,14
s006912,u0027,c009,tv,,2026-07-26T19:10:12Z,12
s006913,u0353,c016,mobile,5.2.0,2026-07-26T19:14:04Z,20
s006914,u0353,c016,mobile,5.2.0,2026-07-26T19:14:35Z,20
s006915,u0629,c002,mobile,5.2.0,2026-07-26T19:16:15Z,8
s006916,u0629,c002,mobile,5.2.0,2026-07-26T19:16:32Z,8
s006917,u0579,c039,web,,2026-07-26T19:16:42Z,5
s006918,u0217,c001,tv,,2026-07-26T19:17:13Z,18
s006919,u0710,c004,tv,,2026-07-26T19:17:20Z,40
s006920,u0762,c002,tv,,2026-07-26T19:17:45Z,21
s006921,u0762,c001,tv,,2026-07-26T19:19:02Z,63
s006922,u0291,c002,web,,2026-07-26T19:19:47Z,16
s006923,u0750,c005,tv,,2026-07-26T19:19:56Z,43
s006924,u0052,c051,web,,2026-07-26T19:20:47Z,33
s006925,u0039,c005,mobile,5.2.0,2026-07-26T19:22:27Z,53
s006926,u0039,c005,mobile,5.2.0,2026-07-26T19:22:40Z,53
s006927,u0099,c007,web,,2026-07-26T19:22:44Z,10
s006928,u0035,c005,web,,2026-07-26T19:23:07Z,39
s006929,u0249,c027,tv,,2026-07-26T19:23:37Z,46
s006930,u0122,c002,web,,2026-07-26T19:25:01Z,25
s006931,u0700,c001,tv,,2026-07-26T19:26:29Z,54
s006932,u0297,c051,web,,2026-07-26T19:27:10Z,15
s006933,u0434,c008,mobile,5.2.0,2026-07-26T19:27:18Z,28
s006934,u0153,c001,mobile,5.2.0,2026-07-26T19:27:49Z,19
s006935,u0153,c001,mobile,5.2.0,2026-07-26T19:28:24Z,19
s006936,u0153,c001,mobile,5.2.0,2026-07-26T19:28:44Z,19
s006937,u0015,c005,tv,,2026-07-26T19:29:22Z,57
s006938,u0225,c050,web,,2026-07-26T19:30:48Z,50
s006939,u0528,c025,mobile,5.2.0,2026-07-26T19:31:10Z,44
s006940,u0528,c025,mobile,5.2.0,2026-07-26T19:31:24Z,44
s006941,u0413,c002,web,,2026-07-26T19:32:15Z,44
s006942,u0624,c001,mobile,5.2.0,2026-07-26T19:32:29Z,14
s006943,u0755,c001,tv,,2026-07-26T19:32:43Z,31
s006944,u0704,c003,tv,,2026-07-26T19:32:45Z,39
s006945,u0017,c006,tv,,2026-07-26T19:33:06Z,48
s006946,u0138,c010,mobile,5.2.0,2026-07-26T19:34:12Z,16
s006947,u0431,c024,mobile,5.2.0,2026-07-26T19:34:43Z,35
s006948,u0448,c003,mobile,5.2.0,2026-07-26T19:36:13Z,32
s006949,u0448,c003,mobile,5.2.0,2026-07-26T19:36:20Z,32
s006950,u0614,c025,web,,2026-07-26T19:36:22Z,87
s006951,u0579,c009,web,,2026-07-26T19:36:29Z,19
s006952,u0035,c001,mobile,5.2.0,2026-07-26T19:40:45Z,22
s006953,u0193,c003,web,,2026-07-26T19:41:47Z,61
s006954,u0037,c046,tv,,2026-07-26T19:42:24Z,62
s006955,u0417,c001,mobile,5.2.0,2026-07-26T19:42:35Z,7
s006956,u0727,c010,mobile,5.2.0,2026-07-26T19:43:16Z,27
s006957,u0324,c002,tv,,2026-07-26T19:44:01Z,67
s006958,u0763,c025,web,,2026-07-26T19:46:16Z,89
s006959,u0647,c009,web,,2026-07-26T19:46:17Z,83
s006960,u0385,c002,web,,2026-07-26T19:47:03Z,15
s006961,u0111,c008,mobile,5.2.0,2026-07-26T19:47:21Z,25
s006962,u0111,c008,mobile,5.2.0,2026-07-26T19:47:34Z,25
s006963,u0157,c053,web,,2026-07-26T19:48:28Z,72
s006964,u0111,c008,mobile,5.2.0,2026-07-26T19:48:34Z,25
s006965,u0604,c014,tv,,2026-07-26T19:48:57Z,61
s006966,u0126,c030,tv,,2026-07-26T19:49:33Z,55
s006967,u0366,c017,mobile,5.2.0,2026-07-26T19:50:28Z,17
s006968,u0507,c034,tv,,2026-07-26T19:51:04Z,16
s006969,u0745,c002,mobile,5.2.0,2026-07-26T19:51:13Z,13
s006970,u0488,c001,mobile,5.2.0,2026-07-26T19:51:23Z,13
s006971,u0512,c014,mobile,5.2.0,2026-07-26T19:51:31Z,52
s006972,u0011,c053,tv,,2026-07-26T19:52:15Z,40
s006973,u0782,c002,web,,2026-07-26T19:52:35Z,34
s006974,u0131,c010,mobile,5.2.0,2026-07-26T19:54:35Z,5
s006975,u0131,c010,mobile,5.2.0,2026-07-26T19:55:25Z,5
s006976,u0682,c032,tv,,2026-07-26T19:56:19Z,61
s006977,u0147,c034,mobile,5.2.0,2026-07-26T19:57:15Z,52
s006978,u0737,c035,mobile,5.2.0,2026-07-26T19:57:52Z,8
s006979,u0265,c039,tv,,2026-07-26T19:57:56Z,66
s006980,u0027,c036,tv,,2026-07-26T19:58:34Z,27
s006981,u0318,c008,tv,,2026-07-26T19:58:43Z,61
s006982,u0721,c001,web,,2026-07-26T19:59:57Z,23
s006983,u0247,c023,mobile,5.2.0,2026-07-26T21:00:56Z,29
s006984,u0671,c003,mobile,5.2.0,2026-07-26T21:01:39Z,21
s006985,u0410,c002,web,,2026-07-26T21:03:26Z,13
s006986,u0105,c028,web,,2026-07-26T21:04:17Z,27
s006987,u0626,c001,web,,2026-07-26T21:04:51Z,12
s006988,u0506,c011,mobile,5.2.0,2026-07-26T21:05:06Z,32
s006989,u0318,c001,tv,,2026-07-26T21:05:35Z,21
s006990,u0193,c001,web,,2026-07-26T21:07:22Z,82
s006991,u0495,c001,tv,,2026-07-26T21:07:44Z,29
s006992,u0602,c001,mobile,5.2.0,2026-07-26T21:07:58Z,16
s006993,u0100,c042,web,,2026-07-26T21:08:45Z,12
s006994,u0227,c052,web,,2026-07-26T21:08:45Z,31
s006995,u0010,c006,tv,,2026-07-26T21:09:18Z,32
s006996,u0520,c002,web,,2026-07-26T21:09:59Z,74
s006997,u0338,c002,tv,,2026-07-26T21:10:22Z,9
s006998,u0725,c006,mobile,5.2.0,2026-07-26T21:11:08Z,39
s006999,u0320,c052,web,,2026-07-26T21:11:40Z,46
s007000,u0725,c006,mobile,5.2.0,2026-07-26T21:11:45Z,39
s007001,u0005,c024,tv,,2026-07-26T21:12:39Z,22
s007002,u0468,c004,tv,,2026-07-26T21:13:56Z,67
s007003,u0673,c014,mobile,5.2.0,2026-07-26T21:14:17Z,10
s007004,u0673,c014,mobile,5.2.0,2026-07-26T21:15:11Z,10
s007005,u0071,c001,web,,2026-07-26T21:15:14Z,77
s007006,u0448,c006,mobile,5.2.0,2026-07-26T21:17:00Z,10
s007007,u0700,c026,tv,,2026-07-26T21:17:20Z,41
s007008,u0314,c021,tv,,2026-07-26T21:17:29Z,14
s007009,u0609,c003,mobile,5.2.0,2026-07-26T21:18:31Z,7
s007010,u0391,c026,web,,2026-07-26T21:18:52Z,12
s007011,u0461,c043,web,,2026-07-26T21:18:56Z,41
s007012,u0203,c003,mobile,5.2.0,2026-07-26T21:19:29Z,18
s007013,u0588,c002,tv,,2026-07-26T21:19:48Z,15
s007014,u0726,c001,web,,2026-07-26T21:20:17Z,15
s007015,u0535,c021,mobile,5.2.0,2026-07-26T21:20:53Z,28
s007016,u0738,c014,mobile,5.2.0,2026-07-26T21:21:32Z,14
s007017,u0072,c017,mobile,5.2.0,2026-07-26T21:22:05Z,13
s007018,u0014,c003,mobile,5.2.0,2026-07-26T21:22:11Z,10
s007019,u0252,c004,mobile,5.2.0,2026-07-26T21:22:48Z,17
s007020,u0252,c004,mobile,5.2.0,2026-07-26T21:23:07Z,17
s007021,u0128,c007,mobile,5.2.0,2026-07-26T21:23:29Z,20
s007022,u0138,c010,mobile,5.2.0,2026-07-26T21:23:58Z,8
s007023,u0531,c002,tv,,2026-07-26T21:24:08Z,18
s007024,u0636,c015,mobile,5.2.0,2026-07-26T21:25:50Z,40
s007025,u0391,c043,web,,2026-07-26T21:27:16Z,9
s007026,u0560,c015,mobile,5.2.0,2026-07-26T21:27:16Z,20
s007027,u0577,c002,tv,,2026-07-26T21:27:48Z,19
s007028,u0648,c002,mobile,5.2.0,2026-07-26T21:27:54Z,10
s007029,u0658,c006,tv,,2026-07-26T21:30:47Z,21
s007030,u0097,c030,web,,2026-07-26T21:31:10Z,43
s007031,u0434,c007,mobile,5.2.0,2026-07-26T21:31:15Z,24
s007032,u0035,c003,web,,2026-07-26T21:32:21Z,81
s007033,u0522,c014,web,,2026-07-26T21:32:23Z,40
s007034,u0560,c031,mobile,5.2.0,2026-07-26T21:32:31Z,42
s007035,u0191,c001,tv,,2026-07-26T21:33:25Z,55
s007036,u0293,c001,mobile,5.2.0,2026-07-26T21:34:16Z,13
s007037,u0293,c001,mobile,5.2.0,2026-07-26T21:34:23Z,13
s007038,u0362,c001,tv,,2026-07-26T21:34:35Z,45
s007039,u0109,c031,mobile,5.2.0,2026-07-26T21:35:12Z,49
s007040,u0216,c001,mobile,5.2.0,2026-07-26T21:35:46Z,30
s007041,u0178,c058,web,,2026-07-26T21:36:17Z,35
s007042,u0576,c010,web,,2026-07-26T21:36:48Z,56
s007043,u0374,c008,web,,2026-07-26T21:38:11Z,14
s007044,u0027,c008,mobile,5.2.0,2026-07-26T21:38:16Z,26
s007045,u0753,c019,tv,,2026-07-26T21:38:23Z,42
s007046,u0592,c042,mobile,5.2.0,2026-07-26T21:38:58Z,10
s007047,u0177,c007,tv,,2026-07-26T21:39:44Z,48
s007048,u0441,c001,tv,,2026-07-26T21:40:10Z,141
s007049,u0175,c010,web,,2026-07-26T21:41:05Z,46
s007050,u0689,c005,tv,,2026-07-26T21:41:34Z,42
s007051,u0735,c019,mobile,5.2.0,2026-07-26T21:42:08Z,64
s007052,u0622,c001,mobile,5.2.0,2026-07-26T21:42:12Z,5
s007053,u0225,c030,web,,2026-07-26T21:42:33Z,44
s007054,u0300,c004,mobile,5.2.0,2026-07-26T21:43:53Z,43
s007055,u0018,c012,web,,2026-07-26T21:44:11Z,18
s007056,u0207,c032,web,,2026-07-26T21:45:07Z,62
s007057,u0151,c015,mobile,5.2.0,2026-07-26T21:45:38Z,23
s007058,u0331,c014,mobile,5.2.0,2026-07-26T21:45:42Z,25
s007059,u0288,c020,web,,2026-07-26T21:45:45Z,12
s007060,u0630,c001,mobile,5.2.0,2026-07-26T21:46:53Z,21
s007061,u0275,c008,web,,2026-07-26T21:47:07Z,78
s007062,u0251,c004,mobile,5.2.0,2026-07-26T21:48:44Z,16
s007063,u0699,c007,mobile,5.2.0,2026-07-26T21:48:54Z,6
s007064,u0097,c060,mobile,5.2.0,2026-07-26T21:49:07Z,15
s007065,u0575,c015,tv,,2026-07-26T21:49:27Z,147
s007066,u0779,c022,web,,2026-07-26T21:49:52Z,34
s007067,u0604,c004,tv,,2026-07-26T21:51:13Z,49
s007068,u0595,c013,web,,2026-07-26T21:51:17Z,8
s007069,u0004,c006,tv,,2026-07-26T21:51:20Z,152
s007070,u0012,c002,web,,2026-07-26T21:51:20Z,58
s007071,u0652,c010,web,,2026-07-26T21:53:03Z,109
s007072,u0525,c003,web,,2026-07-26T21:53:50Z,41
s007073,u0310,c013,tv,,2026-07-26T21:54:11Z,57
s007074,u0105,c001,web,,2026-07-26T21:54:35Z,14
s007075,u0663,c042,web,,2026-07-26T21:54:50Z,87
s007076,u0122,c050,web,,2026-07-26T21:55:04Z,126
s007077,u0506,c005,mobile,5.2.0,2026-07-26T21:55:05Z,68
s007078,u0619,c012,mobile,5.2.0,2026-07-26T21:55:25Z,25
s007079,u0420,c005,mobile,5.2.0,2026-07-26T21:55:38Z,8
s007080,u0420,c005,mobile,5.2.0,2026-07-26T21:55:50Z,8
s007081,u0780,c021,tv,,2026-07-26T21:56:03Z,24
s007082,u0128,c002,tv,,2026-07-26T21:56:20Z,53
s007083,u0029,c014,tv,,2026-07-26T21:58:59Z,113
s007084,u0575,c002,tv,,2026-07-26T21:59:28Z,55
s007085,u0189,c021,mobile,5.2.0,2026-07-26T23:00:49Z,19
s007086,u0189,c021,mobile,5.2.0,2026-07-26T23:01:46Z,19
s007087,u0189,c021,mobile,5.2.0,2026-07-26T23:02:23Z,19
s007088,u0156,c001,tv,,2026-07-26T23:03:35Z,18
s007089,u0395,c033,tv,,2026-07-26T23:06:30Z,68
s007090,u0292,c049,mobile,5.2.0,2026-07-26T23:18:44Z,46
s007091,u0751,c001,mobile,5.2.0,2026-07-26T23:19:18Z,25
s007092,u0782,c001,web,,2026-07-26T23:19:40Z,14
s007093,u0761,c022,tv,,2026-07-26T23:24:05Z,102
s007094,u0046,c059,web,,2026-07-26T23:28:20Z,51
s007095,u0481,c003,tv,,2026-07-26T23:30:22Z,20
s007096,u0122,c002,web,,2026-07-26T23:31:29Z,32
s007097,u0245,c001,tv,,2026-07-26T23:32:38Z,44
s007098,u0615,c047,mobile,5.2.0,2026-07-26T23:33:18Z,51
s007099,u0064,c008,tv,,2026-07-26T23:33:30Z,240
s007100,u0772,c048,web,,2026-07-26T23:34:28Z,141
s007101,u0213,c001,web,,2026-07-26T23:35:13Z,104
s007102,u0532,c010,web,,2026-07-26T23:38:28Z,27
s007103,u0539,c006,web,,2026-07-26T23:38:42Z,73
s007104,u0732,c046,web,,2026-07-26T23:39:42Z,52
s007105,u0436,c034,mobile,5.2.0,2026-07-26T23:41:22Z,27
s007106,u0243,c002,web,,2026-07-26T23:45:10Z,20
s007107,u0439,c011,mobile,5.2.0,2026-07-26T23:45:12Z,36
s007108,u0570,c001,mobile,5.2.0,2026-07-26T23:45:50Z,31
s007109,u0189,c043,mobile,5.2.0,2026-07-26T23:47:00Z,6
s007110,u0226,c021,mobile,5.2.0,2026-07-26T23:48:35Z,51
s007111,u0619,c005,mobile,5.2.0,2026-07-26T23:49:37Z,57
s007112,u0619,c005,mobile,5.2.0,2026-07-26T23:49:51Z,57
s007113,u0624,c007,mobile,5.2.0,2026-07-26T23:53:09Z,16
s007114,u0507,c002,tv,,2026-07-26T23:55:50Z,34
s007115,u0332,c037,mobile,5.2.0,2026-07-27T08:03:31Z,55
s007116,u0289,c001,mobile,5.2.0,2026-07-27T08:04:10Z,20
s007117,u0777,c055,tv,,2026-07-27T08:05:19Z,34
s007118,u0203,c046,mobile,5.2.0,2026-07-27T08:08:13Z,24
s007119,u0203,c015,web,,2026-07-27T08:14:31Z,35
s007120,u0677,c035,mobile,5.2.0,2026-07-27T08:16:04Z,18
s007121,u0248,c005,mobile,5.2.0,2026-07-27T08:17:12Z,13
s007122,u0304,c001,mobile,5.2.0,2026-07-27T08:26:40Z,17
s007123,u0304,c001,mobile,5.2.0,2026-07-27T08:27:15Z,17
s007124,u0306,c024,mobile,5.2.0,2026-07-27T08:31:45Z,13
s007125,u0288,c042,tv,,2026-07-27T08:32:25Z,13
s007126,u0744,c007,tv,,2026-07-27T08:41:10Z,67
s007127,u0322,c002,mobile,5.2.0,2026-07-27T08:41:44Z,31
s007128,u0735,c003,mobile,5.2.0,2026-07-27T08:41:58Z,21
s007129,u0322,c002,mobile,5.2.0,2026-07-27T08:42:24Z,31
s007130,u0735,c003,mobile,5.2.0,2026-07-27T08:42:57Z,21
s007131,u0046,c001,web,,2026-07-27T08:44:11Z,31
s007132,u0028,c001,tv,,2026-07-27T08:49:24Z,59
s007133,u0751,c003,mobile,5.2.0,2026-07-27T08:51:41Z,27
s007134,u0353,c003,mobile,5.2.0,2026-07-27T08:55:46Z,11
s007135,u0562,c001,tv,,2026-07-27T08:56:21Z,43
s007136,u0124,c001,mobile,5.2.0,2026-07-27T12:00:07Z,35
s007137,u0630,c001,mobile,5.2.0,2026-07-27T12:01:34Z,17
s007138,u0630,c001,mobile,5.2.0,2026-07-27T12:01:37Z,17
s007139,u0630,c001,mobile,5.2.0,2026-07-27T12:02:07Z,17
s007140,u0052,c056,web,,2026-07-27T12:02:48Z,4
s007141,u0546,c002,tv,,2026-07-27T12:03:28Z,141
s007142,u0005,c013,web,,2026-07-27T12:03:56Z,68
s007143,u0174,c001,web,,2026-07-27T12:04:06Z,95
s007144,u0157,c002,mobile,5.2.0,2026-07-27T12:05:34Z,20
s007145,u0431,c001,mobile,5.2.0,2026-07-27T12:08:59Z,118
s007146,u0665,c005,mobile,5.2.0,2026-07-27T12:09:02Z,19
s007147,u0431,c001,mobile,5.2.0,2026-07-27T12:09:25Z,118
s007148,u0210,c003,tv,,2026-07-27T12:10:11Z,52
s007149,u0291,c034,web,,2026-07-27T12:10:46Z,26
s007150,u0013,c039,tv,,2026-07-27T12:13:50Z,59
s007151,u0381,c056,web,,2026-07-27T12:15:20Z,78
s007152,u0594,c003,tv,,2026-07-27T12:16:10Z,39
s007153,u0565,c003,mobile,5.2.0,2026-07-27T12:17:36Z,15
s007154,u0565,c003,mobile,5.2.0,2026-07-27T12:18:22Z,15
s007155,u0193,c001,web,,2026-07-27T12:22:32Z,32
s007156,u0061,c003,tv,,2026-07-27T12:23:51Z,91
s007157,u0599,c046,tv,,2026-07-27T12:25:36Z,44
s007158,u0576,c011,web,,2026-07-27T12:29:06Z,132
s007159,u0703,c033,web,,2026-07-27T12:29:21Z,11
s007160,u0292,c009,tv,,2026-07-27T12:30:02Z,56
s007161,u0177,c001,tv,,2026-07-27T12:30:40Z,96
s007162,u0133,c030,tv,,2026-07-27T12:32:44Z,96
s007163,u0177,c001,tv,,2026-07-27T12:34:04Z,39
s007164,u0313,c010,mobile,5.2.0,2026-07-27T12:35:27Z,37
s007165,u0026,c004,tv,,2026-07-27T12:35:54Z,30
s007166,u0313,c010,mobile,5.2.0,2026-07-27T12:36:01Z,37
s007167,u0406,c003,mobile,5.2.0,2026-07-27T12:36:08Z,22
s007168,u0598,c003,web,,2026-07-27T12:39:26Z,50
s007169,u0157,c003,mobile,5.2.0,2026-07-27T12:41:58Z,5
s007170,u0157,c003,mobile,5.2.0,2026-07-27T12:42:20Z,5
s007171,u0060,c002,tv,,2026-07-27T12:43:33Z,52
s007172,u0251,c001,web,,2026-07-27T12:49:24Z,33
s007173,u0710,c056,tv,,2026-07-27T12:49:37Z,27
s007174,u0111,c001,tv,,2026-07-27T12:49:43Z,18
s007175,u0663,c028,web,,2026-07-27T12:50:37Z,65
s007176,u0307,c009,mobile,5.2.0,2026-07-27T12:53:31Z,9
s007177,u0307,c009,mobile,5.2.0,2026-07-27T12:53:39Z,9
s007178,u0663,c030,web,,2026-07-27T12:57:06Z,69
s007179,u0152,c026,tv,,2026-07-27T12:57:26Z,121
s007180,u0070,c036,tv,,2026-07-27T17:00:27Z,31
s007181,u0732,c009,web,,2026-07-27T17:00:57Z,24
s007182,u0472,c001,mobile,5.2.0,2026-07-27T17:03:10Z,8
s007183,u0615,c001,mobile,5.2.0,2026-07-27T17:06:28Z,12
s007184,u0615,c001,mobile,5.2.0,2026-07-27T17:07:23Z,12
s007185,u0362,c014,tv,,2026-07-27T17:08:19Z,92
s007186,u0779,c002,web,,2026-07-27T17:13:12Z,67
s007187,u0044,c045,mobile,5.2.0,2026-07-27T17:13:49Z,12
s007188,u0772,c051,mobile,5.2.0,2026-07-27T17:14:13Z,16
s007189,u0044,c045,mobile,5.2.0,2026-07-27T17:14:22Z,12
s007190,u0044,c045,mobile,5.2.0,2026-07-27T17:14:31Z,12
s007191,u0409,c033,mobile,5.2.0,2026-07-27T17:17:08Z,30
s007192,u0409,c033,mobile,5.2.0,2026-07-27T17:17:28Z,30
s007193,u0415,c002,tv,,2026-07-27T17:18:24Z,129
s007194,u0741,c060,tv,,2026-07-27T17:20:38Z,98
s007195,u0412,c004,web,,2026-07-27T17:21:44Z,76
s007196,u0657,c010,mobile,5.2.0,2026-07-27T17:22:25Z,22
s007197,u0579,c001,web,,2026-07-27T17:22:54Z,36
s007198,u0657,c010,mobile,5.2.0,2026-07-27T17:23:13Z,22
s007199,u0184,c001,tv,,2026-07-27T17:23:31Z,30
s007200,u0218,c004,mobile,5.2.0,2026-07-27T17:23:49Z,40
s007201,u0096,c013,mobile,5.2.0,2026-07-27T17:24:39Z,18
s007202,u0385,c001,web,,2026-07-27T17:25:07Z,36
s007203,u0096,c013,mobile,5.2.0,2026-07-27T17:25:09Z,18
s007204,u0270,c044,web,,2026-07-27T17:26:09Z,17
s007205,u0446,c004,mobile,5.2.0,2026-07-27T17:28:28Z,17
s007206,u0659,c024,web,,2026-07-27T17:29:54Z,60
s007207,u0002,c015,mobile,5.2.0,2026-07-27T17:30:51Z,79
s007208,u0485,c027,tv,,2026-07-27T17:30:51Z,79
s007209,u0164,c004,tv,,2026-07-27T17:32:25Z,65
s007210,u0072,c003,mobile,5.2.0,2026-07-27T17:35:08Z,41
s007211,u0072,c003,mobile,5.2.0,2026-07-27T17:35:34Z,41
s007212,u0566,c034,mobile,5.2.0,2026-07-27T17:36:52Z,25
s007213,u0623,c004,web,,2026-07-27T17:39:34Z,58
s007214,u0707,c019,web,,2026-07-27T17:39:45Z,55
s007215,u0618,c019,tv,,2026-07-27T17:40:30Z,40
s007216,u0359,c006,mobile,5.2.0,2026-07-27T17:40:42Z,34
s007217,u0570,c017,mobile,5.2.0,2026-07-27T17:40:56Z,14
s007218,u0359,c006,mobile,5.2.0,2026-07-27T17:41:00Z,34
s007219,u0464,c042,tv,,2026-07-27T17:43:47Z,17
s007220,u0062,c004,web,,2026-07-27T17:44:04Z,105
s007221,u0421,c015,mobile,5.2.0,2026-07-27T17:44:48Z,11
s007222,u0421,c015,mobile,5.2.0,2026-07-27T17:45:28Z,11
s007223,u0479,c045,mobile,5.2.0,2026-07-27T17:45:44Z,14
s007224,u0547,c008,mobile,5.2.0,2026-07-27T17:47:10Z,12
s007225,u0547,c008,mobile,5.2.0,2026-07-27T17:47:16Z,12
s007226,u0547,c008,mobile,5.2.0,2026-07-27T17:47:55Z,12
s007227,u0616,c002,tv,,2026-07-27T17:48:25Z,70
s007228,u0359,c010,mobile,5.2.0,2026-07-27T17:48:30Z,25
s007229,u0365,c002,tv,,2026-07-27T17:52:25Z,45
s007230,u0266,c001,mobile,5.2.0,2026-07-27T17:56:07Z,18
s007231,u0430,c021,mobile,5.2.0,2026-07-27T17:56:17Z,33
s007232,u0148,c023,tv,,2026-07-27T17:56:18Z,39
s007233,u0608,c004,web,,2026-07-27T17:57:34Z,12
s007234,u0184,c035,tv,,2026-07-27T17:58:55Z,33
s007235,u0738,c044,mobile,5.2.0,2026-07-27T19:00:50Z,61
s007236,u0499,c010,web,,2026-07-27T19:01:04Z,36
s007237,u0178,c014,web,,2026-07-27T19:01:09Z,82
s007238,u0575,c014,tv,,2026-07-27T19:02:05Z,55
s007239,u0176,c051,web,,2026-07-27T19:03:06Z,48
s007240,u0641,c040,web,,2026-07-27T19:04:44Z,21
s007241,u0011,c002,tv,,2026-07-27T19:04:57Z,31
s007242,u0548,c002,tv,,2026-07-27T19:05:14Z,46
s007243,u0716,c010,mobile,5.2.0,2026-07-27T19:05:46Z,38
s007244,u0679,c002,web,,2026-07-27T19:06:04Z,81
s007245,u0507,c026,web,,2026-07-27T19:06:18Z,8
s007246,u0716,c010,mobile,5.2.0,2026-07-27T19:06:24Z,38
s007247,u0146,c017,mobile,5.2.0,2026-07-27T19:06:51Z,32
s007248,u0671,c002,mobile,5.2.0,2026-07-27T19:06:55Z,26
s007249,u0671,c002,mobile,5.2.0,2026-07-27T19:07:25Z,26
s007250,u0671,c002,mobile,5.2.0,2026-07-27T19:07:48Z,26
s007251,u0447,c013,mobile,5.2.0,2026-07-27T19:08:28Z,38
s007252,u0251,c050,web,,2026-07-27T19:08:32Z,36
s007253,u0488,c043,mobile,5.2.0,2026-07-27T19:08:45Z,39
s007254,u0488,c043,mobile,5.2.0,2026-07-27T19:08:58Z,39
s007255,u0368,c001,mobile,5.2.0,2026-07-27T19:09:57Z,42
s007256,u0320,c014,web,,2026-07-27T19:10:44Z,39
s007257,u0668,c002,tv,,2026-07-27T19:13:09Z,68
s007258,u0204,c031,mobile,5.2.0,2026-07-27T19:14:00Z,16
s007259,u0251,c002,mobile,5.2.0,2026-07-27T19:14:41Z,16
s007260,u0658,c005,mobile,5.2.0,2026-07-27T19:15:11Z,9
s007261,u0409,c039,web,,2026-07-27T19:16:45Z,43
s007262,u0334,c016,web,,2026-07-27T19:16:53Z,19
s007263,u0181,c009,web,,2026-07-27T19:16:55Z,41
s007264,u0558,c003,mobile,5.2.0,2026-07-27T19:17:46Z,21
s007265,u0172,c004,web,,2026-07-27T19:17:53Z,11
s007266,u0658,c046,tv,,2026-07-27T19:18:11Z,62
s007267,u0243,c009,mobile,5.2.0,2026-07-27T19:19:00Z,27
s007268,u0612,c003,tv,,2026-07-27T19:20:05Z,45
s007269,u0346,c056,mobile,5.2.0,2026-07-27T19:20:26Z,19
s007270,u0185,c046,mobile,5.2.0,2026-07-27T19:20:28Z,28
s007271,u0528,c060,mobile,5.2.0,2026-07-27T19:22:12Z,8
s007272,u0601,c014,tv,,2026-07-27T19:22:18Z,68
s007273,u0246,c002,mobile,5.2.0,2026-07-27T19:22:49Z,16
s007274,u0724,c022,mobile,5.2.0,2026-07-27T19:23:14Z,11
s007275,u0246,c002,mobile,5.2.0,2026-07-27T19:23:40Z,16
s007276,u0468,c001,tv,,2026-07-27T19:25:10Z,32
s007277,u0767,c002,tv,,2026-07-27T19:25:46Z,46
s007278,u0049,c002,web,,2026-07-27T19:27:54Z,45
s007279,u0126,c060,tv,,2026-07-27T19:27:55Z,43
s007280,u0011,c034,tv,,2026-07-27T19:28:01Z,63
s007281,u0333,c004,mobile,5.2.0,2026-07-27T19:28:32Z,25
s007282,u0271,c009,web,,2026-07-27T19:28:44Z,128
s007283,u0210,c002,tv,,2026-07-27T19:29:03Z,63
s007284,u0302,c003,tv,,2026-07-27T19:29:58Z,97
s007285,u0138,c002,mobile,5.2.0,2026-07-27T19:30:03Z,13
s007286,u0671,c006,mobile,5.2.0,2026-07-27T19:30:07Z,13
s007287,u0566,c023,mobile,5.2.0,2026-07-27T19:30:38Z,22
s007288,u0138,c002,mobile,5.2.0,2026-07-27T19:30:55Z,13
s007289,u0671,c006,mobile,5.2.0,2026-07-27T19:30:58Z,13
s007290,u0566,c023,mobile,5.2.0,2026-07-27T19:31:15Z,22
s007291,u0310,c003,tv,,2026-07-27T19:32:01Z,21
s007292,u0650,c009,mobile,5.2.0,2026-07-27T19:32:48Z,13
s007293,u0400,c044,mobile,5.2.0,2026-07-27T19:35:04Z,19
s007294,u0286,c005,mobile,5.2.0,2026-07-27T19:35:16Z,20
s007295,u0595,c004,mobile,5.2.0,2026-07-27T19:35:30Z,8
s007296,u0179,c045,tv,,2026-07-27T19:35:47Z,44
s007297,u0520,c020,web,,2026-07-27T19:36:01Z,43
s007298,u0668,c001,mobile,5.2.0,2026-07-27T19:36:23Z,15
s007299,u0218,c006,mobile,5.2.0,2026-07-27T19:36:42Z,31
s007300,u0218,c006,mobile,5.2.0,2026-07-27T19:37:24Z,31
s007301,u0059,c056,tv,,2026-07-27T19:38:52Z,49
s007302,u0217,c040,tv,,2026-07-27T19:43:19Z,26
s007303,u0430,c005,mobile,5.2.0,2026-07-27T19:43:21Z,22
s007304,u0430,c005,mobile,5.2.0,2026-07-27T19:43:30Z,22
s007305,u0245,c012,tv,,2026-07-27T19:45:08Z,22
s007306,u0260,c009,mobile,5.2.0,2026-07-27T19:46:23Z,15
s007307,u0378,c024,web,,2026-07-27T19:46:54Z,44
s007308,u0564,c002,web,,2026-07-27T19:47:10Z,46
s007309,u0487,c001,tv,,2026-07-27T19:47:32Z,73
s007310,u0534,c058,tv,,2026-07-27T19:47:43Z,20
s007311,u0179,c004,tv,,2026-07-27T19:49:55Z,35
s007312,u0196,c003,tv,,2026-07-27T19:50:22Z,27
s007313,u0707,c008,web,,2026-07-27T19:51:17Z,28
s007314,u0506,c009,mobile,5.2.0,2026-07-27T19:51:21Z,18
s007315,u0506,c009,mobile,5.2.0,2026-07-27T19:52:04Z,18
s007316,u0633,c002,tv,,2026-07-27T19:52:29Z,134
s007317,u0029,c001,tv,,2026-07-27T19:52:31Z,87
s007318,u0596,c029,mobile,5.2.0,2026-07-27T19:53:13Z,80
s007319,u0128,c001,tv,,2026-07-27T19:53:40Z,96
s007320,u0570,c031,mobile,5.2.0,2026-07-27T19:54:17Z,29
s007321,u0570,c031,mobile,5.2.0,2026-07-27T19:54:47Z,29
s007322,u0773,c052,mobile,5.2.0,2026-07-27T19:55:10Z,20
s007323,u0409,c026,web,,2026-07-27T19:55:14Z,146
s007324,u0773,c052,mobile,5.2.0,2026-07-27T19:55:14Z,20
s007325,u0723,c031,mobile,5.2.0,2026-07-27T19:56:17Z,23
s007326,u0183,c011,tv,,2026-07-27T19:56:27Z,22
s007327,u0722,c008,mobile,5.2.0,2026-07-27T19:56:56Z,23
s007328,u0051,c020,web,,2026-07-27T19:57:01Z,28
s007329,u0277,c009,web,,2026-07-27T19:57:48Z,33
s007330,u0634,c001,tv,,2026-07-27T19:58:29Z,63
s007331,u0010,c033,web,,2026-07-27T19:58:40Z,48
s007332,u0471,c002,web,,2026-07-27T19:59:25Z,41
s007333,u0491,c024,web,,2026-07-27T21:01:02Z,39
s007334,u0350,c054,web,,2026-07-27T21:01:12Z,96
s007335,u0626,c037,web,,2026-07-27T21:01:24Z,43
s007336,u0429,c001,tv,,2026-07-27T21:02:51Z,33
s007337,u0746,c035,mobile,5.2.0,2026-07-27T21:03:13Z,35
s007338,u0746,c035,mobile,5.2.0,2026-07-27T21:03:43Z,35
s007339,u0726,c006,tv,,2026-07-27T21:04:57Z,11
s007340,u0421,c001,mobile,5.2.0,2026-07-27T21:05:11Z,17
s007341,u0253,c017,tv,,2026-07-27T21:05:52Z,87
s007342,u0710,c011,tv,,2026-07-27T21:07:18Z,10
s007343,u0593,c004,mobile,5.2.0,2026-07-27T21:07:51Z,15
s007344,u0659,c001,web,,2026-07-27T21:08:38Z,91
s007345,u0629,c003,tv,,2026-07-27T21:08:58Z,86
s007346,u0622,c023,mobile,5.2.0,2026-07-27T21:09:12Z,14
s007347,u0026,c002,mobile,5.2.0,2026-07-27T21:09:38Z,24
s007348,u0462,c004,mobile,5.2.0,2026-07-27T21:09:41Z,7
s007349,u0097,c047,mobile,5.2.0,2026-07-27T21:09:57Z,18
s007350,u0026,c002,mobile,5.2.0,2026-07-27T21:10:16Z,24
s007351,u0058,c008,mobile,5.2.0,2026-07-27T21:10:16Z,9
s007352,u0462,c004,mobile,5.2.0,2026-07-27T21:10:24Z,7
s007353,u0390,c002,web,,2026-07-27T21:10:29Z,39
s007354,u0619,c010,mobile,5.2.0,2026-07-27T21:10:49Z,14
s007355,u0274,c010,mobile,5.2.0,2026-07-27T21:10:59Z,6
s007356,u0063,c005,mobile,5.2.0,2026-07-27T21:12:14Z,41
s007357,u0711,c024,mobile,5.2.0,2026-07-27T21:12:52Z,10
s007358,u0585,c007,mobile,5.2.0,2026-07-27T21:12:59Z,9
s007359,u0103,c016,tv,,2026-07-27T21:13:15Z,29
s007360,u0711,c024,mobile,5.2.0,2026-07-27T21:13:19Z,10
s007361,u0754,c007,mobile,5.2.0,2026-07-27T21:13:57Z,25
s007362,u0699,c004,mobile,5.2.0,2026-07-27T21:14:29Z,24
s007363,u0151,c037,web,,2026-07-27T21:15:07Z,36
s007364,u0469,c055,tv,,2026-07-27T21:15:44Z,50
s007365,u0120,c013,tv,,2026-07-27T21:15:52Z,173
s007366,u0446,c019,mobile,5.2.0,2026-07-27T21:16:55Z,71
s007367,u0446,c019,mobile,5.2.0,2026-07-27T21:17:04Z,71
s007368,u0465,c012,web,,2026-07-27T21:17:32Z,77
s007369,u0218,c029,mobile,5.2.0,2026-07-27T21:18:42Z,41
s007370,u0246,c011,tv,,2026-07-27T21:18:43Z,84
s007371,u0616,c007,tv,,2026-07-27T21:19:00Z,42
s007372,u0324,c001,tv,,2026-07-27T21:19:10Z,70
s007373,u0663,c025,web,,2026-07-27T21:19:15Z,47
s007374,u0351,c040,tv,,2026-07-27T21:19:40Z,44
s007375,u0575,c041,tv,,2026-07-27T21:20:17Z,71
s007376,u0122,c002,mobile,5.2.0,2026-07-27T21:20:38Z,33
s007377,u0675,c020,tv,,2026-07-27T21:21:03Z,20
s007378,u0485,c004,tv,,2026-07-27T21:21:36Z,30
s007379,u0623,c031,mobile,5.2.0,2026-07-27T21:23:05Z,27
s007380,u0158,c004,web,,2026-07-27T21:23:11Z,10
s007381,u0601,c055,mobile,5.2.0,2026-07-27T21:23:14Z,22
s007382,u0752,c049,tv,,2026-07-27T21:23:56Z,78
s007383,u0601,c055,mobile,5.2.0,2026-07-27T21:24:09Z,22
s007384,u0136,c001,mobile,5.2.0,2026-07-27T21:24:40Z,29
s007385,u0122,c022,web,,2026-07-27T21:24:50Z,26
s007386,u0136,c001,mobile,5.2.0,2026-07-27T21:25:39Z,29
s007387,u0066,c003,tv,,2026-07-27T21:26:06Z,53
s007388,u0386,c001,mobile,5.2.0,2026-07-27T21:26:08Z,71
s007389,u0037,c042,tv,,2026-07-27T21:26:13Z,11
s007390,u0246,c002,tv,,2026-07-27T21:27:54Z,104
s007391,u0022,c036,mobile,5.2.0,2026-07-27T21:28:17Z,13
s007392,u0126,c026,tv,,2026-07-27T21:28:44Z,51
s007393,u0218,c006,mobile,5.2.0,2026-07-27T21:28:59Z,27
s007394,u0077,c002,mobile,5.2.0,2026-07-27T21:29:18Z,48
s007395,u0077,c004,mobile,5.2.0,2026-07-27T21:29:28Z,15
s007396,u0331,c001,tv,,2026-07-27T21:29:33Z,56
s007397,u0608,c001,web,,2026-07-27T21:32:59Z,30
s007398,u0704,c002,tv,,2026-07-27T21:33:22Z,31
s007399,u0606,c057,mobile,5.2.0,2026-07-27T21:34:08Z,8
s007400,u0103,c002,tv,,2026-07-27T21:34:21Z,25
s007401,u0536,c004,tv,,2026-07-27T21:34:33Z,77
s007402,u0606,c057,mobile,5.2.0,2026-07-27T21:34:35Z,8
s007403,u0798,c023,mobile,5.2.0,2026-07-27T21:35:19Z,18
s007404,u0447,c003,mobile,5.2.0,2026-07-27T21:35:25Z,28
s007405,u0147,c025,mobile,5.2.0,2026-07-27T21:36:42Z,28
s007406,u0706,c024,tv,,2026-07-27T21:38:12Z,33
s007407,u0028,c001,tv,,2026-07-27T21:39:25Z,13
s007408,u0338,c002,tv,,2026-07-27T21:42:02Z,46
s007409,u0702,c003,tv,,2026-07-27T21:42:39Z,44
s007410,u0510,c009,mobile,5.2.0,2026-07-27T21:42:57Z,20
s007411,u0255,c003,web,,2026-07-27T21:43:03Z,8
s007412,u0004,c020,web,,2026-07-27T21:43:59Z,113
s007413,u0631,c048,mobile,5.2.0,2026-07-27T21:44:30Z,74
s007414,u0257,c037,mobile,5.2.0,2026-07-27T21:44:53Z,10
s007415,u0356,c003,web,,2026-07-27T21:44:54Z,26
s007416,u0634,c002,tv,,2026-07-27T21:45:03Z,60
s007417,u0499,c054,mobile,5.2.0,2026-07-27T21:45:14Z,34
s007418,u0472,c008,mobile,5.2.0,2026-07-27T21:46:51Z,9
s007419,u0309,c003,tv,,2026-07-27T21:47:40Z,181
s007420,u0577,c002,tv,,2026-07-27T21:47:50Z,21
s007421,u0590,c001,tv,,2026-07-27T21:48:36Z,46
s007422,u0710,c005,tv,,2026-07-27T21:48:44Z,40
s007423,u0650,c018,mobile,5.2.0,2026-07-27T21:48:50Z,14
s007424,u0307,c002,mobile,5.2.0,2026-07-27T21:49:44Z,12
s007425,u0130,c007,tv,,2026-07-27T21:51:35Z,25
s007426,u0601,c054,tv,,2026-07-27T21:52:52Z,157
s007427,u0219,c007,mobile,5.2.0,2026-07-27T21:54:17Z,14
s007428,u0656,c007,web,,2026-07-27T21:54:35Z,32
s007429,u0075,c001,mobile,5.2.0,2026-07-27T21:54:45Z,17
s007430,u0259,c002,mobile,5.2.0,2026-07-27T21:54:45Z,36
s007431,u0567,c001,mobile,5.2.0,2026-07-27T21:54:54Z,51
s007432,u0259,c002,mobile,5.2.0,2026-07-27T21:55:16Z,36
s007433,u0378,c002,mobile,5.2.0,2026-07-27T21:56:04Z,120
s007434,u0059,c001,tv,,2026-07-27T21:56:12Z,16
s007435,u0378,c002,mobile,5.2.0,2026-07-27T21:56:20Z,120
s007436,u0447,c025,mobile,5.2.0,2026-07-27T21:56:26Z,33
s007437,u0626,c004,web,,2026-07-27T21:56:49Z,11
s007438,u0516,c036,mobile,5.2.0,2026-07-27T21:56:55Z,30
s007439,u0564,c037,web,,2026-07-27T23:04:07Z,51
s007440,u0634,c002,mobile,5.2.0,2026-07-27T23:04:15Z,17
s007441,u0061,c001,tv,,2026-07-27T23:04:23Z,114
s007442,u0634,c002,mobile,5.2.0,2026-07-27T23:05:09Z,17
s007443,u0600,c006,web,,2026-07-27T23:05:38Z,33
s007444,u0106,c032,web,,2026-07-27T23:10:52Z,46
s007445,u0448,c038,mobile,5.2.0,2026-07-27T23:12:53Z,18
s007446,u0448,c038,mobile,5.2.0,2026-07-27T23:13:10Z,18
s007447,u0018,c040,web,,2026-07-27T23:13:57Z,64
s007448,u0229,c003,tv,,2026-07-27T23:14:17Z,43
s007449,u0330,c001,web,,2026-07-27T23:16:34Z,13
s007450,u0038,c005,tv,,2026-07-27T23:17:53Z,76
s007451,u0199,c031,web,,2026-07-27T23:20:13Z,12
s007452,u0041,c013,web,,2026-07-27T23:23:01Z,53
s007453,u0601,c001,tv,,2026-07-27T23:26:23Z,23
s007454,u0308,c003,web,,2026-07-27T23:27:27Z,22
s007455,u0599,c044,tv,,2026-07-27T23:39:42Z,198
s007456,u0117,c001,mobile,5.2.0,2026-07-27T23:43:22Z,27
s007457,u0117,c001,mobile,5.2.0,2026-07-27T23:44:08Z,27
s007458,u0345,c038,web,,2026-07-27T23:44:20Z,51
s007459,u0126,c003,mobile,5.2.0,2026-07-27T23:48:58Z,46
s007460,u0674,c004,mobile,5.2.0,2026-07-27T23:51:01Z,19
s007461,u0442,c015,tv,,2026-07-27T23:53:07Z,60
s007462,u0562,c001,tv,,2026-07-27T23:53:08Z,71
s007463,u0577,c007,tv,,2026-07-27T23:53:42Z,28
s007464,u0448,c059,mobile,5.2.0,2026-07-27T23:54:41Z,25
s007465,u0607,c001,tv,,2026-07-27T23:55:06Z,60
s007466,u0138,c002,mobile,5.2.0,2026-07-27T23:59:33Z,23
s007467,u0138,c002,mobile,5.2.0,2026-07-28T00:00:27Z,23
s007468,u0239,c004,tv,,2026-07-28T08:00:09Z,66
s007469,u0227,c005,mobile,5.2.0,2026-07-28T08:00:13Z,37
s007470,u0227,c005,mobile,5.2.0,2026-07-28T08:00:44Z,37
s007471,u0732,c028,web,,2026-07-28T08:03:45Z,26
s007472,u0151,c001,mobile,5.2.0,2026-07-28T08:15:00Z,10
s007473,u0171,c001,mobile,5.2.0,2026-07-28T08:21:08Z,31
s007474,u0171,c001,mobile,5.2.0,2026-07-28T08:22:02Z,31
s007475,u0238,c009,mobile,5.2.0,2026-07-28T08:29:20Z,22
s007476,u0206,c020,mobile,5.2.0,2026-07-28T08:33:42Z,24
s007477,u0206,c020,mobile,5.2.0,2026-07-28T08:33:51Z,24
s007478,u0227,c003,mobile,5.2.0,2026-07-28T08:43:28Z,11
s007479,u0227,c003,mobile,5.2.0,2026-07-28T08:44:11Z,11
s007480,u0189,c001,mobile,5.2.0,2026-07-28T08:52:01Z,28
s007481,u0560,c008,web,,2026-07-28T08:52:28Z,28
s007482,u0049,c002,web,,2026-07-28T08:58:49Z,13
s007483,u0370,c001,web,,2026-07-28T12:01:55Z,60
s007484,u0138,c003,mobile,5.2.0,2026-07-28T12:01:58Z,14
s007485,u0117,c029,mobile,5.2.0,2026-07-28T12:02:35Z,42
s007486,u0320,c033,web,,2026-07-28T12:02:54Z,34
s007487,u0759,c049,tv,,2026-07-28T12:03:57Z,50
s007488,u0042,c022,tv,,2026-07-28T12:09:47Z,46
s007489,u0644,c028,mobile,5.2.0,2026-07-28T12:09:49Z,91
s007490,u0448,c006,mobile,5.2.0,2026-07-28T12:12:18Z,15
s007491,u0010,c001,tv,,2026-07-28T12:17:21Z,58
s007492,u0665,c006,web,,2026-07-28T12:19:44Z,36
s007493,u0289,c002,mobile,5.2.0,2026-07-28T12:20:35Z,9
s007494,u0289,c002,mobile,5.2.0,2026-07-28T12:21:07Z,9
s007495,u0289,c002,mobile,5.2.0,2026-07-28T12:21:13Z,9
s007496,u0203,c022,mobile,5.2.0,2026-07-28T12:21:35Z,12
s007497,u0521,c033,mobile,5.2.0,2026-07-28T12:21:57Z,13
s007498,u0521,c033,mobile,5.2.0,2026-07-28T12:22:33Z,13
s007499,u0476,c046,tv,,2026-07-28T12:26:27Z,64
s007500,u0779,c005,tv,,2026-07-28T12:30:18Z,23
s007501,u0210,c022,tv,,2026-07-28T12:31:18Z,79
s007502,u0621,c042,tv,,2026-07-28T12:32:47Z,89
s007503,u0524,c044,mobile,5.2.0,2026-07-28T12:35:50Z,18
s007504,u0505,c045,web,,2026-07-28T12:37:41Z,26
s007505,u0106,c002,web,,2026-07-28T12:40:00Z,50
s007506,u0652,c028,web,,2026-07-28T12:41:12Z,41
s007507,u0394,c006,tv,,2026-07-28T12:41:37Z,104
s007508,u0362,c002,tv,,2026-07-28T12:42:22Z,70
s007509,u0469,c036,tv,,2026-07-28T12:45:44Z,143
s007510,u0383,c005,web,,2026-07-28T12:51:19Z,11
s007511,u0619,c007,mobile,5.2.0,2026-07-28T12:56:34Z,68
s007512,u0607,c016,mobile,5.2.0,2026-07-28T12:59:54Z,22
s007513,u0252,c008,mobile,5.2.0,2026-07-28T12:59:57Z,17
s007514,u0688,c009,mobile,5.2.0,2026-07-28T17:00:49Z,39
s007515,u0575,c015,tv,,2026-07-28T17:01:18Z,240
s007516,u0283,c009,mobile,5.2.0,2026-07-28T17:01:24Z,21
s007517,u0752,c016,tv,,2026-07-28T17:01:31Z,196
s007518,u0629,c028,mobile,5.2.0,2026-07-28T17:03:29Z,20
s007519,u0181,c021,web,,2026-07-28T17:04:13Z,35
s007520,u0118,c002,web,,2026-07-28T17:05:52Z,127
s007521,u0227,c018,mobile,5.2.0,2026-07-28T17:06:52Z,15
s007522,u0761,c009,tv,,2026-07-28T17:07:51Z,66
s007523,u0788,c043,tv,,2026-07-28T17:10:29Z,36
s007524,u0750,c032,tv,,2026-07-28T17:11:54Z,48
s007525,u0283,c011,mobile,5.2.0,2026-07-28T17:14:11Z,29
s007526,u0765,c003,tv,,2026-07-28T17:17:08Z,83
s007527,u0345,c023,web,,2026-07-28T17:20:30Z,31
s007528,u0767,c014,tv,,2026-07-28T17:21:42Z,75
s007529,u0751,c003,mobile,5.2.0,2026-07-28T17:21:54Z,4
s007530,u0501,c021,mobile,5.2.0,2026-07-28T17:22:24Z,10
s007531,u0323,c011,tv,,2026-07-28T17:22:27Z,19
s007532,u0501,c021,mobile,5.2.0,2026-07-28T17:23:17Z,10
s007533,u0684,c025,web,,2026-07-28T17:24:06Z,31
s007534,u0158,c022,web,,2026-07-28T17:24:13Z,30
s007535,u0738,c023,mobile,5.2.0,2026-07-28T17:26:22Z,65
s007536,u0711,c026,mobile,5.2.0,2026-07-28T17:27:09Z,21
s007537,u0628,c026,web,,2026-07-28T17:27:10Z,36
s007538,u0711,c026,mobile,5.2.0,2026-07-28T17:27:32Z,21
s007539,u0619,c039,mobile,5.2.0,2026-07-28T17:30:32Z,11
s007540,u0479,c060,mobile,5.2.0,2026-07-28T17:35:32Z,14
s007541,u0755,c008,tv,,2026-07-28T17:35:40Z,37
s007542,u0225,c006,mobile,5.2.0,2026-07-28T17:36:35Z,19
s007543,u0139,c003,web,,2026-07-28T17:37:14Z,41
s007544,u0596,c002,mobile,5.2.0,2026-07-28T17:38:49Z,14
s007545,u0596,c002,mobile,5.2.0,2026-07-28T17:39:12Z,14
s007546,u0596,c002,mobile,5.2.0,2026-07-28T17:39:16Z,14
s007547,u0289,c018,mobile,5.2.0,2026-07-28T17:39:46Z,41
s007548,u0189,c001,mobile,5.2.0,2026-07-28T17:39:58Z,9
s007549,u0189,c001,mobile,5.2.0,2026-07-28T17:40:19Z,9
s007550,u0289,c018,mobile,5.2.0,2026-07-28T17:40:29Z,41
s007551,u0775,c001,mobile,5.2.0,2026-07-28T17:44:55Z,27
s007552,u0737,c016,mobile,5.2.0,2026-07-28T17:47:10Z,18
s007553,u0126,c006,web,,2026-07-28T17:48:50Z,63
s007554,u0148,c032,tv,,2026-07-28T17:49:25Z,50
s007555,u0493,c046,mobile,5.2.0,2026-07-28T17:51:07Z,27
s007556,u0477,c002,tv,,2026-07-28T17:52:29Z,67
s007557,u0434,c009,mobile,5.2.0,2026-07-28T17:52:30Z,23
s007558,u0434,c009,mobile,5.2.0,2026-07-28T17:52:56Z,23
s007559,u0705,c001,mobile,5.2.0,2026-07-28T17:53:32Z,30
s007560,u0199,c017,web,,2026-07-28T17:54:14Z,47
s007561,u0151,c015,mobile,5.2.0,2026-07-28T17:54:58Z,22
s007562,u0028,c022,mobile,5.2.0,2026-07-28T17:55:02Z,23
s007563,u0151,c015,mobile,5.2.0,2026-07-28T17:55:16Z,22
s007564,u0037,c003,tv,,2026-07-28T17:56:14Z,70
s007565,u0123,c025,web,,2026-07-28T17:56:26Z,42
s007566,u0275,c019,web,,2026-07-28T17:56:47Z,100
s007567,u0563,c019,tv,,2026-07-28T17:57:13Z,25
s007568,u0076,c039,tv,,2026-07-28T19:00:06Z,91
s007569,u0351,c002,tv,,2026-07-28T19:00:45Z,71
s007570,u0236,c019,mobile,5.2.0,2026-07-28T19:01:09Z,12
s007571,u0023,c002,mobile,5.2.0,2026-07-28T19:01:37Z,19
s007572,u0588,c013,web,,2026-07-28T19:01:52Z,48
s007573,u0178,c036,web,,2026-07-28T19:02:07Z,36
s007574,u0236,c019,mobile,5.2.0,2026-07-28T19:02:08Z,12
s007575,u0322,c002,mobile,5.2.0,2026-07-28T19:02:08Z,6
s007576,u0103,c002,tv,,2026-07-28T19:03:06Z,25
s007577,u0253,c047,tv,,2026-07-28T19:03:22Z,59
s007578,u0624,c036,web,,2026-07-28T19:03:36Z,32
s007579,u0383,c020,web,,2026-07-28T19:03:43Z,69
s007580,u0126,c001,tv,,2026-07-28T19:03:48Z,75
s007581,u0666,c009,mobile,5.2.0,2026-07-28T19:03:50Z,13
s007582,u0757,c001,mobile,5.2.0,2026-07-28T19:05:28Z,14
s007583,u0066,c003,web,,2026-07-28T19:05:49Z,39
s007584,u0124,c018,mobile,5.2.0,2026-07-28T19:06:15Z,128
s007585,u0488,c006,mobile,5.2.0,2026-07-28T19:06:31Z,39
s007586,u0488,c006,mobile,5.2.0,2026-07-28T19:06:57Z,39
s007587,u0383,c001,web,,2026-07-28T19:07:15Z,59
s007588,u0615,c001,mobile,5.2.0,2026-07-28T19:08:10Z,54
s007589,u0742,c001,tv,,2026-07-28T19:09:09Z,32
s007590,u0162,c004,mobile,5.2.0,2026-07-28T19:10:18Z,12
s007591,u0307,c003,mobile,5.2.0,2026-07-28T19:10:34Z,14
s007592,u0760,c050,mobile,5.2.0,2026-07-28T19:11:29Z,8
s007593,u0575,c021,tv,,2026-07-28T19:13:01Z,61
s007594,u0206,c004,mobile,5.2.0,2026-07-28T19:13:19Z,16
s007595,u0349,c029,tv,,2026-07-28T19:13:58Z,15
s007596,u0090,c028,tv,,2026-07-28T19:14:04Z,16
s007597,u0701,c029,mobile,5.2.0,2026-07-28T19:14:05Z,20
s007598,u0179,c003,tv,,2026-07-28T19:15:01Z,104
s007599,u0297,c001,tv,,2026-07-28T19:15:28Z,39
s007600,u0160,c023,tv,,2026-07-28T19:17:44Z,81
s007601,u0398,c031,web,,2026-07-28T19:17:44Z,32
s007602,u0195,c003,web,,2026-07-28T19:18:26Z,26
s007603,u0665,c054,mobile,5.2.0,2026-07-28T19:19:06Z,34
s007604,u0333,c022,tv,,2026-07-28T19:19:25Z,65
s007605,u0021,c020,tv,,2026-07-28T19:19:28Z,169
s007606,u0027,c022,tv,,2026-07-28T19:19:45Z,79
s007607,u0265,c004,tv,,2026-07-28T19:20:27Z,11
s007608,u0671,c059,mobile,5.2.0,2026-07-28T19:21:49Z,26
s007609,u0781,c002,mobile,5.2.0,2026-07-28T19:24:37Z,42
s007610,u0183,c035,tv,,2026-07-28T19:25:50Z,29
s007611,u0313,c007,tv,,2026-07-28T19:26:12Z,96
s007612,u0645,c021,mobile,5.2.0,2026-07-28T19:26:35Z,96
s007613,u0645,c021,mobile,5.2.0,2026-07-28T19:27:19Z,96
s007614,u0656,c032,tv,,2026-07-28T19:27:34Z,44
s007615,u0588,c049,tv,,2026-07-28T19:28:03Z,68
s007616,u0060,c024,tv,,2026-07-28T19:30:44Z,81
s007617,u0096,c001,mobile,5.2.0,2026-07-28T19:31:38Z,18
s007618,u0562,c001,tv,,2026-07-28T19:34:10Z,49
s007619,u0265,c030,tv,,2026-07-28T19:35:19Z,64
s007620,u0663,c024,web,,2026-07-28T19:35:25Z,106
s007621,u0659,c041,mobile,5.2.0,2026-07-28T19:36:42Z,37
s007622,u0318,c008,tv,,2026-07-28T19:36:57Z,29
s007623,u0570,c028,mobile,5.2.0,2026-07-28T19:37:23Z,42
s007624,u0035,c006,mobile,5.2.0,2026-07-28T19:38:29Z,81
s007625,u0650,c004,mobile,5.2.0,2026-07-28T19:38:58Z,8
s007626,u0035,c006,mobile,5.2.0,2026-07-28T19:39:15Z,81
s007627,u0754,c004,mobile,5.2.0,2026-07-28T19:39:45Z,18
s007628,u0439,c049,web,,2026-07-28T19:40:29Z,32
s007629,u0266,c013,mobile,5.2.0,2026-07-28T19:42:49Z,7
s007630,u0313,c022,mobile,5.2.0,2026-07-28T19:43:16Z,14
s007631,u0586,c001,mobile,5.2.0,2026-07-28T19:43:20Z,15
s007632,u0004,c042,web,,2026-07-28T19:44:08Z,71
s007633,u0058,c005,mobile,5.2.0,2026-07-28T19:44:26Z,12
s007634,u0120,c055,tv,,2026-07-28T19:44:34Z,158
s007635,u0374,c045,web,,2026-07-28T19:45:36Z,56
s007636,u0004,c003,web,,2026-07-28T19:45:48Z,17
s007637,u0747,c048,tv,,2026-07-28T19:46:42Z,20
s007638,u0726,c002,web,,2026-07-28T19:47:10Z,17
s007639,u0225,c027,web,,2026-07-28T19:47:34Z,34
s007640,u0182,c044,web,,2026-07-28T19:47:38Z,9
s007641,u0247,c018,mobile,5.2.0,2026-07-28T19:47:59Z,42
s007642,u0187,c003,web,,2026-07-28T19:48:03Z,20
s007643,u0383,c016,web,,2026-07-28T19:48:07Z,143
s007644,u0046,c054,web,,2026-07-28T19:48:25Z,52
s007645,u0656,c024,tv,,2026-07-28T19:48:31Z,45
s007646,u0075,c002,web,,2026-07-28T19:48:58Z,56
s007647,u0310,c001,tv,,2026-07-28T19:51:26Z,18
s007648,u0591,c003,mobile,5.2.0,2026-07-28T19:52:03Z,18
s007649,u0307,c001,mobile,5.2.0,2026-07-28T19:53:17Z,13
s007650,u0209,c014,tv,,2026-07-28T19:55:14Z,38
s007651,u0777,c003,tv,,2026-07-28T19:55:50Z,34
s007652,u0262,c003,mobile,5.2.0,2026-07-28T19:56:06Z,13
s007653,u0672,c024,mobile,5.2.0,2026-07-28T19:56:55Z,23
s007654,u0672,c024,mobile,5.2.0,2026-07-28T19:56:59Z,23
s007655,u0746,c002,mobile,5.2.0,2026-07-28T19:58:02Z,20
s007656,u0110,c002,mobile,5.2.0,2026-07-28T19:58:27Z,20
s007657,u0677,c003,mobile,5.2.0,2026-07-28T19:59:04Z,26
s007658,u0663,c006,web,,2026-07-28T19:59:59Z,116
s007659,u0541,c001,tv,,2026-07-28T21:00:00Z,30
s007660,u0781,c006,mobile,5.2.0,2026-07-28T21:00:11Z,22
s007661,u0017,c017,tv,,2026-07-28T21:00:26Z,63
s007662,u0291,c001,web,,2026-07-28T21:00:28Z,33
s007663,u0318,c001,tv,,2026-07-28T21:00:42Z,76
s007664,u0199,c027,mobile,5.2.0,2026-07-28T21:00:50Z,70
s007665,u0199,c027,mobile,5.2.0,2026-07-28T21:01:26Z,70
s007666,u0199,c027,mobile,5.2.0,2026-07-28T21:01:45Z,70
s007667,u0356,c001,mobile,5.2.0,2026-07-28T21:02:19Z,28
s007668,u0575,c037,tv,,2026-07-28T21:02:23Z,84
s007669,u0479,c006,mobile,5.2.0,2026-07-28T21:02:47Z,9
s007670,u0545,c007,tv,,2026-07-28T21:04:42Z,144
s007671,u0710,c015,tv,,2026-07-28T21:05:21Z,24
s007672,u0744,c051,tv,,2026-07-28T21:05:54Z,39
s007673,u0126,c009,tv,,2026-07-28T21:06:25Z,41
s007674,u0684,c036,mobile,5.2.0,2026-07-28T21:07:24Z,21
s007675,u0204,c034,mobile,5.2.0,2026-07-28T21:07:37Z,45
s007676,u0763,c018,mobile,5.2.0,2026-07-28T21:07:52Z,24
s007677,u0314,c020,tv,,2026-07-28T21:08:10Z,43
s007678,u0409,c014,web,,2026-07-28T21:08:24Z,29
s007679,u0018,c004,mobile,5.2.0,2026-07-28T21:08:59Z,40
s007680,u0778,c003,mobile,5.2.0,2026-07-28T21:09:42Z,23
s007681,u0383,c007,web,,2026-07-28T21:09:45Z,44
s007682,u0450,c047,mobile,5.2.0,2026-07-28T21:09:55Z,17
s007683,u0478,c024,tv,,2026-07-28T21:10:36Z,38
s007684,u0778,c003,mobile,5.2.0,2026-07-28T21:10:36Z,23
s007685,u0645,c003,mobile,5.2.0,2026-07-28T21:11:09Z,22
s007686,u0645,c003,mobile,5.2.0,2026-07-28T21:11:12Z,22
s007687,u0351,c001,tv,,2026-07-28T21:12:26Z,42
s007688,u0321,c018,mobile,5.2.0,2026-07-28T21:12:39Z,29
s007689,u0609,c040,mobile,5.2.0,2026-07-28T21:13:12Z,31
s007690,u0737,c003,mobile,5.2.0,2026-07-28T21:13:19Z,12
s007691,u0331,c005,mobile,5.2.0,2026-07-28T21:13:22Z,29
s007692,u0787,c009,mobile,5.2.0,2026-07-28T21:13:36Z,15
s007693,u0049,c010,web,,2026-07-28T21:13:52Z,44
s007694,u0787,c009,mobile,5.2.0,2026-07-28T21:14:17Z,15
s007695,u0160,c010,tv,,2026-07-28T21:15:07Z,48
s007696,u0339,c001,tv,,2026-07-28T21:17:03Z,41
s007697,u0396,c001,tv,,2026-07-28T21:17:35Z,67
s007698,u0314,c001,tv,,2026-07-28T21:18:48Z,68
s007699,u0454,c051,tv,,2026-07-28T21:19:25Z,28
s007700,u0318,c001,tv,,2026-07-28T21:19:36Z,74
s007701,u0069,c002,mobile,5.2.0,2026-07-28T21:20:03Z,20
s007702,u0178,c054,web,,2026-07-28T21:20:14Z,14
s007703,u0476,c015,tv,,2026-07-28T21:20:24Z,26
s007704,u0360,c051,tv,,2026-07-28T21:20:43Z,29
s007705,u0645,c045,mobile,5.2.0,2026-07-28T21:21:05Z,33
s007706,u0525,c055,web,,2026-07-28T21:21:20Z,28
s007707,u0546,c008,web,,2026-07-28T21:21:41Z,44
s007708,u0138,c002,tv,,2026-07-28T21:22:50Z,103
s007709,u0020,c001,tv,,2026-07-28T21:23:34Z,19
s007710,u0650,c004,mobile,5.2.0,2026-07-28T21:23:44Z,11
s007711,u0650,c004,mobile,5.2.0,2026-07-28T21:24:29Z,11
s007712,u0309,c011,tv,,2026-07-28T21:25:12Z,34
s007713,u0409,c024,web,,2026-07-28T21:25:22Z,23
s007714,u0286,c002,mobile,5.2.0,2026-07-28T21:25:46Z,22
s007715,u0752,c026,tv,,2026-07-28T21:26:05Z,37
s007716,u0599,c015,tv,,2026-07-28T21:26:14Z,44
s007717,u0427,c053,mobile,5.2.0,2026-07-28T21:26:15Z,23
s007718,u0779,c010,web,,2026-07-28T21:27:05Z,38
s007719,u0274,c015,mobile,5.2.0,2026-07-28T21:27:13Z,5
s007720,u0694,c029,mobile,5.2.0,2026-07-28T21:27:15Z,67
s007721,u0323,c001,tv,,2026-07-28T21:29:23Z,37
s007722,u0570,c007,mobile,5.2.0,2026-07-28T21:29:26Z,21
s007723,u0479,c023,mobile,5.2.0,2026-07-28T21:30:03Z,9
s007724,u0279,c052,web,,2026-07-28T21:30:28Z,17
s007725,u0059,c051,tv,,2026-07-28T21:31:11Z,40
s007726,u0189,c040,mobile,5.2.0,2026-07-28T21:31:36Z,12
s007727,u0189,c040,mobile,5.2.0,2026-07-28T21:32:03Z,12
s007728,u0665,c001,mobile,5.2.0,2026-07-28T21:33:11Z,30
s007729,u0060,c016,tv,,2026-07-28T21:33:25Z,117
s007730,u0612,c003,tv,,2026-07-28T21:35:03Z,9
s007731,u0731,c001,mobile,5.2.0,2026-07-28T21:35:17Z,30
s007732,u0151,c006,mobile,5.2.0,2026-07-28T21:35:34Z,13
s007733,u0731,c001,mobile,5.2.0,2026-07-28T21:35:36Z,30
s007734,u0515,c006,tv,,2026-07-28T21:36:19Z,176
s007735,u0366,c011,mobile,5.2.0,2026-07-28T21:36:26Z,16
s007736,u0783,c046,web,,2026-07-28T21:36:28Z,25
s007737,u0472,c047,web,,2026-07-28T21:37:31Z,18
s007738,u0139,c001,web,,2026-07-28T21:38:09Z,100
s007739,u0044,c001,mobile,5.2.0,2026-07-28T21:38:23Z,7
s007740,u0155,c017,tv,,2026-07-28T21:38:55Z,37
s007741,u0699,c028,mobile,5.2.0,2026-07-28T21:38:56Z,77
s007742,u0525,c008,web,,2026-07-28T21:39:20Z,35
s007743,u0412,c002,mobile,5.2.0,2026-07-28T21:39:45Z,41
s007744,u0390,c003,mobile,5.2.0,2026-07-28T21:41:10Z,12
s007745,u0531,c010,tv,,2026-07-28T21:41:26Z,43
s007746,u0785,c028,mobile,5.2.0,2026-07-28T21:44:15Z,6
s007747,u0079,c057,tv,,2026-07-28T21:44:54Z,37
s007748,u0149,c004,tv,,2026-07-28T21:45:02Z,36
s007749,u0159,c003,mobile,5.2.0,2026-07-28T21:45:09Z,10
s007750,u0159,c003,mobile,5.2.0,2026-07-28T21:45:49Z,10
s007751,u0659,c036,mobile,5.2.0,2026-07-28T21:46:29Z,37
s007752,u0630,c001,mobile,5.2.0,2026-07-28T21:46:42Z,20
s007753,u0280,c005,web,,2026-07-28T21:49:37Z,81
s007754,u0744,c029,tv,,2026-07-28T21:51:35Z,187
s007755,u0489,c001,mobile,5.2.0,2026-07-28T21:51:42Z,9
s007756,u0489,c001,mobile,5.2.0,2026-07-28T21:52:15Z,9
s007757,u0744,c038,web,,2026-07-28T21:52:50Z,32
s007758,u0082,c054,tv,,2026-07-28T21:53:22Z,70
s007759,u0500,c001,tv,,2026-07-28T21:53:38Z,33
s007760,u0116,c011,mobile,5.2.0,2026-07-28T21:54:05Z,35
s007761,u0216,c059,mobile,5.2.0,2026-07-28T21:54:16Z,14
s007762,u0592,c015,mobile,5.2.0,2026-07-28T21:54:22Z,18
s007763,u0386,c022,mobile,5.2.0,2026-07-28T21:54:45Z,55
s007764,u0592,c015,mobile,5.2.0,2026-07-28T21:54:46Z,18
s007765,u0453,c015,mobile,5.2.0,2026-07-28T21:54:54Z,9
s007766,u0116,c011,mobile,5.2.0,2026-07-28T21:55:01Z,35
s007767,u0532,c003,web,,2026-07-28T21:56:22Z,45
s007768,u0036,c042,web,,2026-07-28T21:56:39Z,65
s007769,u0187,c042,web,,2026-07-28T21:59:17Z,61
s007770,u0427,c060,web,,2026-07-28T21:59:57Z,124
s007771,u0179,c002,mobile,5.2.0,2026-07-28T21:59:59Z,5
s007772,u0092,c008,mobile,5.2.0,2026-07-28T23:00:00Z,29
s007773,u0092,c008,mobile,5.2.0,2026-07-28T23:00:09Z,29
s007774,u0214,c043,mobile,5.2.0,2026-07-28T23:00:42Z,25
s007775,u0092,c008,mobile,5.2.0,2026-07-28T23:00:45Z,29
s007776,u0214,c043,mobile,5.2.0,2026-07-28T23:01:27Z,25
s007777,u0052,c014,web,,2026-07-28T23:02:38Z,29
s007778,u0500,c001,tv,,2026-07-28T23:04:56Z,26
s007779,u0291,c012,web,,2026-07-28T23:05:03Z,81
s007780,u0738,c006,mobile,5.2.0,2026-07-28T23:05:05Z,14
s007781,u0586,c002,tv,,2026-07-28T23:13:32Z,83
s007782,u0162,c015,mobile,5.2.0,2026-07-28T23:16:53Z,17
s007783,u0181,c003,web,,2026-07-28T23:17:14Z,42
s007784,u0041,c008,web,,2026-07-28T23:18:50Z,19
s007785,u0124,c001,tv,,2026-07-28T23:24:55Z,40
s007786,u0612,c030,tv,,2026-07-28T23:27:56Z,23
s007787,u0375,c036,tv,,2026-07-28T23:28:53Z,87
s007788,u0026,c009,mobile,5.2.0,2026-07-28T23:34:21Z,4
s007789,u0158,c027,web,,2026-07-28T23:34:22Z,32
s007790,u0026,c009,mobile,5.2.0,2026-07-28T23:34:28Z,4
s007791,u0478,c002,tv,,2026-07-28T23:35:41Z,93
s007792,u0783,c001,tv,,2026-07-28T23:41:05Z,48
s007793,u0139,c051,web,,2026-07-28T23:42:03Z,18
s007794,u0463,c007,mobile,5.2.0,2026-07-28T23:42:22Z,26
s007795,u0008,c008,mobile,5.2.0,2026-07-28T23:42:31Z,30
s007796,u0437,c015,mobile,5.2.0,2026-07-28T23:42:33Z,45
s007797,u0008,c008,mobile,5.2.0,2026-07-28T23:42:48Z,30
s007798,u0764,c004,mobile,5.2.0,2026-07-28T23:46:28Z,17
s007799,u0764,c004,mobile,5.2.0,2026-07-28T23:46:34Z,17
s007800,u0014,c060,web,,2026-07-28T23:46:54Z,81
s007801,u0658,c002,mobile,5.2.0,2026-07-28T23:48:32Z,31
s007802,u0658,c002,mobile,5.2.0,2026-07-28T23:49:04Z,31
s007803,u0004,c060,web,,2026-07-28T23:49:22Z,130
s007804,u0409,c027,web,,2026-07-28T23:51:49Z,49
s007805,u0198,c017,mobile,5.2.0,2026-07-28T23:57:13Z,25
s007806,u0198,c017,mobile,5.2.0,2026-07-28T23:57:56Z,25
s007807,u0626,c003,tv,,2026-07-28T23:58:12Z,18
s007808,u0179,c001,tv,,2026-07-28T23:59:40Z,18
s007809,u0151,c005,mobile,5.2.0,2026-07-29T08:00:58Z,33
s007810,u0466,c001,tv,,2026-07-29T08:03:27Z,26
s007811,u0286,c005,mobile,5.2.0,2026-07-29T08:03:41Z,8
s007812,u0286,c005,mobile,5.2.0,2026-07-29T08:03:44Z,8
s007813,u0674,c007,mobile,5.2.0,2026-07-29T08:10:54Z,27
s007814,u0366,c057,mobile,5.2.0,2026-07-29T08:16:06Z,12
s007815,u0594,c055,tv,,2026-07-29T08:19:39Z,77
s007816,u0788,c037,tv,,2026-07-29T08:25:07Z,31
s007817,u0229,c028,tv,,2026-07-29T08:28:52Z,19
s007818,u0601,c003,tv,,2026-07-29T08:28:53Z,66
s007819,u0541,c032,tv,,2026-07-29T08:34:30Z,45
s007820,u0033,c030,web,,2026-07-29T08:42:39Z,30
s007821,u0584,c017,mobile,5.2.0,2026-07-29T08:45:29Z,19
s007822,u0647,c049,web,,2026-07-29T08:46:15Z,25
s007823,u0178,c051,web,,2026-07-29T08:47:07Z,51
s007824,u0442,c004,tv,,2026-07-29T08:50:27Z,46
s007825,u0253,c029,web,,2026-07-29T12:02:35Z,56
s007826,u0017,c007,tv,,2026-07-29T12:03:04Z,115
s007827,u0189,c024,mobile,5.2.0,2026-07-29T12:04:14Z,23
s007828,u0151,c003,mobile,5.2.0,2026-07-29T12:05:22Z,16
s007829,u0780,c017,tv,,2026-07-29T12:06:25Z,95
s007830,u0446,c002,mobile,5.2.0,2026-07-29T12:07:17Z,20
s007831,u0216,c034,mobile,5.2.0,2026-07-29T12:15:09Z,7
s007832,u0638,c006,web,,2026-07-29T12:16:46Z,14
s007833,u0238,c001,web,,2026-07-29T12:18:12Z,145
s007834,u0426,c057,mobile,5.2.0,2026-07-29T12:20:58Z,57
s007835,u0669,c031,mobile,5.2.0,2026-07-29T12:23:05Z,16
s007836,u0669,c031,mobile,5.2.0,2026-07-29T12:23:28Z,16
s007837,u0797,c001,mobile,5.2.0,2026-07-29T12:25:40Z,31
s007838,u0574,c030,mobile,5.2.0,2026-07-29T12:26:14Z,7
s007839,u0766,c005,mobile,5.2.0,2026-07-29T12:26:50Z,12
s007840,u0570,c012,mobile,5.2.0,2026-07-29T12:28:46Z,24
s007841,u0247,c060,tv,,2026-07-29T12:28:49Z,41
s007842,u0300,c002,mobile,5.2.0,2026-07-29T12:32:17Z,19
s007843,u0027,c031,tv,,2026-07-29T12:33:04Z,12
s007844,u0300,c002,mobile,5.2.0,2026-07-29T12:33:16Z,19
s007845,u0300,c002,mobile,5.2.0,2026-07-29T12:34:11Z,19
s007846,u0156,c017,tv,,2026-07-29T12:35:41Z,68
s007847,u0313,c004,tv,,2026-07-29T12:38:15Z,34
s007848,u0234,c001,mobile,5.2.0,2026-07-29T12:42:36Z,13
s007849,u0234,c001,mobile,5.2.0,2026-07-29T12:43:28Z,13
s007850,u0096,c057,mobile,5.2.0,2026-07-29T12:43:54Z,41
s007851,u0459,c004,mobile,5.2.0,2026-07-29T12:46:53Z,32
s007852,u0321,c040,web,,2026-07-29T12:49:56Z,35
s007853,u0460,c021,mobile,5.2.0,2026-07-29T12:49:59Z,21
s007854,u0477,c046,web,,2026-07-29T12:50:54Z,45
s007855,u0687,c005,web,,2026-07-29T12:51:12Z,92
s007856,u0530,c003,mobile,5.2.0,2026-07-29T12:54:19Z,12
s007857,u0530,c003,mobile,5.2.0,2026-07-29T12:54:56Z,12
s007858,u0149,c002,tv,,2026-07-29T12:55:03Z,25
s007859,u0472,c003,mobile,5.2.0,2026-07-29T12:55:10Z,39
s007860,u0472,c003,mobile,5.2.0,2026-07-29T12:55:22Z,39
s007861,u0338,c005,tv,,2026-07-29T12:55:34Z,87
s007862,u0396,c008,tv,,2026-07-29T12:57:06Z,42
s007863,u0655,c010,mobile,5.2.0,2026-07-29T17:01:10Z,13
s007864,u0453,c012,mobile,5.2.0,2026-07-29T17:01:11Z,19
s007865,u0453,c012,mobile,5.2.0,2026-07-29T17:01:39Z,19
s007866,u0453,c012,mobile,5.2.0,2026-07-29T17:02:19Z,19
s007867,u0308,c028,web,,2026-07-29T17:02:58Z,33
s007868,u0568,c005,mobile,5.2.0,2026-07-29T17:03:00Z,57
s007869,u0568,c005,mobile,5.2.0,2026-07-29T17:03:23Z,57
s007870,u0307,c023,web,,2026-07-29T17:03:56Z,45
s007871,u0625,c003,web,,2026-07-29T17:04:51Z,18
s007872,u0482,c055,web,,2026-07-29T17:05:53Z,28
s007873,u0247,c002,mobile,5.2.0,2026-07-29T17:05:55Z,7
s007874,u0677,c015,mobile,5.2.0,2026-07-29T17:09:38Z,17
s007875,u0185,c023,mobile,5.2.0,2026-07-29T17:16:42Z,14
s007876,u0225,c013,web,,2026-07-29T17:18:24Z,70
s007877,u0791,c001,mobile,5.2.0,2026-07-29T17:18:35Z,15
s007878,u0744,c001,tv,,2026-07-29T17:20:44Z,61
s007879,u0625,c001,tv,,2026-07-29T17:20:54Z,110
s007880,u0635,c002,web,,2026-07-29T17:21:44Z,90
s007881,u0354,c001,mobile,5.2.0,2026-07-29T17:22:06Z,64
s007882,u0607,c002,tv,,2026-07-29T17:23:31Z,44
s007883,u0429,c006,tv,,2026-07-29T17:25:27Z,83
s007884,u0444,c020,web,,2026-07-29T17:25:55Z,13
s007885,u0253,c015,mobile,5.2.0,2026-07-29T17:30:03Z,17
s007886,u0748,c004,mobile,5.2.0,2026-07-29T17:30:26Z,51
s007887,u0525,c022,web,,2026-07-29T17:31:35Z,35
s007888,u0090,c040,tv,,2026-07-29T17:32:06Z,31
s007889,u0170,c012,mobile,5.2.0,2026-07-29T17:32:43Z,7
s007890,u0310,c004,tv,,2026-07-29T17:33:15Z,70
s007891,u0630,c002,tv,,2026-07-29T17:34:21Z,54
s007892,u0277,c052,mobile,5.2.0,2026-07-29T17:39:27Z,11
s007893,u0528,c032,mobile,5.2.0,2026-07-29T17:41:15Z,19
s007894,u0511,c001,tv,,2026-07-29T17:41:32Z,20
s007895,u0577,c018,tv,,2026-07-29T17:42:02Z,31
s007896,u0226,c001,mobile,5.2.0,2026-07-29T17:42:18Z,23
s007897,u0596,c029,mobile,5.2.0,2026-07-29T17:42:45Z,18
s007898,u0077,c001,mobile,5.2.0,2026-07-29T17:42:55Z,15
s007899,u0058,c056,tv,,2026-07-29T17:45:21Z,85
s007900,u0601,c015,tv,,2026-07-29T17:46:18Z,28
s007901,u0279,c031,web,,2026-07-29T17:48:53Z,18
s007902,u0035,c035,web,,2026-07-29T17:49:29Z,48
s007903,u0076,c010,tv,,2026-07-29T17:52:19Z,37
s007904,u0376,c007,tv,,2026-07-29T17:53:03Z,126
s007905,u0303,c015,mobile,5.2.0,2026-07-29T17:53:11Z,18
s007906,u0303,c015,mobile,5.2.0,2026-07-29T17:54:07Z,18
s007907,u0303,c015,mobile,5.2.0,2026-07-29T17:54:15Z,18
s007908,u0677,c029,web,,2026-07-29T17:54:32Z,22
s007909,u0595,c005,web,,2026-07-29T17:55:16Z,40
s007910,u0638,c003,web,,2026-07-29T17:59:16Z,31
s007911,u0170,c009,tv,,2026-07-29T19:00:31Z,40
s007912,u0222,c050,mobile,5.2.0,2026-07-29T19:00:42Z,10
s007913,u0434,c001,mobile,5.2.0,2026-07-29T19:00:47Z,9
s007914,u0488,c006,mobile,5.2.0,2026-07-29T19:01:04Z,78
s007915,u0247,c040,mobile,5.2.0,2026-07-29T19:01:42Z,11
s007916,u0126,c004,tv,,2026-07-29T19:02:06Z,99
s007917,u0138,c021,mobile,5.2.0,2026-07-29T19:03:35Z,17
s007918,u0747,c009,web,,2026-07-29T19:04:27Z,74
s007919,u0619,c058,tv,,2026-07-29T19:04:31Z,93
s007920,u0752,c041,tv,,2026-07-29T19:05:58Z,76
s007921,u0604,c025,tv,,2026-07-29T19:06:20Z,134
s007922,u0476,c016,tv,,2026-07-29T19:07:08Z,14
s007923,u0035,c002,web,,2026-07-29T19:07:17Z,28
s007924,u0601,c035,tv,,2026-07-29T19:08:31Z,199
s007925,u0313,c018,web,,2026-07-29T19:09:05Z,28
s007926,u0600,c003,web,,2026-07-29T19:09:42Z,39
s007927,u0702,c002,tv,,2026-07-29T19:10:45Z,48
s007928,u0164,c028,tv,,2026-07-29T19:11:39Z,31
s007929,u0122,c001,web,,2026-07-29T19:12:16Z,31
s007930,u0030,c017,web,,2026-07-29T19:12:35Z,33
s007931,u0175,c035,web,,2026-07-29T19:14:05Z,33
s007932,u0669,c002,mobile,5.2.0,2026-07-29T19:14:16Z,14
s007933,u0771,c001,tv,,2026-07-29T19:15:41Z,76
s007934,u0659,c006,web,,2026-07-29T19:16:01Z,41
s007935,u0309,c004,tv,,2026-07-29T19:16:32Z,39
s007936,u0286,c005,mobile,5.2.0,2026-07-29T19:16:48Z,6
s007937,u0286,c005,mobile,5.2.0,2026-07-29T19:17:11Z,6
s007938,u0725,c031,mobile,5.2.0,2026-07-29T19:18:41Z,45
s007939,u0704,c023,tv,,2026-07-29T19:19:42Z,133
s007940,u0266,c011,mobile,5.2.0,2026-07-29T19:19:50Z,11
s007941,u0266,c011,mobile,5.2.0,2026-07-29T19:20:35Z,11
s007942,u0170,c009,mobile,5.2.0,2026-07-29T19:21:39Z,27
s007943,u0170,c009,mobile,5.2.0,2026-07-29T19:22:07Z,27
s007944,u0122,c005,tv,,2026-07-29T19:22:37Z,56
s007945,u0601,c005,mobile,5.2.0,2026-07-29T19:22:39Z,10
s007946,u0170,c009,mobile,5.2.0,2026-07-29T19:22:41Z,27
s007947,u0699,c018,mobile,5.2.0,2026-07-29T19:23:11Z,18
s007948,u0752,c012,tv,,2026-07-29T19:23:50Z,103
s007949,u0536,c010,mobile,5.2.0,2026-07-29T19:24:40Z,27
s007950,u0160,c010,tv,,2026-07-29T19:24:55Z,64
s007951,u0008,c034,mobile,5.2.0,2026-07-29T19:26:39Z,14
s007952,u0156,c026,tv,,2026-07-29T19:26:40Z,22
s007953,u0008,c034,mobile,5.2.0,2026-07-29T19:27:22Z,14
s007954,u0247,c032,mobile,5.2.0,2026-07-29T19:27:35Z,17
s007955,u0008,c034,mobile,5.2.0,2026-07-29T19:27:39Z,14
s007956,u0247,c032,mobile,5.2.0,2026-07-29T19:27:50Z,17
s007957,u0247,c032,mobile,5.2.0,2026-07-29T19:28:21Z,17
s007958,u0339,c030,tv,,2026-07-29T19:28:23Z,33
s007959,u0525,c036,tv,,2026-07-29T19:28:25Z,81
s007960,u0117,c030,mobile,5.2.0,2026-07-29T19:28:42Z,27
s007961,u0117,c030,mobile,5.2.0,2026-07-29T19:29:19Z,27
s007962,u0524,c002,mobile,5.2.0,2026-07-29T19:29:20Z,11
s007963,u0480,c005,web,,2026-07-29T19:29:29Z,98
s007964,u0359,c001,mobile,5.2.0,2026-07-29T19:29:31Z,10
s007965,u0368,c017,mobile,5.2.0,2026-07-29T19:29:34Z,18
s007966,u0518,c027,mobile,5.2.0,2026-07-29T19:30:30Z,15
s007967,u0335,c009,tv,,2026-07-29T19:30:45Z,35
s007968,u0294,c002,mobile,5.2.0,2026-07-29T19:31:53Z,26
s007969,u0652,c016,web,,2026-07-29T19:32:07Z,18
s007970,u0195,c032,web,,2026-07-29T19:32:38Z,52
s007971,u0294,c002,mobile,5.2.0,2026-07-29T19:32:39Z,26
s007972,u0247,c006,mobile,5.2.0,2026-07-29T19:33:23Z,26
s007973,u0780,c013,web,,2026-07-29T19:33:45Z,29
s007974,u0075,c001,mobile,5.2.0,2026-07-29T19:34:02Z,58
s007975,u0564,c001,web,,2026-07-29T19:35:49Z,20
s007976,u0313,c009,tv,,2026-07-29T19:36:26Z,76
s007977,u0741,c005,tv,,2026-07-29T19:36:48Z,96
s007978,u0172,c048,web,,2026-07-29T19:36:55Z,45
s007979,u0580,c005,mobile,5.2.0,2026-07-29T19:37:41Z,26
s007980,u0467,c001,tv,,2026-07-29T19:37:51Z,240
s007981,u0003,c051,mobile,5.2.0,2026-07-29T19:38:58Z,79
s007982,u0216,c033,mobile,5.2.0,2026-07-29T19:40:33Z,20
s007983,u0525,c002,web,,2026-07-29T19:40:58Z,56
s007984,u0512,c021,mobile,5.2.0,2026-07-29T19:41:13Z,26
s007985,u0497,c007,mobile,5.2.0,2026-07-29T19:41:36Z,54
s007986,u0497,c007,mobile,5.2.0,2026-07-29T19:42:18Z,54
s007987,u0663,c019,web,,2026-07-29T19:42:19Z,62
s007988,u0497,c007,mobile,5.2.0,2026-07-29T19:42:34Z,54
s007989,u0797,c005,tv,,2026-07-29T19:42:42Z,46
s007990,u0257,c042,mobile,5.2.0,2026-07-29T19:42:53Z,38
s007991,u0118,c031,web,,2026-07-29T19:43:12Z,88
s007992,u0516,c012,mobile,5.2.0,2026-07-29T19:43:47Z,6
s007993,u0049,c037,web,,2026-07-29T19:44:54Z,7
s007994,u0247,c001,mobile,5.2.0,2026-07-29T19:45:02Z,27
s007995,u0385,c004,web,,2026-07-29T19:45:15Z,18
s007996,u0238,c039,web,,2026-07-29T19:45:29Z,28
s007997,u0675,c015,tv,,2026-07-29T19:46:01Z,31
s007998,u0684,c005,web,,2026-07-29T19:48:32Z,19
s007999,u0151,c003,mobile,5.2.0,2026-07-29T19:48:53Z,16
s008000,u0628,c001,tv,,2026-07-29T19:49:20Z,25
s008001,u0562,c041,tv,,2026-07-29T19:51:19Z,11
s008002,u0658,c002,mobile,5.2.0,2026-07-29T19:52:52Z,28
s008003,u0359,c001,mobile,5.2.0,2026-07-29T19:53:08Z,4
s008004,u0513,c037,tv,,2026-07-29T19:54:27Z,123
s008005,u0706,c038,web,,2026-07-29T19:55:08Z,13
s008006,u0346,c008,tv,,2026-07-29T19:55:39Z,80
s008007,u0244,c027,mobile,5.2.0,2026-07-29T19:56:31Z,31
s008008,u0499,c007,web,,2026-07-29T19:56:35Z,54
s008009,u0226,c001,mobile,5.2.0,2026-07-29T19:57:30Z,10
s008010,u0226,c001,mobile,5.2.0,2026-07-29T19:57:53Z,10
s008011,u0428,c001,tv,,2026-07-29T19:58:18Z,74
s008012,u0082,c030,mobile,5.2.0,2026-07-29T19:59:01Z,13
s008013,u0287,c006,mobile,5.2.0,2026-07-29T19:59:09Z,54
s008014,u0396,c017,tv,,2026-07-29T19:59:22Z,240
s008015,u0679,c041,mobile,5.2.0,2026-07-29T21:01:39Z,39
s008016,u0076,c032,tv,,2026-07-29T21:02:33Z,136
s008017,u0447,c005,mobile,5.2.0,2026-07-29T21:04:23Z,11
s008018,u0128,c037,tv,,2026-07-29T21:05:13Z,64
s008019,u0340,c032,tv,,2026-07-29T21:05:48Z,16
s008020,u0459,c001,mobile,5.2.0,2026-07-29T21:07:43Z,16
s008021,u0459,c001,mobile,5.2.0,2026-07-29T21:07:54Z,16
s008022,u0499,c006,web,,2026-07-29T21:08:08Z,91
s008023,u0527,c007,tv,,2026-07-29T21:08:15Z,112
s008024,u0120,c001,tv,,2026-07-29T21:09:00Z,112
s008025,u0222,c018,mobile,5.2.0,2026-07-29T21:09:25Z,11
s008026,u0505,c011,mobile,5.2.0,2026-07-29T21:10:04Z,52
s008027,u0503,c001,mobile,5.2.0,2026-07-29T21:10:48Z,85
s008028,u0791,c011,mobile,5.2.0,2026-07-29T21:11:08Z,34
s008029,u0148,c001,tv,,2026-07-29T21:11:24Z,31
s008030,u0390,c005,web,,2026-07-29T21:13:47Z,20
s008031,u0162,c025,mobile,5.2.0,2026-07-29T21:14:20Z,17
s008032,u0422,c001,mobile,5.2.0,2026-07-29T21:15:02Z,12
s008033,u0410,c001,tv,,2026-07-29T21:15:17Z,53
s008034,u0422,c001,mobile,5.2.0,2026-07-29T21:15:41Z,12
s008035,u0307,c043,mobile,5.2.0,2026-07-29T21:16:25Z,9
s008036,u0601,c033,tv,,2026-07-29T21:20:23Z,71
s008037,u0105,c010,web,,2026-07-29T21:21:02Z,34
s008038,u0031,c003,mobile,5.2.0,2026-07-29T21:21:13Z,21
s008039,u0447,c031,mobile,5.2.0,2026-07-29T21:21:30Z,12
s008040,u0776,c015,mobile,5.2.0,2026-07-29T21:21:31Z,26
s008041,u0654,c016,web,,2026-07-29T21:21:39Z,42
s008042,u0468,c036,tv,,2026-07-29T21:22:21Z,47
s008043,u0633,c014,tv,,2026-07-29T21:22:27Z,49
s008044,u0175,c008,web,,2026-07-29T21:23:18Z,45
s008045,u0618,c005,tv,,2026-07-29T21:24:28Z,48
s008046,u0528,c003,mobile,5.2.0,2026-07-29T21:24:48Z,24
s008047,u0307,c043,mobile,5.2.0,2026-07-29T21:25:02Z,51
s008048,u0223,c022,tv,,2026-07-29T21:26:49Z,52
s008049,u0468,c041,tv,,2026-07-29T21:27:46Z,95
s008050,u0618,c014,tv,,2026-07-29T21:28:31Z,113
s008051,u0766,c004,web,,2026-07-29T21:29:36Z,62
s008052,u0562,c002,tv,,2026-07-29T21:29:38Z,61
s008053,u0065,c033,mobile,5.2.0,2026-07-29T21:30:01Z,28
s008054,u0619,c030,mobile,5.2.0,2026-07-29T21:30:59Z,28
s008055,u0444,c005,web,,2026-07-29T21:31:07Z,15
s008056,u0288,c058,web,,2026-07-29T21:31:40Z,34
s008057,u0198,c055,mobile,5.2.0,2026-07-29T21:31:53Z,71
s008058,u0307,c012,mobile,5.2.0,2026-07-29T21:32:08Z,18
s008059,u0710,c019,tv,,2026-07-29T21:32:09Z,36
s008060,u0307,c012,mobile,5.2.0,2026-07-29T21:32:17Z,18
s008061,u0215,c015,tv,,2026-07-29T21:32:59Z,66
s008062,u0293,c013,mobile,5.2.0,2026-07-29T21:33:21Z,40
s008063,u0293,c013,mobile,5.2.0,2026-07-29T21:33:24Z,40
s008064,u0344,c006,web,,2026-07-29T21:36:56Z,17
s008065,u0717,c001,web,,2026-07-29T21:36:57Z,23
s008066,u0604,c003,mobile,5.2.0,2026-07-29T21:37:08Z,12
s008067,u0463,c033,mobile,5.2.0,2026-07-29T21:37:15Z,20
s008068,u0463,c033,mobile,5.2.0,2026-07-29T21:37:51Z,20
s008069,u0391,c003,web,,2026-07-29T21:40:49Z,30
s008070,u0677,c050,mobile,5.2.0,2026-07-29T21:41:46Z,20
s008071,u0525,c001,tv,,2026-07-29T21:42:32Z,23
s008072,u0714,c013,mobile,5.2.0,2026-07-29T21:42:59Z,16
s008073,u0491,c005,web,,2026-07-29T21:44:18Z,16
s008074,u0069,c005,web,,2026-07-29T21:46:04Z,109
s008075,u0659,c029,web,,2026-07-29T21:46:58Z,130
s008076,u0072,c024,mobile,5.2.0,2026-07-29T21:47:03Z,14
s008077,u0664,c002,mobile,5.2.0,2026-07-29T21:47:55Z,20
s008078,u0775,c001,mobile,5.2.0,2026-07-29T21:48:30Z,47
s008079,u0775,c001,mobile,5.2.0,2026-07-29T21:48:45Z,47
s008080,u0527,c001,mobile,5.2.0,2026-07-29T21:51:06Z,32
s008081,u0109,c009,mobile,5.2.0,2026-07-29T21:53:21Z,9
s008082,u0109,c009,mobile,5.2.0,2026-07-29T21:54:13Z,9
s008083,u0683,c044,mobile,5.2.0,2026-07-29T21:54:14Z,20
s008084,u0230,c009,mobile,5.2.0,2026-07-29T21:54:22Z,33
s008085,u0683,c044,mobile,5.2.0,2026-07-29T21:54:28Z,20
s008086,u0683,c044,mobile,5.2.0,2026-07-29T21:54:32Z,20
s008087,u0230,c009,mobile,5.2.0,2026-07-29T21:54:35Z,33
s008088,u0230,c009,mobile,5.2.0,2026-07-29T21:54:45Z,33
s008089,u0007,c025,mobile,5.2.0,2026-07-29T21:55:24Z,27
s008090,u0028,c005,mobile,5.2.0,2026-07-29T21:55:58Z,15
s008091,u0468,c008,tv,,2026-07-29T21:55:58Z,51
s008092,u0066,c008,mobile,5.2.0,2026-07-29T21:56:38Z,13
s008093,u0146,c011,mobile,5.2.0,2026-07-29T21:57:10Z,5
s008094,u0564,c032,web,,2026-07-29T21:57:20Z,38
s008095,u0601,c002,tv,,2026-07-29T21:57:55Z,56
s008096,u0288,c010,web,,2026-07-29T21:58:06Z,38
s008097,u0146,c007,mobile,5.2.0,2026-07-29T21:58:30Z,30
s008098,u0738,c008,mobile,5.2.0,2026-07-29T21:58:36Z,5
s008099,u0146,c007,mobile,5.2.0,2026-07-29T21:58:44Z,30
s008100,u0146,c007,mobile,5.2.0,2026-07-29T21:59:17Z,30
s008101,u0434,c011,mobile,5.2.0,2026-07-29T23:01:20Z,15
s008102,u0360,c029,tv,,2026-07-29T23:01:24Z,62
s008103,u0432,c001,tv,,2026-07-29T23:02:12Z,54
s008104,u0786,c036,tv,,2026-07-29T23:02:16Z,87
s008105,u0217,c003,tv,,2026-07-29T23:02:24Z,54
s008106,u0307,c011,mobile,5.2.0,2026-07-29T23:03:26Z,8
s008107,u0307,c011,mobile,5.2.0,2026-07-29T23:04:25Z,8
s008108,u0106,c010,mobile,5.2.0,2026-07-29T23:06:23Z,85
s008109,u0278,c001,mobile,5.2.0,2026-07-29T23:08:35Z,29
s008110,u0278,c001,mobile,5.2.0,2026-07-29T23:09:02Z,29
s008111,u0176,c013,web,,2026-07-29T23:15:55Z,60
s008112,u0689,c015,tv,,2026-07-29T23:23:38Z,76
s008113,u0512,c014,mobile,5.2.0,2026-07-29T23:25:32Z,194
s008114,u0109,c001,mobile,5.2.0,2026-07-29T23:25:53Z,12
s008115,u0666,c043,mobile,5.2.0,2026-07-29T23:29:04Z,26
s008116,u0666,c043,mobile,5.2.0,2026-07-29T23:29:40Z,26
s008117,u0737,c004,mobile,5.2.0,2026-07-29T23:32:09Z,13
s008118,u0246,c001,tv,,2026-07-29T23:32:30Z,121
s008119,u0137,c040,tv,,2026-07-29T23:33:46Z,28
s008120,u0528,c001,tv,,2026-07-29T23:34:53Z,50
s008121,u0460,c002,mobile,5.2.0,2026-07-29T23:42:39Z,14
s008122,u0383,c007,web,,2026-07-29T23:42:54Z,34
s008123,u0049,c014,web,,2026-07-29T23:48:29Z,4
s008124,u0271,c017,web,,2026-07-29T23:48:39Z,76
s008125,u0773,c027,mobile,5.2.0,2026-07-29T23:54:51Z,6
s008126,u0773,c027,mobile,5.2.0,2026-07-29T23:55:42Z,6
s008127,u0673,c004,mobile,5.2.0,2026-07-29T23:56:12Z,11
s008128,u0499,c054,web,,2026-07-29T23:56:59Z,51
s008129,u0265,c002,tv,,2026-07-30T08:01:54Z,51
s008130,u0183,c006,tv,,2026-07-30T08:06:50Z,108
s008131,u0718,c001,mobile,5.2.0,2026-07-30T08:10:41Z,16
s008132,u0124,c002,mobile,5.2.0,2026-07-30T08:12:20Z,38
s008133,u0654,c034,web,,2026-07-30T08:13:28Z,22
s008134,u0328,c028,mobile,5.2.0,2026-07-30T08:14:34Z,6
s008135,u0328,c028,mobile,5.2.0,2026-07-30T08:15:27Z,6
s008136,u0612,c030,tv,,2026-07-30T08:21:12Z,54
s008137,u0601,c001,tv,,2026-07-30T08:22:00Z,84
s008138,u0409,c005,tv,,2026-07-30T08:25:04Z,27
s008139,u0577,c001,tv,,2026-07-30T08:25:47Z,67
s008140,u0442,c008,tv,,2026-07-30T08:27:56Z,77
s008141,u0106,c005,web,,2026-07-30T08:34:34Z,18
s008142,u0204,c001,mobile,5.2.0,2026-07-30T08:36:24Z,24
s008143,u0054,c019,web,,2026-07-30T08:37:09Z,61
s008144,u0414,c060,mobile,5.2.0,2026-07-30T08:39:42Z,14
s008145,u0199,c006,web,,2026-07-30T08:48:57Z,30
s008146,u0779,c030,web,,2026-07-30T08:53:24Z,38
s008147,u0200,c007,mobile,5.2.0,2026-07-30T08:55:02Z,18
s008148,u0051,c057,tv,,2026-07-30T08:56:38Z,36
s008149,u0298,c002,web,,2026-07-30T12:02:49Z,20
s008150,u0023,c005,mobile,5.2.0,2026-07-30T12:04:09Z,9
s008151,u0570,c004,mobile,5.2.0,2026-07-30T12:04:51Z,12
s008152,u0502,c004,tv,,2026-07-30T12:09:00Z,67
s008153,u0201,c057,tv,,2026-07-30T12:09:39Z,102
s008154,u0726,c035,web,,2026-07-30T12:12:45Z,10
s008155,u0286,c043,tv,,2026-07-30T12:14:09Z,67
s008156,u0037,c001,web,,2026-07-30T12:18:19Z,24
s008157,u0624,c011,web,,2026-07-30T12:18:41Z,22
s008158,u0752,c015,tv,,2026-07-30T12:22:06Z,156
s008159,u0092,c010,mobile,5.2.0,2026-07-30T12:24:49Z,42
s008160,u0092,c010,mobile,5.2.0,2026-07-30T12:25:17Z,42
s008161,u0027,c055,tv,,2026-07-30T12:26:05Z,26
s008162,u0369,c004,mobile,5.2.0,2026-07-30T12:26:29Z,18
s008163,u0020,c007,mobile,5.2.0,2026-07-30T12:26:46Z,20
s008164,u0020,c007,mobile,5.2.0,2026-07-30T12:26:52Z,20
s008165,u0020,c007,mobile,5.2.0,2026-07-30T12:27:05Z,20
s008166,u0400,c004,mobile,5.2.0,2026-07-30T12:27:08Z,29
s008167,u0588,c053,mobile,5.2.0,2026-07-30T12:28:22Z,94
s008168,u0085,c002,mobile,5.2.0,2026-07-30T12:30:22Z,23
s008169,u0673,c027,mobile,5.2.0,2026-07-30T12:31:17Z,10
s008170,u0038,c005,tv,,2026-07-30T12:32:38Z,122
s008171,u0178,c011,web,,2026-07-30T12:40:52Z,59
s008172,u0707,c006,mobile,5.2.0,2026-07-30T12:43:14Z,27
s008173,u0635,c005,web,,2026-07-30T12:44:22Z,76
s008174,u0711,c002,mobile,5.2.0,2026-07-30T12:45:27Z,18
s008175,u0049,c005,web,,2026-07-30T12:47:06Z,44
s008176,u0663,c001,web,,2026-07-30T12:54:20Z,124
s008177,u0229,c015,tv,,2026-07-30T12:57:04Z,24
s008178,u0688,c006,mobile,5.2.0,2026-07-30T17:01:59Z,35
s008179,u0540,c002,tv,,2026-07-30T17:02:39Z,9
s008180,u0410,c033,web,,2026-07-30T17:03:02Z,18
s008181,u0164,c001,tv,,2026-07-30T17:04:15Z,31
s008182,u0061,c005,tv,,2026-07-30T17:04:40Z,75
s008183,u0202,c015,tv,,2026-07-30T17:07:10Z,192
s008184,u0533,c001,web,,2026-07-30T17:08:04Z,22
s008185,u0634,c050,tv,,2026-07-30T17:13:13Z,16
s008186,u0362,c008,tv,,2026-07-30T17:13:27Z,185
s008187,u0121,c043,tv,,2026-07-30T17:15:24Z,32
s008188,u0307,c035,tv,,2026-07-30T17:17:22Z,132
s008189,u0201,c002,tv,,2026-07-30T17:18:03Z,66
s008190,u0164,c001,tv,,2026-07-30T17:18:36Z,55
s008191,u0584,c003,web,,2026-07-30T17:20:12Z,40
s008192,u0189,c020,mobile,5.2.0,2026-07-30T17:20:51Z,21
s008193,u0022,c003,mobile,5.2.0,2026-07-30T17:21:36Z,12
s008194,u0022,c003,mobile,5.2.0,2026-07-30T17:22:18Z,12
s008195,u0191,c040,web,,2026-07-30T17:27:26Z,27
s008196,u0752,c021,tv,,2026-07-30T17:28:32Z,142
s008197,u0057,c036,mobile,5.2.0,2026-07-30T17:31:59Z,56
s008198,u0025,c013,mobile,5.2.0,2026-07-30T17:36:44Z,35
s008199,u0027,c003,mobile,5.2.0,2026-07-30T17:36:46Z,36
s008200,u0027,c003,mobile,5.2.0,2026-07-30T17:37:24Z,36
s008201,u0138,c007,web,,2026-07-30T17:42:37Z,15
s008202,u0624,c025,mobile,5.2.0,2026-07-30T17:42:38Z,8
s008203,u0147,c029,tv,,2026-07-30T17:43:41Z,46
s008204,u0464,c035,tv,,2026-07-30T17:47:51Z,26
s008205,u0249,c004,tv,,2026-07-30T17:49:14Z,112
s008206,u0764,c001,mobile,5.2.0,2026-07-30T17:52:37Z,34
s008207,u0307,c028,mobile,5.2.0,2026-07-30T17:53:19Z,21
s008208,u0151,c002,mobile,5.2.0,2026-07-30T17:53:39Z,18
s008209,u0307,c028,mobile,5.2.0,2026-07-30T17:54:01Z,21
s008210,u0171,c060,tv,,2026-07-30T17:54:16Z,46
s008211,u0151,c002,mobile,5.2.0,2026-07-30T17:54:23Z,18
s008212,u0019,c001,mobile,5.2.0,2026-07-30T19:01:14Z,11
s008213,u0623,c057,web,,2026-07-30T19:01:23Z,21
s008214,u0395,c030,tv,,2026-07-30T19:01:37Z,124
s008215,u0042,c042,tv,,2026-07-30T19:01:46Z,37
s008216,u0612,c035,tv,,2026-07-30T19:02:20Z,28
s008217,u0072,c010,tv,,2026-07-30T19:02:33Z,47
s008218,u0491,c004,web,,2026-07-30T19:03:02Z,80
s008219,u0626,c003,mobile,5.2.0,2026-07-30T19:03:33Z,16
s008220,u0626,c003,mobile,5.2.0,2026-07-30T19:04:17Z,16
s008221,u0761,c001,tv,,2026-07-30T19:04:55Z,100
s008222,u0373,c022,web,,2026-07-30T19:05:17Z,42
s008223,u0577,c002,tv,,2026-07-30T19:05:26Z,61
s008224,u0462,c017,mobile,5.2.0,2026-07-30T19:05:31Z,41
s008225,u0786,c014,tv,,2026-07-30T19:06:00Z,160
s008226,u0562,c041,tv,,2026-07-30T19:06:14Z,29
s008227,u0644,c004,mobile,5.2.0,2026-07-30T19:07:03Z,11
s008228,u0001,c026,tv,,2026-07-30T19:07:08Z,72
s008229,u0568,c010,mobile,5.2.0,2026-07-30T19:08:06Z,32
s008230,u0568,c010,mobile,5.2.0,2026-07-30T19:08:09Z,32
s008231,u0704,c012,tv,,2026-07-30T19:08:20Z,53
s008232,u0209,c001,tv,,2026-07-30T19:08:55Z,58
s008233,u0780,c007,tv,,2026-07-30T19:09:05Z,21
s008234,u0545,c005,tv,,2026-07-30T19:09:50Z,22
s008235,u0349,c017,mobile,5.2.0,2026-07-30T19:09:58Z,62
s008236,u0695,c014,web,,2026-07-30T19:10:56Z,63
s008237,u0381,c006,mobile,5.2.0,2026-07-30T19:11:15Z,31
s008238,u0253,c027,tv,,2026-07-30T19:11:21Z,46
s008239,u0460,c016,mobile,5.2.0,2026-07-30T19:12:37Z,27
s008240,u0480,c036,mobile,5.2.0,2026-07-30T19:12:53Z,23
s008241,u0460,c016,mobile,5.2.0,2026-07-30T19:13:17Z,27
s008242,u0441,c002,tv,,2026-07-30T19:14:09Z,55
s008243,u0146,c060,mobile,5.2.0,2026-07-30T19:16:13Z,78
s008244,u0169,c001,web,,2026-07-30T19:16:47Z,52
s008245,u0247,c058,mobile,5.2.0,2026-07-30T19:18:06Z,54
s008246,u0769,c044,web,,2026-07-30T19:19:19Z,71
s008247,u0370,c009,mobile,5.2.0,2026-07-30T19:20:03Z,49
s008248,u0059,c004,web,,2026-07-30T19:20:08Z,27
s008249,u0535,c002,tv,,2026-07-30T19:21:47Z,71
s008250,u0451,c003,mobile,5.2.0,2026-07-30T19:23:14Z,17
s008251,u0457,c048,tv,,2026-07-30T19:23:17Z,22
s008252,u0541,c035,tv,,2026-07-30T19:23:54Z,21
s008253,u0286,c002,mobile,5.2.0,2026-07-30T19:23:59Z,32
s008254,u0146,c009,mobile,5.2.0,2026-07-30T19:24:20Z,54
s008255,u0297,c024,tv,,2026-07-30T19:25:23Z,76
s008256,u0576,c003,web,,2026-07-30T19:25:27Z,126
s008257,u0575,c001,tv,,2026-07-30T19:25:38Z,104
s008258,u0545,c016,web,,2026-07-30T19:26:01Z,19
s008259,u0171,c024,mobile,5.2.0,2026-07-30T19:26:52Z,20
s008260,u0429,c035,tv,,2026-07-30T19:29:19Z,64
s008261,u0398,c001,mobile,5.2.0,2026-07-30T19:29:32Z,20
s008262,u0128,c001,tv,,2026-07-30T19:29:55Z,38
s008263,u0463,c004,mobile,5.2.0,2026-07-30T19:30:41Z,31
s008264,u0473,c009,web,,2026-07-30T19:31:22Z,34
s008265,u0463,c004,mobile,5.2.0,2026-07-30T19:31:40Z,31
s008266,u0230,c001,mobile,5.2.0,2026-07-30T19:31:48Z,18
s008267,u0431,c054,web,,2026-07-30T19:34:18Z,83
s008268,u0324,c021,tv,,2026-07-30T19:34:34Z,46
s008269,u0051,c007,tv,,2026-07-30T19:35:12Z,28
s008270,u0249,c010,tv,,2026-07-30T19:35:25Z,48
s008271,u0441,c031,tv,,2026-07-30T19:35:57Z,73
s008272,u0004,c015,web,,2026-07-30T19:36:18Z,42
s008273,u0763,c011,web,,2026-07-30T19:37:07Z,24
s008274,u0657,c006,tv,,2026-07-30T19:37:11Z,100
s008275,u0663,c002,web,,2026-07-30T19:37:44Z,74
s008276,u0358,c002,mobile,5.2.0,2026-07-30T19:38:07Z,33
s008277,u0491,c041,web,,2026-07-30T19:38:08Z,30
s008278,u0704,c053,tv,,2026-07-30T19:38:09Z,13
s008279,u0461,c058,web,,2026-07-30T19:39:31Z,52
s008280,u0604,c023,mobile,5.2.0,2026-07-30T19:39:53Z,39
s008281,u0396,c034,tv,,2026-07-30T19:40:30Z,81
s008282,u0080,c007,tv,,2026-07-30T19:41:11Z,44
s008283,u0090,c011,tv,,2026-07-30T19:41:16Z,56
s008284,u0426,c003,mobile,5.2.0,2026-07-30T19:42:05Z,23
s008285,u0096,c002,mobile,5.2.0,2026-07-30T19:42:47Z,75
s008286,u0791,c014,mobile,5.2.0,2026-07-30T19:42:48Z,18
s008287,u0791,c014,mobile,5.2.0,2026-07-30T19:43:08Z,18
s008288,u0534,c001,web,,2026-07-30T19:43:48Z,26
s008289,u0551,c002,mobile,5.2.0,2026-07-30T19:44:12Z,31
s008290,u0163,c012,mobile,5.2.0,2026-07-30T19:44:48Z,16
s008291,u0437,c043,mobile,5.2.0,2026-07-30T19:45:13Z,17
s008292,u0122,c028,web,,2026-07-30T19:45:20Z,17
s008293,u0437,c043,mobile,5.2.0,2026-07-30T19:46:05Z,17
s008294,u0637,c031,mobile,5.2.0,2026-07-30T19:46:42Z,18
s008295,u0659,c001,web,,2026-07-30T19:47:55Z,25
s008296,u0689,c001,tv,,2026-07-30T19:48:15Z,77
s008297,u0690,c001,web,,2026-07-30T19:48:23Z,46
s008298,u0247,c006,mobile,5.2.0,2026-07-30T19:51:43Z,59
s008299,u0007,c030,mobile,5.2.0,2026-07-30T19:52:01Z,31
s008300,u0247,c006,mobile,5.2.0,2026-07-30T19:52:26Z,59
s008301,u0007,c030,mobile,5.2.0,2026-07-30T19:52:37Z,31
s008302,u0350,c039,web,,2026-07-30T19:55:14Z,38
s008303,u0199,c005,web,,2026-07-30T19:55:36Z,145
s008304,u0248,c018,mobile,5.2.0,2026-07-30T19:55:58Z,12
s008305,u0591,c008,mobile,5.2.0,2026-07-30T19:56:17Z,10
s008306,u0248,c018,mobile,5.2.0,2026-07-30T19:56:19Z,12
s008307,u0157,c006,web,,2026-07-30T19:57:01Z,46
s008308,u0738,c003,mobile,5.2.0,2026-07-30T19:57:05Z,21
s008309,u0248,c018,mobile,5.2.0,2026-07-30T19:57:07Z,12
s008310,u0247,c004,tv,,2026-07-30T19:57:50Z,12
s008311,u0264,c055,mobile,5.2.0,2026-07-30T19:57:55Z,20
s008312,u0183,c005,mobile,5.2.0,2026-07-30T19:59:15Z,14
s008313,u0291,c002,mobile,5.2.0,2026-07-30T19:59:40Z,19
s008314,u0081,c045,tv,,2026-07-30T19:59:46Z,125
s008315,u0723,c026,mobile,5.2.0,2026-07-30T21:00:25Z,34
s008316,u0191,c029,web,,2026-07-30T21:00:53Z,33
s008317,u0496,c033,mobile,5.2.0,2026-07-30T21:00:55Z,4
s008318,u0355,c001,web,,2026-07-30T21:02:00Z,26
s008319,u0219,c006,mobile,5.2.0,2026-07-30T21:04:17Z,17
s008320,u0570,c058,mobile,5.2.0,2026-07-30T21:04:34Z,5
s008321,u0304,c001,mobile,5.2.0,2026-07-30T21:05:09Z,27
s008322,u0515,c001,tv,,2026-07-30T21:06:05Z,17
s008323,u0667,c003,web,,2026-07-30T21:06:07Z,28
s008324,u0356,c013,web,,2026-07-30T21:06:33Z,47
s008325,u0671,c024,web,,2026-07-30T21:06:53Z,82
s008326,u0324,c051,tv,,2026-07-30T21:07:08Z,19
s008327,u0770,c046,tv,,2026-07-30T21:07:11Z,80
s008328,u0365,c025,tv,,2026-07-30T21:08:04Z,44
s008329,u0131,c036,mobile,5.2.0,2026-07-30T21:08:36Z,8
s008330,u0131,c036,mobile,5.2.0,2026-07-30T21:09:28Z,8
s008331,u0791,c001,tv,,2026-07-30T21:10:15Z,25
s008332,u0595,c001,web,,2026-07-30T21:10:53Z,43
s008333,u0296,c002,mobile,5.2.0,2026-07-30T21:11:34Z,13
s008334,u0296,c002,mobile,5.2.0,2026-07-30T21:11:39Z,13
s008335,u0302,c008,tv,,2026-07-30T21:13:33Z,81
s008336,u0151,c011,mobile,5.2.0,2026-07-30T21:14:39Z,22
s008337,u0328,c005,web,,2026-07-30T21:14:39Z,15
s008338,u0694,c004,mobile,5.2.0,2026-07-30T21:15:09Z,43
s008339,u0151,c011,mobile,5.2.0,2026-07-30T21:15:22Z,22
s008340,u0701,c002,mobile,5.2.0,2026-07-30T21:15:29Z,13
s008341,u0694,c004,mobile,5.2.0,2026-07-30T21:15:42Z,43
s008342,u0694,c004,mobile,5.2.0,2026-07-30T21:15:50Z,43
s008343,u0115,c017,mobile,5.2.0,2026-07-30T21:16:46Z,9
s008344,u0324,c001,tv,,2026-07-30T21:16:49Z,41
s008345,u0189,c031,mobile,5.2.0,2026-07-30T21:17:00Z,14
s008346,u0115,c017,mobile,5.2.0,2026-07-30T21:17:17Z,9
s008347,u0595,c004,web,,2026-07-30T21:17:32Z,39
s008348,u0189,c031,mobile,5.2.0,2026-07-30T21:17:37Z,14
s008349,u0446,c003,mobile,5.2.0,2026-07-30T21:17:38Z,25
s008350,u0207,c001,web,,2026-07-30T21:18:07Z,32
s008351,u0189,c031,mobile,5.2.0,2026-07-30T21:18:26Z,14
s008352,u0109,c048,mobile,5.2.0,2026-07-30T21:18:40Z,25
s008353,u0636,c003,mobile,5.2.0,2026-07-30T21:19:11Z,59
s008354,u0689,c004,tv,,2026-07-30T21:19:58Z,25
s008355,u0210,c028,tv,,2026-07-30T21:20:04Z,37
s008356,u0539,c003,web,,2026-07-30T21:20:07Z,21
s008357,u0080,c002,tv,,2026-07-30T21:21:00Z,44
s008358,u0069,c017,mobile,5.2.0,2026-07-30T21:21:15Z,13
s008359,u0046,c002,web,,2026-07-30T21:21:43Z,56
s008360,u0213,c045,web,,2026-07-30T21:22:38Z,16
s008361,u0049,c018,tv,,2026-07-30T21:22:50Z,35
s008362,u0671,c037,mobile,5.2.0,2026-07-30T21:23:23Z,18
s008363,u0430,c004,mobile,5.2.0,2026-07-30T21:23:25Z,26
s008364,u0175,c010,web,,2026-07-30T21:23:34Z,27
s008365,u0471,c007,web,,2026-07-30T21:23:40Z,14
s008366,u0512,c002,tv,,2026-07-30T21:24:22Z,74
s008367,u0399,c004,mobile,5.2.0,2026-07-30T21:25:01Z,20
s008368,u0588,c001,web,,2026-07-30T21:25:24Z,31
s008369,u0075,c046,mobile,5.2.0,2026-07-30T21:25:49Z,24
s008370,u0352,c001,tv,,2026-07-30T21:26:16Z,72
s008371,u0158,c002,tv,,2026-07-30T21:26:26Z,53
s008372,u0617,c005,tv,,2026-07-30T21:27:11Z,31
s008373,u0087,c006,mobile,5.2.0,2026-07-30T21:28:05Z,34
s008374,u0376,c014,tv,,2026-07-30T21:28:19Z,102
s008375,u0546,c045,web,,2026-07-30T21:28:39Z,33
s008376,u0455,c053,web,,2026-07-30T21:28:55Z,34
s008377,u0340,c007,mobile,5.2.0,2026-07-30T21:30:15Z,11
s008378,u0154,c015,web,,2026-07-30T21:31:03Z,20
s008379,u0122,c003,web,,2026-07-30T21:31:19Z,11
s008380,u0687,c008,mobile,5.2.0,2026-07-30T21:31:56Z,27
s008381,u0600,c001,tv,,2026-07-30T21:33:05Z,21
s008382,u0029,c003,tv,,2026-07-30T21:34:15Z,110
s008383,u0661,c034,tv,,2026-07-30T21:34:24Z,51
s008384,u0029,c002,tv,,2026-07-30T21:35:03Z,114
s008385,u0695,c016,web,,2026-07-30T21:35:29Z,43
s008386,u0345,c003,web,,2026-07-30T21:35:48Z,105
s008387,u0530,c002,mobile,5.2.0,2026-07-30T21:36:32Z,3
s008388,u0606,c036,mobile,5.2.0,2026-07-30T21:37:55Z,16
s008389,u0725,c008,mobile,5.2.0,2026-07-30T21:38:02Z,16
s008390,u0286,c002,tv,,2026-07-30T21:39:00Z,38
s008391,u0201,c030,tv,,2026-07-30T21:39:28Z,33
s008392,u0700,c020,tv,,2026-07-30T21:39:49Z,152
s008393,u0037,c018,tv,,2026-07-30T21:40:14Z,30
s008394,u0665,c007,mobile,5.2.0,2026-07-30T21:40:15Z,37
s008395,u0423,c017,mobile,5.2.0,2026-07-30T21:40:39Z,22
s008396,u0423,c017,mobile,5.2.0,2026-07-30T21:40:48Z,22
s008397,u0665,c007,mobile,5.2.0,2026-07-30T21:40:58Z,37
s008398,u0665,c007,mobile,5.2.0,2026-07-30T21:41:02Z,37
s008399,u0612,c035,tv,,2026-07-30T21:41:07Z,39
s008400,u0744,c030,tv,,2026-07-30T21:42:43Z,34
s008401,u0266,c038,mobile,5.2.0,2026-07-30T21:43:32Z,33
s008402,u0266,c038,mobile,5.2.0,2026-07-30T21:44:01Z,33
s008403,u0604,c027,tv,,2026-07-30T21:45:03Z,53
s008404,u0171,c008,mobile,5.2.0,2026-07-30T21:45:26Z,22
s008405,u0279,c001,web,,2026-07-30T21:45:26Z,28
s008406,u0359,c011,mobile,5.2.0,2026-07-30T21:46:58Z,20
s008407,u0181,c001,web,,2026-07-30T21:47:06Z,34
s008408,u0378,c033,mobile,5.2.0,2026-07-30T21:47:14Z,89
s008409,u0378,c033,mobile,5.2.0,2026-07-30T21:47:45Z,89
s008410,u0740,c003,mobile,5.2.0,2026-07-30T21:48:03Z,22
s008411,u0307,c009,mobile,5.2.0,2026-07-30T21:48:14Z,10
s008412,u0303,c013,mobile,5.2.0,2026-07-30T21:48:31Z,15
s008413,u0666,c001,mobile,5.2.0,2026-07-30T21:49:13Z,13
s008414,u0617,c001,tv,,2026-07-30T21:49:49Z,240
s008415,u0650,c001,mobile,5.2.0,2026-07-30T21:50:30Z,14
s008416,u0766,c052,mobile,5.2.0,2026-07-30T21:50:56Z,7
s008417,u0214,c025,mobile,5.2.0,2026-07-30T21:51:23Z,58
s008418,u0214,c025,mobile,5.2.0,2026-07-30T21:51:29Z,58
s008419,u0218,c015,mobile,5.2.0,2026-07-30T21:53:06Z,20
s008420,u0187,c053,web,,2026-07-30T21:53:41Z,32
s008421,u0245,c034,tv,,2026-07-30T21:55:24Z,39
s008422,u0039,c041,tv,,2026-07-30T21:56:04Z,138
s008423,u0097,c045,tv,,2026-07-30T21:56:26Z,40
s008424,u0658,c004,mobile,5.2.0,2026-07-30T21:56:59Z,10
s008425,u0190,c042,mobile,5.2.0,2026-07-30T21:57:08Z,33
s008426,u0138,c010,mobile,5.2.0,2026-07-30T21:57:17Z,46
s008427,u0658,c004,mobile,5.2.0,2026-07-30T21:57:18Z,10
s008428,u0419,c002,web,,2026-07-30T21:59:19Z,158
s008429,u0666,c008,mobile,5.2.0,2026-07-30T21:59:19Z,30
s008430,u0460,c024,mobile,5.2.0,2026-07-30T21:59:33Z,29
s008431,u0669,c002,mobile,5.2.0,2026-07-30T21:59:43Z,49
s008432,u0460,c024,mobile,5.2.0,2026-07-30T22:00:07Z,29
s008433,u0211,c003,mobile,5.2.0,2026-07-30T23:01:20Z,31
s008434,u0211,c003,mobile,5.2.0,2026-07-30T23:01:41Z,31
s008435,u0140,c016,mobile,5.2.0,2026-07-30T23:03:23Z,26
s008436,u0140,c016,mobile,5.2.0,2026-07-30T23:04:02Z,26
s008437,u0060,c050,mobile,5.2.0,2026-07-30T23:11:05Z,25
s008438,u0524,c001,mobile,5.2.0,2026-07-30T23:15:17Z,32
s008439,u0471,c028,web,,2026-07-30T23:18:25Z,36
s008440,u0332,c004,mobile,5.2.0,2026-07-30T23:19:20Z,12
s008441,u0515,c012,tv,,2026-07-30T23:20:05Z,19
s008442,u0525,c001,mobile,5.2.0,2026-07-30T23:21:20Z,106
s008443,u0278,c008,mobile,5.2.0,2026-07-30T23:22:49Z,14
s008444,u0163,c018,mobile,5.2.0,2026-07-30T23:24:28Z,37
s008445,u0723,c015,mobile,5.2.0,2026-07-30T23:30:02Z,14
s008446,u0232,c017,tv,,2026-07-30T23:31:39Z,166
s008447,u0386,c001,mobile,5.2.0,2026-07-30T23:32:10Z,27
s008448,u0386,c001,mobile,5.2.0,2026-07-30T23:32:41Z,27
s008449,u0491,c021,web,,2026-07-30T23:34:24Z,58
s008450,u0307,c002,mobile,5.2.0,2026-07-30T23:35:29Z,25
s008451,u0777,c001,tv,,2026-07-30T23:41:07Z,21
s008452,u0590,c001,tv,,2026-07-30T23:44:12Z,16
s008453,u0016,c004,tv,,2026-07-30T23:46:28Z,42
s008454,u0643,c003,tv,,2026-07-30T23:46:42Z,83
s008455,u0028,c003,tv,,2026-07-30T23:48:20Z,19
s008456,u0629,c003,tv,,2026-07-30T23:55:39Z,25
s008457,u0562,c005,tv,,2026-07-30T23:59:15Z,57
s008458,u0447,c001,mobile,5.2.0,2026-07-31T08:04:23Z,11
s008459,u0750,c002,tv,,2026-07-31T08:10:13Z,15
s008460,u0162,c013,tv,,2026-07-31T08:11:56Z,42
s008461,u0042,c018,tv,,2026-07-31T08:15:42Z,31
s008462,u0138,c006,mobile,5.2.0,2026-07-31T08:23:41Z,32
s008463,u0153,c001,web,,2026-07-31T08:29:44Z,26
s008464,u0116,c012,mobile,5.2.0,2026-07-31T08:34:47Z,14
s008465,u0116,c012,mobile,5.2.0,2026-07-31T08:35:08Z,14
s008466,u0466,c008,tv,,2026-07-31T08:35:32Z,55
s008467,u0116,c012,mobile,5.2.0,2026-07-31T08:35:40Z,14
s008468,u0652,c020,web,,2026-07-31T08:38:47Z,21
s008469,u0488,c015,tv,,2026-07-31T08:42:31Z,32
s008470,u0247,c048,mobile,5.2.0,2026-07-31T08:51:51Z,34
s008471,u0247,c048,mobile,5.2.0,2026-07-31T08:52:06Z,34
s008472,u0229,c003,tv,,2026-07-31T08:57:34Z,109
s008473,u0540,c005,tv,,2026-07-31T12:02:23Z,26
s008474,u0592,c015,mobile,5.2.0,2026-07-31T12:04:15Z,18
s008475,u0357,c015,mobile,5.2.0,2026-07-31T12:04:37Z,13
s008476,u0592,c015,mobile,5.2.0,2026-07-31T12:05:14Z,18
s008477,u0079,c001,tv,,2026-07-31T12:05:16Z,68
s008478,u0357,c015,mobile,5.2.0,2026-07-31T12:05:19Z,13
s008479,u0053,c041,tv,,2026-07-31T12:06:45Z,44
s008480,u0219,c001,mobile,5.2.0,2026-07-31T12:07:24Z,32
s008481,u0219,c001,mobile,5.2.0,2026-07-31T12:07:30Z,32
s008482,u0054,c013,web,,2026-07-31T12:10:02Z,33
s008483,u0658,c039,mobile,5.2.0,2026-07-31T12:12:35Z,25
s008484,u0184,c057,tv,,2026-07-31T12:12:43Z,53
s008485,u0658,c039,mobile,5.2.0,2026-07-31T12:13:18Z,25
s008486,u0562,c002,tv,,2026-07-31T12:18:43Z,126
s008487,u0409,c030,mobile,5.2.0,2026-07-31T12:20:01Z,15
s008488,u0409,c030,mobile,5.2.0,2026-07-31T12:21:01Z,15
s008489,u0409,c030,mobile,5.2.0,2026-07-31T12:21:06Z,15
s008490,u0116,c007,mobile,5.2.0,2026-07-31T12:22:59Z,17
s008491,u0096,c001,mobile,5.2.0,2026-07-31T12:23:32Z,27
s008492,u0555,c004,mobile,5.2.0,2026-07-31T12:25:17Z,27
s008493,u0657,c002,mobile,5.2.0,2026-07-31T12:28:00Z,35
s008494,u0657,c002,mobile,5.2.0,2026-07-31T12:28:33Z,35
s008495,u0076,c004,tv,,2026-07-31T12:29:32Z,27
s008496,u0633,c009,mobile,5.2.0,2026-07-31T12:29:49Z,57
s008497,u0774,c019,mobile,5.2.0,2026-07-31T12:30:40Z,37
s008498,u0774,c019,mobile,5.2.0,2026-07-31T12:30:58Z,37
s008499,u0532,c016,mobile,5.2.0,2026-07-31T12:39:24Z,23
s008500,u0532,c016,mobile,5.2.0,2026-07-31T12:39:46Z,23
s008501,u0282,c001,mobile,5.2.0,2026-07-31T12:42:06Z,4
s008502,u0282,c001,mobile,5.2.0,2026-07-31T12:42:35Z,4
s008503,u0085,c013,tv,,2026-07-31T12:44:29Z,30
s008504,u0283,c015,mobile,5.2.0,2026-07-31T12:49:49Z,39
s008505,u0252,c009,mobile,5.2.0,2026-07-31T12:52:03Z,10
s008506,u0383,c031,tv,,2026-07-31T12:52:54Z,38
s008507,u0187,c005,web,,2026-07-31T12:53:39Z,87
s008508,u0772,c004,mobile,5.2.0,2026-07-31T12:57:53Z,32
s008509,u0663,c005,web,,2026-07-31T17:00:38Z,26
s008510,u0087,c002,mobile,5.2.0,2026-07-31T17:01:17Z,28
s008511,u0247,c050,mobile,5.2.0,2026-07-31T17:01:36Z,30
s008512,u0736,c001,tv,,2026-07-31T17:04:23Z,137
s008513,u0752,c001,tv,,2026-07-31T17:05:54Z,90
s008514,u0071,c005,web,,2026-07-31T17:07:04Z,34
s008515,u0158,c025,web,,2026-07-31T17:08:41Z,76
s008516,u0088,c047,mobile,5.2.0,2026-07-31T17:09:02Z,26
s008517,u0365,c002,tv,,2026-07-31T17:09:09Z,97
s008518,u0088,c047,mobile,5.2.0,2026-07-31T17:09:41Z,26
s008519,u0495,c032,web,,2026-07-31T17:09:44Z,43
s008520,u0214,c024,tv,,2026-07-31T17:10:09Z,52
s008521,u0088,c047,mobile,5.2.0,2026-07-31T17:10:30Z,26
s008522,u0576,c005,web,,2026-07-31T17:11:45Z,121
s008523,u0677,c002,mobile,5.2.0,2026-07-31T17:11:54Z,39
s008524,u0677,c002,mobile,5.2.0,2026-07-31T17:12:00Z,39
s008525,u0677,c051,mobile,5.2.0,2026-07-31T17:12:17Z,3
s008526,u0677,c002,mobile,5.2.0,2026-07-31T17:12:44Z,39
s008527,u0502,c001,tv,,2026-07-31T17:13:08Z,32
s008528,u0289,c005,mobile,5.2.0,2026-07-31T17:13:45Z,18
s008529,u0536,c004,tv,,2026-07-31T17:13:54Z,110
s008530,u0719,c011,mobile,5.2.0,2026-07-31T17:14:06Z,27
s008531,u0227,c010,mobile,5.2.0,2026-07-31T17:15:19Z,25
s008532,u0547,c001,mobile,5.2.0,2026-07-31T17:17:17Z,89
s008533,u0558,c020,mobile,5.2.0,2026-07-31T17:17:42Z,19
s008534,u0080,c011,tv,,2026-07-31T17:21:11Z,26
s008535,u0419,c001,tv,,2026-07-31T17:23:33Z,51
s008536,u0216,c001,mobile,5.2.0,2026-07-31T17:24:36Z,33
s008537,u0539,c015,web,,2026-07-31T17:25:29Z,20
s008538,u0382,c010,tv,,2026-07-31T17:28:06Z,88
s008539,u0629,c001,tv,,2026-07-31T17:28:15Z,29
s008540,u0182,c029,web,,2026-07-31T17:31:13Z,30
s008541,u0198,c002,mobile,5.2.0,2026-07-31T17:34:34Z,6
s008542,u0080,c060,mobile,5.2.0,2026-07-31T17:40:49Z,13
s008543,u0608,c002,web,,2026-07-31T17:41:59Z,24
s008544,u0334,c005,mobile,5.2.0,2026-07-31T17:42:53Z,24
s008545,u0408,c010,tv,,2026-07-31T17:43:31Z,60
s008546,u0485,c006,tv,,2026-07-31T17:43:45Z,149
s008547,u0154,c027,web,,2026-07-31T17:45:04Z,134
s008548,u0029,c001,tv,,2026-07-31T17:46:33Z,206
s008549,u0202,c017,tv,,2026-07-31T17:50:25Z,49
s008550,u0501,c009,mobile,5.2.0,2026-07-31T17:50:42Z,6
s008551,u0576,c001,web,,2026-07-31T17:50:52Z,48
s008552,u0015,c003,tv,,2026-07-31T17:51:11Z,22
s008553,u0479,c006,mobile,5.2.0,2026-07-31T17:52:36Z,6
s008554,u0596,c038,mobile,5.2.0,2026-07-31T17:54:35Z,20
s008555,u0472,c017,web,,2026-07-31T17:54:56Z,81
s008556,u0161,c045,tv,,2026-07-31T17:55:03Z,24
s008557,u0344,c007,mobile,5.2.0,2026-07-31T17:55:38Z,75
s008558,u0565,c002,mobile,5.2.0,2026-07-31T17:57:53Z,27
s008559,u0684,c028,web,,2026-07-31T17:58:09Z,44
s008560,u0222,c039,mobile,5.2.0,2026-07-31T17:58:29Z,7
s008561,u0196,c024,tv,,2026-07-31T17:59:48Z,32
s008562,u0109,c055,mobile,5.2.0,2026-07-31T17:59:51Z,40
s008563,u0109,c055,mobile,5.2.0,2026-07-31T17:59:56Z,40
s008564,u0109,c004,web,,2026-07-31T19:00:55Z,28
s008565,u0225,c003,web,,2026-07-31T19:00:55Z,72
s008566,u0138,c030,mobile,5.2.0,2026-07-31T19:01:19Z,24
s008567,u0566,c004,mobile,5.2.0,2026-07-31T19:01:44Z,24
s008568,u0009,c008,web,,2026-07-31T19:01:52Z,12
s008569,u0138,c011,mobile,5.2.0,2026-07-31T19:02:23Z,22
s008570,u0291,c002,web,,2026-07-31T19:02:37Z,25
s008571,u0138,c011,mobile,5.2.0,2026-07-31T19:03:20Z,22
s008572,u0138,c011,mobile,5.2.0,2026-07-31T19:04:00Z,22
s008573,u0442,c002,tv,,2026-07-31T19:04:24Z,35
s008574,u0663,c042,web,,2026-07-31T19:06:04Z,78
s008575,u0744,c009,tv,,2026-07-31T19:06:13Z,90
s008576,u0579,c015,web,,2026-07-31T19:07:18Z,23
s008577,u0231,c001,mobile,5.2.0,2026-07-31T19:07:32Z,52
s008578,u0383,c023,web,,2026-07-31T19:08:07Z,69
s008579,u0797,c001,tv,,2026-07-31T19:08:19Z,123
s008580,u0455,c005,web,,2026-07-31T19:08:29Z,23
s008581,u0764,c012,mobile,5.2.0,2026-07-31T19:09:10Z,75
s008582,u0124,c003,mobile,5.2.0,2026-07-31T19:09:32Z,27
s008583,u0795,c001,mobile,5.2.0,2026-07-31T19:09:36Z,10
s008584,u0732,c008,mobile,5.2.0,2026-07-31T19:10:19Z,9
s008585,u0732,c008,mobile,5.2.0,2026-07-31T19:10:30Z,9
s008586,u0251,c052,mobile,5.2.0,2026-07-31T19:11:00Z,10
s008587,u0165,c002,tv,,2026-07-31T19:11:21Z,79
s008588,u0383,c006,web,,2026-07-31T19:11:21Z,90
s008589,u0251,c052,mobile,5.2.0,2026-07-31T19:11:46Z,10
s008590,u0092,c002,web,,2026-07-31T19:12:54Z,39
s008591,u0146,c004,mobile,5.2.0,2026-07-31T19:13:46Z,21
s008592,u0591,c011,mobile,5.2.0,2026-07-31T19:14:20Z,40
s008593,u0105,c002,web,,2026-07-31T19:14:38Z,54
s008594,u0156,c001,tv,,2026-07-31T19:15:19Z,20
s008595,u0298,c026,web,,2026-07-31T19:15:34Z,42
s008596,u0473,c013,web,,2026-07-31T19:16:14Z,55
s008597,u0585,c029,mobile,5.2.0,2026-07-31T19:16:30Z,29
s008598,u0585,c029,mobile,5.2.0,2026-07-31T19:16:34Z,29
s008599,u0185,c045,mobile,5.2.0,2026-07-31T19:17:27Z,12
s008600,u0710,c038,tv,,2026-07-31T19:19:39Z,52
s008601,u0300,c001,mobile,5.2.0,2026-07-31T19:19:52Z,24
s008602,u0476,c016,web,,2026-07-31T19:20:02Z,21
s008603,u0447,c019,mobile,5.2.0,2026-07-31T19:20:06Z,15
s008604,u0485,c050,tv,,2026-07-31T19:20:12Z,25
s008605,u0454,c015,tv,,2026-07-31T19:20:48Z,32
s008606,u0135,c033,web,,2026-07-31T19:21:13Z,96
s008607,u0695,c013,web,,2026-07-31T19:22:46Z,31
s008608,u0485,c019,tv,,2026-07-31T19:22:47Z,58
s008609,u0265,c001,tv,,2026-07-31T19:22:58Z,28
s008610,u0601,c020,tv,,2026-07-31T19:23:14Z,30
s008611,u0493,c004,web,,2026-07-31T19:24:31Z,15
s008612,u0480,c006,web,,2026-07-31T19:25:16Z,26
s008613,u0199,c042,web,,2026-07-31T19:25:56Z,28
s008614,u0474,c005,web,,2026-07-31T19:27:00Z,26
s008615,u0752,c018,tv,,2026-07-31T19:27:06Z,31
s008616,u0621,c001,mobile,5.2.0,2026-07-31T19:27:17Z,17
s008617,u0621,c001,mobile,5.2.0,2026-07-31T19:27:27Z,17
s008618,u0187,c004,web,,2026-07-31T19:28:29Z,36
s008619,u0126,c003,tv,,2026-07-31T19:28:39Z,39
s008620,u0154,c027,web,,2026-07-31T19:29:30Z,32
s008621,u0195,c027,mobile,5.2.0,2026-07-31T19:30:06Z,22
s008622,u0381,c011,web,,2026-07-31T19:30:08Z,45
s008623,u0322,c023,mobile,5.2.0,2026-07-31T19:30:26Z,16
s008624,u0322,c023,mobile,5.2.0,2026-07-31T19:31:24Z,16
s008625,u0657,c031,mobile,5.2.0,2026-07-31T19:32:04Z,22
s008626,u0671,c008,mobile,5.2.0,2026-07-31T19:32:12Z,64
s008627,u0082,c032,mobile,5.2.0,2026-07-31T19:34:33Z,21
s008628,u0082,c032,mobile,5.2.0,2026-07-31T19:34:46Z,21
s008629,u0330,c016,web,,2026-07-31T19:35:28Z,28
s008630,u0179,c013,tv,,2026-07-31T19:35:31Z,22
s008631,u0604,c011,tv,,2026-07-31T19:36:04Z,30
s008632,u0314,c008,tv,,2026-07-31T19:36:12Z,37
s008633,u0484,c004,mobile,5.2.0,2026-07-31T19:36:58Z,22
s008634,u0313,c051,tv,,2026-07-31T19:37:44Z,70
s008635,u0426,c002,web,,2026-07-31T19:38:18Z,41
s008636,u0165,c010,tv,,2026-07-31T19:39:31Z,47
s008637,u0202,c001,mobile,5.2.0,2026-07-31T19:40:17Z,139
s008638,u0765,c001,tv,,2026-07-31T19:42:01Z,64
s008639,u0522,c005,web,,2026-07-31T19:42:46Z,22
s008640,u0763,c001,web,,2026-07-31T19:43:42Z,51
s008641,u0279,c012,web,,2026-07-31T19:44:12Z,14
s008642,u0507,c001,tv,,2026-07-31T19:44:14Z,14
s008643,u0390,c004,web,,2026-07-31T19:44:16Z,74
s008644,u0083,c013,mobile,5.2.0,2026-07-31T19:45:58Z,18
s008645,u0368,c056,mobile,5.2.0,2026-07-31T19:46:09Z,61
s008646,u0288,c005,web,,2026-07-31T19:46:49Z,19
s008647,u0489,c030,mobile,5.2.0,2026-07-31T19:47:12Z,18
s008648,u0491,c003,mobile,5.2.0,2026-07-31T19:49:42Z,17
s008649,u0279,c001,web,,2026-07-31T19:50:00Z,26
s008650,u0345,c032,web,,2026-07-31T19:50:12Z,39
s008651,u0189,c001,mobile,5.2.0,2026-07-31T19:50:47Z,7
s008652,u0430,c002,mobile,5.2.0,2026-07-31T19:50:50Z,19
s008653,u0289,c007,mobile,5.2.0,2026-07-31T19:52:21Z,24
s008654,u0355,c006,web,,2026-07-31T19:52:29Z,71
s008655,u0645,c038,mobile,5.2.0,2026-07-31T19:52:38Z,16
s008656,u0499,c004,web,,2026-07-31T19:53:03Z,128
s008657,u0795,c016,mobile,5.2.0,2026-07-31T19:53:51Z,32
s008658,u0081,c001,tv,,2026-07-31T19:54:20Z,59
s008659,u0467,c001,tv,,2026-07-31T19:54:59Z,40
s008660,u0462,c003,mobile,5.2.0,2026-07-31T19:55:10Z,25
s008661,u0183,c001,tv,,2026-07-31T19:55:20Z,25
s008662,u0397,c027,mobile,5.2.0,2026-07-31T19:55:54Z,26
s008663,u0462,c003,mobile,5.2.0,2026-07-31T19:56:09Z,25
s008664,u0011,c007,mobile,5.2.0,2026-07-31T19:56:14Z,14
s008665,u0675,c013,tv,,2026-07-31T19:57:58Z,23
s008666,u0748,c004,mobile,5.2.0,2026-07-31T19:57:58Z,31
s008667,u0247,c025,mobile,5.2.0,2026-07-31T21:00:03Z,11
s008668,u0247,c025,mobile,5.2.0,2026-07-31T21:00:59Z,11
s008669,u0658,c031,mobile,5.2.0,2026-07-31T21:00:59Z,7
s008670,u0774,c004,mobile,5.2.0,2026-07-31T21:00:59Z,25
s008671,u0192,c004,tv,,2026-07-31T21:01:06Z,92
s008672,u0263,c017,tv,,2026-07-31T21:01:07Z,63
s008673,u0445,c008,mobile,5.2.0,2026-07-31T21:01:38Z,32
s008674,u0493,c001,web,,2026-07-31T21:01:48Z,14
s008675,u0774,c004,mobile,5.2.0,2026-07-31T21:01:51Z,25
s008676,u0085,c002,mobile,5.2.0,2026-07-31T21:01:59Z,57
s008677,u0445,c008,mobile,5.2.0,2026-07-31T21:02:04Z,32
s008678,u0445,c008,mobile,5.2.0,2026-07-31T21:02:30Z,32
s008679,u0631,c006,mobile,5.2.0,2026-07-31T21:03:09Z,35
s008680,u0018,c001,web,,2026-07-31T21:03:28Z,29
s008681,u0236,c009,web,,2026-07-31T21:03:46Z,35
s008682,u0631,c006,mobile,5.2.0,2026-07-31T21:03:54Z,35
s008683,u0652,c016,web,,2026-07-31T21:04:20Z,20
s008684,u0699,c006,mobile,5.2.0,2026-07-31T21:05:14Z,42
s008685,u0105,c004,web,,2026-07-31T21:05:39Z,31
s008686,u0421,c003,mobile,5.2.0,2026-07-31T21:05:49Z,25
s008687,u0594,c006,tv,,2026-07-31T21:05:53Z,26
s008688,u0155,c002,tv,,2026-07-31T21:05:57Z,32
s008689,u0505,c015,web,,2026-07-31T21:06:13Z,11
s008690,u0421,c003,mobile,5.2.0,2026-07-31T21:06:15Z,25
s008691,u0152,c002,web,,2026-07-31T21:06:40Z,59
s008692,u0630,c051,mobile,5.2.0,2026-07-31T21:06:47Z,3
s008693,u0600,c033,web,,2026-07-31T21:06:57Z,46
s008694,u0429,c031,web,,2026-07-31T21:07:07Z,45
s008695,u0420,c011,web,,2026-07-31T21:07:31Z,107
s008696,u0701,c017,mobile,5.2.0,2026-07-31T21:07:52Z,8
s008697,u0701,c017,mobile,5.2.0,2026-07-31T21:08:00Z,8
s008698,u0699,c003,mobile,5.2.0,2026-07-31T21:08:13Z,16
s008699,u0688,c001,mobile,5.2.0,2026-07-31T21:08:21Z,12
s008700,u0699,c003,mobile,5.2.0,2026-07-31T21:09:02Z,16
s008701,u0523,c004,web,,2026-07-31T21:09:08Z,13
s008702,u0180,c003,mobile,5.2.0,2026-07-31T21:09:54Z,25
s008703,u0502,c018,tv,,2026-07-31T21:10:16Z,109
s008704,u0252,c008,mobile,5.2.0,2026-07-31T21:11:08Z,36
s008705,u0625,c059,web,,2026-07-31T21:11:47Z,21
s008706,u0716,c001,tv,,2026-07-31T21:12:53Z,37
s008707,u0160,c022,tv,,2026-07-31T21:12:59Z,32
s008708,u0463,c003,mobile,5.2.0,2026-07-31T21:14:36Z,17
s008709,u0463,c003,mobile,5.2.0,2026-07-31T21:15:03Z,17
s008710,u0383,c003,web,,2026-07-31T21:17:19Z,39
s008711,u0629,c003,tv,,2026-07-31T21:19:02Z,32
s008712,u0302,c003,tv,,2026-07-31T21:19:36Z,63
s008713,u0636,c017,mobile,5.2.0,2026-07-31T21:19:58Z,26
s008714,u0119,c012,mobile,5.2.0,2026-07-31T21:20:08Z,19
s008715,u0420,c001,web,,2026-07-31T21:20:53Z,54
s008716,u0576,c010,web,,2026-07-31T21:21:53Z,37
s008717,u0748,c002,mobile,5.2.0,2026-07-31T21:22:16Z,72
s008718,u0675,c006,tv,,2026-07-31T21:22:53Z,17
s008719,u0735,c001,mobile,5.2.0,2026-07-31T21:22:57Z,13
s008720,u0748,c002,mobile,5.2.0,2026-07-31T21:23:15Z,72
s008721,u0772,c019,mobile,5.2.0,2026-07-31T21:23:27Z,51
s008722,u0467,c003,tv,,2026-07-31T21:23:38Z,44
s008723,u0226,c003,mobile,5.2.0,2026-07-31T21:23:42Z,37
s008724,u0733,c004,tv,,2026-07-31T21:23:43Z,50
s008725,u0309,c001,tv,,2026-07-31T21:23:46Z,40
s008726,u0480,c005,web,,2026-07-31T21:24:06Z,14
s008727,u0105,c001,web,,2026-07-31T21:24:20Z,37
s008728,u0590,c014,tv,,2026-07-31T21:24:22Z,56
s008729,u0772,c019,mobile,5.2.0,2026-07-31T21:24:27Z,51
s008730,u0288,c015,mobile,5.2.0,2026-07-31T21:25:24Z,8
s008731,u0288,c015,mobile,5.2.0,2026-07-31T21:26:01Z,8
s008732,u0487,c047,tv,,2026-07-31T21:26:28Z,36
s008733,u0274,c008,mobile,5.2.0,2026-07-31T21:27:29Z,76
s008734,u0225,c018,web,,2026-07-31T21:28:17Z,37
s008735,u0626,c002,web,,2026-07-31T21:29:50Z,30
s008736,u0160,c044,tv,,2026-07-31T21:29:54Z,150
s008737,u0671,c040,mobile,5.2.0,2026-07-31T21:30:53Z,39
s008738,u0374,c007,web,,2026-07-31T21:30:55Z,95
s008739,u0676,c011,tv,,2026-07-31T21:31:27Z,79
s008740,u0307,c003,mobile,5.2.0,2026-07-31T21:32:00Z,24
s008741,u0307,c003,mobile,5.2.0,2026-07-31T21:32:26Z,24
s008742,u0477,c017,mobile,5.2.0,2026-07-31T21:32:27Z,32
s008743,u0309,c040,tv,,2026-07-31T21:33:12Z,82
s008744,u0287,c005,mobile,5.2.0,2026-07-31T21:33:36Z,57
s008745,u0577,c014,tv,,2026-07-31T21:33:39Z,56
s008746,u0129,c060,web,,2026-07-31T21:33:43Z,20
s008747,u0287,c005,mobile,5.2.0,2026-07-31T21:33:52Z,57
s008748,u0335,c003,tv,,2026-07-31T21:34:27Z,15
s008749,u0607,c016,tv,,2026-07-31T21:37:07Z,141
s008750,u0506,c001,mobile,5.2.0,2026-07-31T21:37:40Z,26
s008751,u0172,c006,web,,2026-07-31T21:38:11Z,26
s008752,u0041,c001,web,,2026-07-31T21:38:40Z,32
s008753,u0677,c005,mobile,5.2.0,2026-07-31T21:39:21Z,30
s008754,u0106,c018,mobile,5.2.0,2026-07-31T21:40:17Z,33
s008755,u0452,c040,mobile,5.2.0,2026-07-31T21:41:01Z,17
s008756,u0166,c030,web,,2026-07-31T21:41:28Z,91
s008757,u0154,c004,web,,2026-07-31T21:41:43Z,33
s008758,u0452,c040,mobile,5.2.0,2026-07-31T21:41:44Z,17
s008759,u0355,c001,web,,2026-07-31T21:43:18Z,32
s008760,u0645,c044,mobile,5.2.0,2026-07-31T21:44:38Z,17
s008761,u0645,c044,mobile,5.2.0,2026-07-31T21:44:47Z,17
s008762,u0663,c001,tv,,2026-07-31T21:45:44Z,105
s008763,u0650,c008,mobile,5.2.0,2026-07-31T21:46:55Z,19
s008764,u0530,c018,mobile,5.2.0,2026-07-31T21:46:59Z,12
s008765,u0650,c008,mobile,5.2.0,2026-07-31T21:47:42Z,19
s008766,u0028,c040,tv,,2026-07-31T21:48:37Z,42
s008767,u0088,c001,mobile,5.2.0,2026-07-31T21:49:35Z,32
s008768,u0739,c012,tv,,2026-07-31T21:49:57Z,25
s008769,u0119,c041,mobile,5.2.0,2026-07-31T21:50:35Z,32
s008770,u0197,c019,tv,,2026-07-31T21:51:56Z,20
s008771,u0198,c025,mobile,5.2.0,2026-07-31T21:52:09Z,29
s008772,u0419,c004,web,,2026-07-31T21:52:10Z,42
s008773,u0139,c008,web,,2026-07-31T21:53:23Z,80
s008774,u0659,c001,web,,2026-07-31T21:53:23Z,147
s008775,u0330,c032,web,,2026-07-31T21:54:47Z,15
s008776,u0670,c002,tv,,2026-07-31T21:55:09Z,45
s008777,u0673,c001,mobile,5.2.0,2026-07-31T21:55:13Z,14
s008778,u0681,c002,tv,,2026-07-31T21:55:18Z,67
s008779,u0235,c052,web,,2026-07-31T21:56:51Z,73
s008780,u0368,c006,mobile,5.2.0,2026-07-31T21:57:02Z,6
s008781,u0485,c009,tv,,2026-07-31T21:57:37Z,34
s008782,u0650,c001,mobile,5.2.0,2026-07-31T21:57:58Z,22
s008783,u0647,c010,web,,2026-07-31T21:58:02Z,40
s008784,u0495,c002,web,,2026-07-31T21:58:15Z,14
s008785,u0516,c029,mobile,5.2.0,2026-07-31T21:58:42Z,22
s008786,u0516,c029,mobile,5.2.0,2026-07-31T21:59:26Z,22
s008787,u0211,c006,tv,,2026-07-31T21:59:59Z,46
s008788,u0014,c023,web,,2026-07-31T23:00:37Z,91
s008789,u0209,c024,tv,,2026-07-31T23:02:39Z,31
s008790,u0138,c026,mobile,5.2.0,2026-07-31T23:04:28Z,19
s008791,u0005,c005,tv,,2026-07-31T23:04:40Z,63
s008792,u0360,c003,mobile,5.2.0,2026-07-31T23:05:59Z,27
s008793,u0360,c003,mobile,5.2.0,2026-07-31T23:06:57Z,27
s008794,u0698,c022,mobile,5.2.0,2026-07-31T23:07:17Z,79
s008795,u0247,c030,web,,2026-07-31T23:08:05Z,20
s008796,u0247,c017,mobile,5.2.0,2026-07-31T23:09:48Z,16
s008797,u0562,c016,tv,,2026-07-31T23:11:52Z,37
s008798,u0671,c009,mobile,5.2.0,2026-07-31T23:13:17Z,33
s008799,u0029,c003,web,,2026-07-31T23:13:26Z,140
s008800,u0528,c036,mobile,5.2.0,2026-07-31T23:16:25Z,32
s008801,u0528,c036,mobile,5.2.0,2026-07-31T23:16:39Z,32
s008802,u0506,c029,mobile,5.2.0,2026-07-31T23:18:13Z,9
s008803,u0338,c053,tv,,2026-07-31T23:19:27Z,31
s008804,u0263,c001,mobile,5.2.0,2026-07-31T23:19:51Z,77
s008805,u0263,c001,mobile,5.2.0,2026-07-31T23:20:20Z,77
s008806,u0569,c014,web,,2026-07-31T23:23:13Z,54
s008807,u0688,c004,mobile,5.2.0,2026-07-31T23:24:49Z,26
s008808,u0014,c047,web,,2026-07-31T23:27:27Z,27
s008809,u0503,c014,tv,,2026-07-31T23:28:21Z,11
s008810,u0774,c002,mobile,5.2.0,2026-07-31T23:29:52Z,10
s008811,u0661,c002,tv,,2026-07-31T23:31:07Z,43
s008812,u0312,c001,mobile,5.2.0,2026-07-31T23:34:48Z,21
s008813,u0312,c001,mobile,5.2.0,2026-07-31T23:35:40Z,21
s008814,u0601,c001,tv,,2026-07-31T23:40:17Z,43
s008815,u0663,c002,web,,2026-07-31T23:41:13Z,31
s008816,u0026,c044,mobile,5.2.0,2026-07-31T23:41:45Z,13
s008817,u0026,c044,mobile,5.2.0,2026-07-31T23:41:50Z,13
s008818,u0026,c044,mobile,5.2.0,2026-07-31T23:42:49Z,13
s008819,u0359,c002,mobile,5.2.0,2026-07-31T23:44:55Z,19
s008820,u0076,c031,tv,,2026-07-31T23:45:17Z,45
s008821,u0604,c001,tv,,2026-07-31T23:45:47Z,113
s008822,u0524,c007,mobile,5.2.0,2026-07-31T23:48:15Z,19
s008823,u0524,c007,mobile,5.2.0,2026-07-31T23:48:38Z,19
s008824,u0750,c003,tv,,2026-07-31T23:49:41Z,49
s008825,u0052,c003,web,,2026-07-31T23:50:12Z,13
s008826,u0390,c029,web,,2026-07-31T23:51:02Z,12
s008827,u0525,c009,web,,2026-07-31T23:51:57Z,53
s008828,u0521,c005,mobile,5.2.0,2026-07-31T23:54:36Z,21
s008829,u0222,c017,mobile,5.2.0,2026-07-31T23:54:50Z,6
s008830,u0498,c016,mobile,5.2.0,2026-07-31T23:55:00Z,10
s008831,u0498,c016,mobile,5.2.0,2026-07-31T23:55:44Z,10
s008832,u0554,c059,web,,2026-07-31T23:58:07Z,33
s008833,u0630,c009,mobile,5.2.0,2026-07-31T23:58:07Z,6
s008834,u0255,c014,web,,2026-07-31T23:59:50Z,25
s008835,u0590,c002,tv,,2026-08-01T08:01:30Z,25
s008836,u0547,c008,web,,2026-08-01T08:04:23Z,69
s008837,u0590,c038,tv,,2026-08-01T08:13:06Z,107
s008838,u0618,c005,tv,,2026-08-01T08:14:12Z,51
s008839,u0797,c016,tv,,2026-08-01T08:18:47Z,24
s008840,u0505,c016,web,,2026-08-01T08:20:23Z,46
s008841,u0248,c021,mobile,5.2.0,2026-08-01T08:22:39Z,17
s008842,u0248,c021,mobile,5.2.0,2026-08-01T08:23:32Z,17
s008843,u0788,c038,tv,,2026-08-01T08:28:41Z,22
s008844,u0471,c005,mobile,5.2.0,2026-08-01T08:30:42Z,14
s008845,u0442,c010,tv,,2026-08-01T08:35:58Z,39
s008846,u0001,c001,web,,2026-08-01T08:54:52Z,44
s008847,u0117,c006,mobile,5.2.0,2026-08-01T08:55:55Z,8
s008848,u0138,c012,mobile,5.2.0,2026-08-01T08:57:49Z,20
s008849,u0013,c006,tv,,2026-08-01T08:59:19Z,59
s008850,u0029,c001,tv,,2026-08-01T12:00:15Z,177
s008851,u0069,c009,mobile,5.2.0,2026-08-01T12:00:27Z,7
s008852,u0612,c020,tv,,2026-08-01T12:00:42Z,16
s008853,u0427,c011,web,,2026-08-01T12:01:43Z,10
s008854,u0491,c002,web,,2026-08-01T12:02:49Z,43
s008855,u0645,c048,mobile,5.2.0,2026-08-01T12:04:17Z,92
s008856,u0489,c011,mobile,5.2.0,2026-08-01T12:04:44Z,17
s008857,u0489,c011,mobile,5.2.0,2026-08-01T12:05:04Z,17
s008858,u0684,c009,web,,2026-08-01T12:06:01Z,91
s008859,u0067,c033,tv,,2026-08-01T12:07:36Z,35
s008860,u0414,c007,tv,,2026-08-01T12:07:56Z,51
s008861,u0670,c005,tv,,2026-08-01T12:13:05Z,23
s008862,u0243,c003,web,,2026-08-01T12:16:47Z,56
s008863,u0377,c009,mobile,5.2.0,2026-08-01T12:18:23Z,29
s008864,u0377,c009,mobile,5.2.0,2026-08-01T12:18:58Z,29
s008865,u0264,c001,mobile,5.2.0,2026-08-01T12:22:57Z,24
s008866,u0170,c009,mobile,5.2.0,2026-08-01T12:24:43Z,6
s008867,u0151,c028,mobile,5.2.0,2026-08-01T12:28:35Z,51
s008868,u0151,c028,mobile,5.2.0,2026-08-01T12:28:55Z,51
s008869,u0207,c003,web,,2026-08-01T12:30:21Z,10
s008870,u0037,c001,web,,2026-08-01T12:30:25Z,29
s008871,u0165,c008,tv,,2026-08-01T12:31:54Z,17
s008872,u0105,c003,web,,2026-08-01T12:32:01Z,32
s008873,u0499,c008,web,,2026-08-01T12:36:20Z,42
s008874,u0562,c056,tv,,2026-08-01T12:39:15Z,85
s008875,u0138,c005,mobile,5.2.0,2026-08-01T12:41:40Z,64
s008876,u0403,c007,tv,,2026-08-01T12:42:47Z,48
s008877,u0679,c003,mobile,5.2.0,2026-08-01T12:44:54Z,71
s008878,u0679,c003,mobile,5.2.0,2026-08-01T12:45:20Z,71
s008879,u0160,c011,tv,,2026-08-01T12:49:23Z,84
s008880,u0042,c023,tv,,2026-08-01T12:55:46Z,18
s008881,u0458,c001,tv,,2026-08-01T12:55:57Z,14
s008882,u0082,c001,mobile,5.2.0,2026-08-01T12:58:34Z,20
s008883,u0160,c007,tv,,2026-08-01T17:00:57Z,14
s008884,u0238,c022,web,,2026-08-01T17:05:12Z,66
s008885,u0755,c029,tv,,2026-08-01T17:07:01Z,78
s008886,u0657,c013,mobile,5.2.0,2026-08-01T17:07:47Z,25
s008887,u0304,c029,mobile,5.2.0,2026-08-01T17:12:23Z,18
s008888,u0630,c060,mobile,5.2.0,2026-08-01T17:12:36Z,10
s008889,u0324,c015,tv,,2026-08-01T17:14:28Z,57
s008890,u0755,c033,tv,,2026-08-01T17:17:39Z,104
s008891,u0534,c006,tv,,2026-08-01T17:18:04Z,46
s008892,u0195,c058,web,,2026-08-01T17:18:18Z,88
s008893,u0517,c006,mobile,5.2.0,2026-08-01T17:21:01Z,86
s008894,u0517,c006,mobile,5.2.0,2026-08-01T17:21:55Z,86
s008895,u0169,c006,mobile,5.2.0,2026-08-01T17:22:26Z,24
s008896,u0512,c024,mobile,5.2.0,2026-08-01T17:24:40Z,52
s008897,u0147,c037,mobile,5.2.0,2026-08-01T17:26:40Z,33
s008898,u0218,c011,mobile,5.2.0,2026-08-01T17:28:16Z,17
s008899,u0590,c001,tv,,2026-08-01T17:28:47Z,53
s008900,u0705,c014,mobile,5.2.0,2026-08-01T17:31:32Z,22
s008901,u0311,c002,tv,,2026-08-01T17:31:42Z,24
s008902,u0357,c030,mobile,5.2.0,2026-08-01T17:32:58Z,24
s008903,u0737,c014,mobile,5.2.0,2026-08-01T17:34:49Z,18
s008904,u0314,c039,tv,,2026-08-01T17:35:36Z,8
s008905,u0187,c018,web,,2026-08-01T17:37:29Z,60
s008906,u0181,c003,web,,2026-08-01T17:38:03Z,66
s008907,u0211,c031,mobile,5.2.0,2026-08-01T17:38:34Z,16
s008908,u0672,c010,mobile,5.2.0,2026-08-01T17:38:53Z,14
s008909,u0482,c011,mobile,5.2.0,2026-08-01T17:39:57Z,42
s008910,u0418,c058,mobile,5.2.0,2026-08-01T17:41:16Z,35
s008911,u0501,c003,web,,2026-08-01T17:41:49Z,6
s008912,u0351,c001,tv,,2026-08-01T17:42:29Z,77
s008913,u0357,c005,mobile,5.2.0,2026-08-01T17:43:11Z,24
s008914,u0029,c003,tv,,2026-08-01T17:43:19Z,57
s008915,u0357,c005,mobile,5.2.0,2026-08-01T17:43:49Z,24
s008916,u0419,c014,web,,2026-08-01T17:46:43Z,115
s008917,u0368,c011,mobile,5.2.0,2026-08-01T17:48:38Z,43
s008918,u0468,c048,tv,,2026-08-01T17:53:57Z,67
s008919,u0445,c001,mobile,5.2.0,2026-08-01T17:55:39Z,11
s008920,u0021,c052,tv,,2026-08-01T17:56:28Z,91
s008921,u0027,c029,tv,,2026-08-01T19:00:40Z,49
s008922,u0453,c002,mobile,5.2.0,2026-08-01T19:02:10Z,30
s008923,u0351,c003,tv,,2026-08-01T19:02:29Z,47
s008924,u0453,c002,mobile,5.2.0,2026-08-01T19:02:56Z,30
s008925,u0516,c001,mobile,5.2.0,2026-08-01T19:03:04Z,18
s008926,u0453,c002,mobile,5.2.0,2026-08-01T19:03:22Z,30
s008927,u0325,c004,mobile,5.2.0,2026-08-01T19:03:45Z,25
s008928,u0531,c029,tv,,2026-08-01T19:04:20Z,35
s008929,u0641,c001,web,,2026-08-01T19:05:44Z,13
s008930,u0164,c039,web,,2026-08-01T19:07:30Z,33
s008931,u0511,c006,tv,,2026-08-01T19:07:30Z,15
s008932,u0745,c009,mobile,5.2.0,2026-08-01T19:07:37Z,15
s008933,u0407,c027,mobile,5.2.0,2026-08-01T19:07:52Z,11
s008934,u0426,c006,mobile,5.2.0,2026-08-01T19:08:51Z,30
s008935,u0183,c022,tv,,2026-08-01T19:08:53Z,61
s008936,u0182,c028,web,,2026-08-01T19:09:04Z,14
s008937,u0071,c058,web,,2026-08-01T19:09:13Z,14
s008938,u0665,c005,tv,,2026-08-01T19:09:25Z,95
s008939,u0426,c006,mobile,5.2.0,2026-08-01T19:09:35Z,30
s008940,u0761,c002,tv,,2026-08-01T19:09:44Z,15
s008941,u0216,c002,mobile,5.2.0,2026-08-01T19:11:07Z,12
s008942,u0066,c002,web,,2026-08-01T19:11:29Z,19
s008943,u0171,c004,mobile,5.2.0,2026-08-01T19:11:53Z,20
s008944,u0027,c019,tv,,2026-08-01T19:11:54Z,19
s008945,u0644,c001,mobile,5.2.0,2026-08-01T19:12:42Z,5
s008946,u0783,c007,tv,,2026-08-01T19:13:35Z,11
s008947,u0340,c003,tv,,2026-08-01T19:13:44Z,37
s008948,u0109,c033,mobile,5.2.0,2026-08-01T19:13:49Z,87
s008949,u0109,c033,mobile,5.2.0,2026-08-01T19:14:07Z,87
s008950,u0109,c033,mobile,5.2.0,2026-08-01T19:14:34Z,87
s008951,u0155,c001,tv,,2026-08-01T19:15:03Z,240
s008952,u0349,c008,tv,,2026-08-01T19:16:03Z,73
s008953,u0226,c001,tv,,2026-08-01T19:16:41Z,17
s008954,u0704,c002,tv,,2026-08-01T19:16:42Z,36
s008955,u0413,c002,web,,2026-08-01T19:17:12Z,34
s008956,u0017,c003,tv,,2026-08-01T19:17:53Z,119
s008957,u0605,c044,tv,,2026-08-01T19:17:54Z,34
s008958,u0123,c015,web,,2026-08-01T19:18:38Z,26
s008959,u0455,c010,web,,2026-08-01T19:18:53Z,23
s008960,u0413,c001,mobile,5.2.0,2026-08-01T19:19:03Z,57
s008961,u0413,c001,mobile,5.2.0,2026-08-01T19:19:08Z,57
s008962,u0505,c044,web,,2026-08-01T19:19:19Z,65
s008963,u0147,c012,mobile,5.2.0,2026-08-01T19:19:39Z,40
s008964,u0289,c011,mobile,5.2.0,2026-08-01T19:20:44Z,8
s008965,u0157,c008,web,,2026-08-01T19:20:53Z,48
s008966,u0292,c031,tv,,2026-08-01T19:21:00Z,45
s008967,u0675,c020,tv,,2026-08-01T19:21:33Z,96
s008968,u0138,c047,mobile,5.2.0,2026-08-01T19:21:48Z,37
s008969,u0505,c002,web,,2026-08-01T19:22:12Z,35
s008970,u0219,c006,mobile,5.2.0,2026-08-01T19:23:28Z,24
s008971,u0688,c001,mobile,5.2.0,2026-08-01T19:23:52Z,65
s008972,u0164,c032,tv,,2026-08-01T19:24:03Z,240
s008973,u0566,c001,mobile,5.2.0,2026-08-01T19:24:57Z,12
s008974,u0566,c001,mobile,5.2.0,2026-08-01T19:25:03Z,12
s008975,u0079,c002,tv,,2026-08-01T19:26:27Z,50
s008976,u0075,c003,tv,,2026-08-01T19:26:47Z,55
s008977,u0616,c039,tv,,2026-08-01T19:27:06Z,63
s008978,u0185,c013,mobile,5.2.0,2026-08-01T19:27:21Z,16
s008979,u0629,c003,tv,,2026-08-01T19:27:22Z,46
s008980,u0041,c001,web,,2026-08-01T19:28:44Z,45
s008981,u0677,c035,mobile,5.2.0,2026-08-01T19:29:06Z,6
s008982,u0189,c038,mobile,5.2.0,2026-08-01T19:29:22Z,8
s008983,u0056,c005,web,,2026-08-01T19:29:27Z,13
s008984,u0652,c027,web,,2026-08-01T19:29:46Z,73
s008985,u0555,c001,mobile,5.2.0,2026-08-01T19:31:07Z,10
s008986,u0207,c003,web,,2026-08-01T19:31:30Z,18
s008987,u0669,c016,mobile,5.2.0,2026-08-01T19:31:43Z,159
s008988,u0083,c020,mobile,5.2.0,2026-08-01T19:31:59Z,22
s008989,u0430,c022,mobile,5.2.0,2026-08-01T19:34:11Z,31
s008990,u0115,c003,mobile,5.2.0,2026-08-01T19:34:49Z,21
s008991,u0152,c007,web,,2026-08-01T19:35:06Z,70
s008992,u0122,c007,web,,2026-08-01T19:38:08Z,39
s008993,u0645,c013,mobile,5.2.0,2026-08-01T19:38:36Z,25
s008994,u0663,c010,web,,2026-08-01T19:38:53Z,151
s008995,u0657,c032,mobile,5.2.0,2026-08-01T19:39:13Z,10
s008996,u0104,c007,web,,2026-08-01T19:39:30Z,13
s008997,u0061,c001,tv,,2026-08-01T19:39:49Z,75
s008998,u0414,c004,mobile,5.2.0,2026-08-01T19:40:37Z,14
s008999,u0324,c042,tv,,2026-08-01T19:41:18Z,30
s009000,u0771,c006,tv,,2026-08-01T19:41:44Z,53
s009001,u0748,c037,mobile,5.2.0,2026-08-01T19:43:02Z,34
s009002,u0751,c008,mobile,5.2.0,2026-08-01T19:43:36Z,6
s009003,u0330,c041,web,,2026-08-01T19:43:45Z,54
s009004,u0421,c010,mobile,5.2.0,2026-08-01T19:44:37Z,17
s009005,u0677,c023,mobile,5.2.0,2026-08-01T19:45:01Z,35
s009006,u0260,c009,mobile,5.2.0,2026-08-01T19:45:48Z,82
s009007,u0461,c003,web,,2026-08-01T19:46:21Z,19
s009008,u0560,c001,mobile,5.2.0,2026-08-01T19:46:32Z,33
s009009,u0665,c030,mobile,5.2.0,2026-08-01T19:47:12Z,53
s009010,u0650,c033,mobile,5.2.0,2026-08-01T19:47:47Z,10
s009011,u0289,c057,mobile,5.2.0,2026-08-01T19:47:59Z,8
s009012,u0431,c038,mobile,5.2.0,2026-08-01T19:47:59Z,24
s009013,u0665,c030,mobile,5.2.0,2026-08-01T19:48:01Z,53
s009014,u0650,c033,mobile,5.2.0,2026-08-01T19:48:31Z,10
s009015,u0431,c008,mobile,5.2.0,2026-08-01T19:49:32Z,16
s009016,u0683,c020,mobile,5.2.0,2026-08-01T19:50:36Z,77
s009017,u0352,c057,tv,,2026-08-01T19:52:01Z,46
s009018,u0719,c003,mobile,5.2.0,2026-08-01T19:52:56Z,36
s009019,u0052,c027,web,,2026-08-01T19:53:12Z,41
s009020,u0554,c037,web,,2026-08-01T19:53:37Z,23
s009021,u0273,c013,web,,2026-08-01T19:54:28Z,34
s009022,u0288,c003,web,,2026-08-01T19:54:42Z,9
s009023,u0266,c024,mobile,5.2.0,2026-08-01T19:57:58Z,52
s009024,u0762,c032,tv,,2026-08-01T19:58:18Z,16
s009025,u0266,c024,mobile,5.2.0,2026-08-01T19:58:40Z,52
s009026,u0390,c032,web,,2026-08-01T19:58:57Z,25
s009027,u0476,c003,tv,,2026-08-01T19:59:55Z,31
s009028,u0248,c025,mobile,5.2.0,2026-08-01T21:00:47Z,28
s009029,u0766,c006,mobile,5.2.0,2026-08-01T21:00:57Z,24
s009030,u0248,c025,mobile,5.2.0,2026-08-01T21:01:04Z,28
s009031,u0170,c005,mobile,5.2.0,2026-08-01T21:01:17Z,66
s009032,u0292,c056,tv,,2026-08-01T21:01:31Z,125
s009033,u0321,c019,web,,2026-08-01T21:06:05Z,27
s009034,u0124,c002,mobile,5.2.0,2026-08-01T21:07:25Z,11
s009035,u0386,c052,mobile,5.2.0,2026-08-01T21:07:43Z,33
s009036,u0165,c002,tv,,2026-08-01T21:08:11Z,24
s009037,u0386,c052,mobile,5.2.0,2026-08-01T21:08:11Z,33
s009038,u0443,c009,mobile,5.2.0,2026-08-01T21:09:33Z,134
s009039,u0503,c022,mobile,5.2.0,2026-08-01T21:10:47Z,11
s009040,u0741,c041,tv,,2026-08-01T21:12:28Z,99
s009041,u0247,c001,mobile,5.2.0,2026-08-01T21:14:07Z,26
s009042,u0491,c004,web,,2026-08-01T21:15:52Z,42
s009043,u0586,c005,mobile,5.2.0,2026-08-01T21:16:11Z,22
s009044,u0554,c044,web,,2026-08-01T21:16:22Z,54
s009045,u0601,c004,tv,,2026-08-01T21:16:24Z,35
s009046,u0666,c008,mobile,5.2.0,2026-08-01T21:16:26Z,43
s009047,u0586,c005,mobile,5.2.0,2026-08-01T21:16:42Z,22
s009048,u0671,c003,web,,2026-08-01T21:17:10Z,50
s009049,u0307,c004,mobile,5.2.0,2026-08-01T21:17:15Z,17
s009050,u0779,c001,web,,2026-08-01T21:17:26Z,39
s009051,u0179,c010,tv,,2026-08-01T21:17:27Z,20
s009052,u0524,c020,mobile,5.2.0,2026-08-01T21:18:00Z,38
s009053,u0524,c001,mobile,5.2.0,2026-08-01T21:18:18Z,18
s009054,u0524,c020,mobile,5.2.0,2026-08-01T21:18:36Z,38
s009055,u0524,c001,mobile,5.2.0,2026-08-01T21:18:48Z,18
s009056,u0697,c039,web,,2026-08-01T21:18:50Z,41
s009057,u0744,c022,tv,,2026-08-01T21:21:03Z,17
s009058,u0748,c035,mobile,5.2.0,2026-08-01T21:21:29Z,26
s009059,u0751,c018,mobile,5.2.0,2026-08-01T21:21:46Z,11
s009060,u0085,c005,web,,2026-08-01T21:21:55Z,9
s009061,u0748,c035,mobile,5.2.0,2026-08-01T21:22:22Z,26
s009062,u0339,c012,tv,,2026-08-01T21:23:14Z,77
s009063,u0023,c023,mobile,5.2.0,2026-08-01T21:23:27Z,20
s009064,u0335,c001,tv,,2026-08-01T21:23:41Z,146
s009065,u0013,c041,tv,,2026-08-01T21:23:59Z,44
s009066,u0568,c029,mobile,5.2.0,2026-08-01T21:24:09Z,30
s009067,u0458,c015,web,,2026-08-01T21:25:04Z,26
s009068,u0182,c004,web,,2026-08-01T21:25:12Z,23
s009069,u0431,c020,mobile,5.2.0,2026-08-01T21:26:01Z,45
s009070,u0583,c001,mobile,5.2.0,2026-08-01T21:26:08Z,35
s009071,u0090,c024,tv,,2026-08-01T21:28:54Z,67
s009072,u0267,c003,web,,2026-08-01T21:29:04Z,13
s009073,u0271,c032,web,,2026-08-01T21:30:06Z,28
s009074,u0289,c003,mobile,5.2.0,2026-08-01T21:30:26Z,11
s009075,u0562,c004,mobile,5.2.0,2026-08-01T21:30:54Z,15
s009076,u0607,c001,tv,,2026-08-01T21:31:22Z,198
s009077,u0562,c004,mobile,5.2.0,2026-08-01T21:31:26Z,15
s009078,u0638,c014,web,,2026-08-01T21:31:28Z,24
s009079,u0630,c012,tv,,2026-08-01T21:32:11Z,33
s009080,u0095,c005,web,,2026-08-01T21:32:22Z,52
s009081,u0601,c002,tv,,2026-08-01T21:32:40Z,57
s009082,u0226,c020,mobile,5.2.0,2026-08-01T21:32:52Z,18
s009083,u0151,c005,mobile,5.2.0,2026-08-01T21:33:01Z,32
s009084,u0253,c002,tv,,2026-08-01T21:33:35Z,87
s009085,u0472,c007,mobile,5.2.0,2026-08-01T21:34:35Z,22
s009086,u0684,c058,web,,2026-08-01T21:34:39Z,36
s009087,u0411,c003,mobile,5.2.0,2026-08-01T21:36:19Z,17
s009088,u0503,c060,mobile,5.2.0,2026-08-01T21:38:45Z,31
s009089,u0651,c003,tv,,2026-08-01T21:39:48Z,46
s009090,u0780,c024,tv,,2026-08-01T21:39:56Z,27
s009091,u0103,c043,web,,2026-08-01T21:41:29Z,118
s009092,u0795,c014,mobile,5.2.0,2026-08-01T21:41:57Z,46
s009093,u0680,c024,mobile,5.2.0,2026-08-01T21:42:42Z,21
s009094,u0795,c014,mobile,5.2.0,2026-08-01T21:42:43Z,46
s009095,u0291,c052,web,,2026-08-01T21:42:53Z,53
s009096,u0545,c001,web,,2026-08-01T21:44:50Z,34
s009097,u0520,c002,web,,2026-08-01T21:45:23Z,57
s009098,u0681,c023,tv,,2026-08-01T21:45:34Z,47
s009099,u0491,c001,web,,2026-08-01T21:45:40Z,47
s009100,u0773,c002,mobile,5.2.0,2026-08-01T21:45:47Z,13
s009101,u0028,c051,tv,,2026-08-01T21:45:52Z,48
s009102,u0255,c001,web,,2026-08-01T21:47:48Z,11
s009103,u0340,c050,tv,,2026-08-01T21:48:04Z,62
s009104,u0609,c042,tv,,2026-08-01T21:49:26Z,77
s009105,u0604,c029,mobile,5.2.0,2026-08-01T21:50:48Z,27
s009106,u0020,c012,tv,,2026-08-01T21:50:58Z,18
s009107,u0721,c046,web,,2026-08-01T21:51:26Z,90
s009108,u0230,c022,mobile,5.2.0,2026-08-01T21:51:33Z,37
s009109,u0235,c001,web,,2026-08-01T21:52:31Z,20
s009110,u0226,c047,mobile,5.2.0,2026-08-01T21:53:55Z,25
s009111,u0288,c004,web,,2026-08-01T21:54:39Z,133
s009112,u0663,c001,web,,2026-08-01T21:55:05Z,87
s009113,u0112,c010,tv,,2026-08-01T21:57:19Z,89
s009114,u0122,c003,web,,2026-08-01T21:57:48Z,63
s009115,u0008,c006,mobile,5.2.0,2026-08-01T21:58:13Z,7
s009116,u0225,c002,web,,2026-08-01T21:58:17Z,86
s009117,u0008,c006,mobile,5.2.0,2026-08-01T21:58:29Z,7
s009118,u0115,c013,mobile,5.2.0,2026-08-01T21:58:38Z,17
s009119,u0226,c016,mobile,5.2.0,2026-08-01T21:59:25Z,16
s009120,u0226,c016,mobile,5.2.0,2026-08-01T22:00:02Z,16
s009121,u0791,c023,mobile,5.2.0,2026-08-01T23:02:35Z,5
s009122,u0743,c006,tv,,2026-08-01T23:02:39Z,44
s009123,u0024,c001,tv,,2026-08-01T23:06:20Z,21
s009124,u0558,c005,mobile,5.2.0,2026-08-01T23:12:57Z,20
s009125,u0462,c057,mobile,5.2.0,2026-08-01T23:16:41Z,73
s009126,u0202,c057,web,,2026-08-01T23:20:27Z,23
s009127,u0662,c058,web,,2026-08-01T23:21:13Z,93
s009128,u0793,c004,tv,,2026-08-01T23:21:53Z,22
s009129,u0276,c013,mobile,5.2.0,2026-08-01T23:21:58Z,55
s009130,u0448,c031,mobile,5.2.0,2026-08-01T23:24:13Z,17
s009131,u0448,c031,mobile,5.2.0,2026-08-01T23:25:13Z,17
s009132,u0614,c011,mobile,5.2.0,2026-08-01T23:27:23Z,33
s009133,u0607,c003,web,,2026-08-01T23:35:28Z,43
s009134,u0590,c002,tv,,2026-08-01T23:38:06Z,19
s009135,u0253,c003,tv,,2026-08-01T23:40:10Z,51
s009136,u0612,c001,tv,,2026-08-01T23:41:33Z,63
s009137,u0320,c001,web,,2026-08-01T23:47:27Z,38
s009138,u0183,c050,tv,,2026-08-01T23:48:34Z,59
s009139,u0795,c029,mobile,5.2.0,2026-08-01T23:48:49Z,10
s009140,u0772,c045,mobile,5.2.0,2026-08-01T23:50:15Z,21
s009141,u0036,c026,web,,2026-08-01T23:50:52Z,32
s009142,u0179,c030,tv,,2026-08-01T23:56:01Z,61
s009143,u0766,c001,mobile,5.2.0,2026-08-01T23:57:11Z,24
s009144,u0766,c001,mobile,5.2.0,2026-08-01T23:57:32Z,24
s009145,u0701,c017,mobile,5.2.0,2026-08-01T23:58:20Z,15
s009146,u0663,c001,tv,,2026-08-01T23:58:45Z,140
s009147,u0701,c017,mobile,5.2.0,2026-08-01T23:58:48Z,15
s009148,u0441,c001,tv,,2026-08-02T08:03:19Z,154
s009149,u0784,c009,mobile,5.2.0,2026-08-02T08:04:43Z,23
s009150,u0021,c012,tv,,2026-08-02T08:08:51Z,142
s009151,u0014,c004,mobile,5.2.0,2026-08-02T08:10:45Z,23
s009152,u0014,c004,mobile,5.2.0,2026-08-02T08:11:36Z,23
s009153,u0066,c002,tv,,2026-08-02T08:11:55Z,35
s009154,u0479,c001,mobile,5.2.0,2026-08-02T08:16:46Z,25
s009155,u0438,c026,tv,,2026-08-02T08:19:57Z,22
s009156,u0569,c014,web,,2026-08-02T08:30:32Z,47
s009157,u0490,c036,web,,2026-08-02T08:31:45Z,32
s009158,u0745,c006,mobile,5.2.0,2026-08-02T08:33:15Z,23
s009159,u0745,c006,mobile,5.2.0,2026-08-02T08:33:59Z,23
s009160,u0497,c015,mobile,5.2.0,2026-08-02T08:34:15Z,16
s009161,u0745,c006,mobile,5.2.0,2026-08-02T08:34:46Z,23
s009162,u0063,c001,web,,2026-08-02T08:41:09Z,77
s009163,u0556,c001,tv,,2026-08-02T08:42:32Z,44
s009164,u0780,c001,tv,,2026-08-02T08:43:09Z,56
s009165,u0709,c012,mobile,5.2.0,2026-08-02T08:44:25Z,17
s009166,u0467,c030,tv,,2026-08-02T08:50:39Z,43
s009167,u0590,c012,tv,,2026-08-02T08:52:20Z,42
s009168,u0153,c004,web,,2026-08-02T08:53:16Z,61
s009169,u0343,c018,web,,2026-08-02T08:59:29Z,40
s009170,u0460,c023,web,,2026-08-02T12:00:11Z,28
s009171,u0248,c018,mobile,5.2.0,2026-08-02T12:01:24Z,51
s009172,u0247,c050,mobile,5.2.0,2026-08-02T12:01:51Z,21
s009173,u0583,c001,mobile,5.2.0,2026-08-02T12:01:55Z,11
s009174,u0247,c050,mobile,5.2.0,2026-08-02T12:02:24Z,21
s009175,u0247,c050,mobile,5.2.0,2026-08-02T12:02:52Z,21
s009176,u0717,c001,web,,2026-08-02T12:07:06Z,78
s009177,u0491,c009,tv,,2026-08-02T12:08:37Z,89
s009178,u0609,c001,mobile,5.2.0,2026-08-02T12:11:21Z,23
s009179,u0145,c017,tv,,2026-08-02T12:11:37Z,44
s009180,u0522,c028,web,,2026-08-02T12:13:19Z,33
s009181,u0283,c022,mobile,5.2.0,2026-08-02T12:14:25Z,19
s009182,u0283,c022,mobile,5.2.0,2026-08-02T12:14:55Z,19
s009183,u0410,c034,web,,2026-08-02T12:18:16Z,35
s009184,u0123,c005,tv,,2026-08-02T12:20:31Z,173
s009185,u0362,c031,tv,,2026-08-02T12:22:46Z,110
s009186,u0014,c008,web,,2026-08-02T12:25:33Z,43
s009187,u0273,c060,web,,2026-08-02T12:27:04Z,26
s009188,u0276,c060,tv,,2026-08-02T12:28:52Z,70
s009189,u0017,c059,tv,,2026-08-02T12:29:00Z,28
s009190,u0772,c008,mobile,5.2.0,2026-08-02T12:29:08Z,25
s009191,u0655,c001,mobile,5.2.0,2026-08-02T12:29:30Z,29
s009192,u0772,c008,mobile,5.2.0,2026-08-02T12:29:31Z,25
s009193,u0655,c001,mobile,5.2.0,2026-08-02T12:29:54Z,29
s009194,u0655,c001,mobile,5.2.0,2026-08-02T12:30:09Z,29
s009195,u0407,c001,mobile,5.2.0,2026-08-02T12:33:08Z,14
s009196,u0169,c055,mobile,5.2.0,2026-08-02T12:35:34Z,21
s009197,u0339,c037,tv,,2026-08-02T12:35:48Z,50
s009198,u0619,c028,mobile,5.2.0,2026-08-02T12:36:38Z,38
s009199,u0744,c051,tv,,2026-08-02T12:41:50Z,92
s009200,u0325,c002,mobile,5.2.0,2026-08-02T12:42:25Z,36
s009201,u0505,c050,web,,2026-08-02T12:45:06Z,36
s009202,u0471,c060,web,,2026-08-02T12:45:59Z,70
s009203,u0664,c023,mobile,5.2.0,2026-08-02T12:46:55Z,12
s009204,u0744,c007,tv,,2026-08-02T12:47:01Z,29
s009205,u0625,c004,web,,2026-08-02T12:47:05Z,26
s009206,u0655,c001,mobile,5.2.0,2026-08-02T12:47:08Z,15
s009207,u0287,c003,mobile,5.2.0,2026-08-02T12:47:21Z,38
s009208,u0287,c003,mobile,5.2.0,2026-08-02T12:47:47Z,38
s009209,u0664,c023,mobile,5.2.0,2026-08-02T12:47:51Z,12
s009210,u0124,c048,mobile,5.2.0,2026-08-02T12:50:32Z,10
s009211,u0357,c043,mobile,5.2.0,2026-08-02T12:52:17Z,48
s009212,u0287,c053,mobile,5.2.0,2026-08-02T12:52:40Z,31
s009213,u0357,c002,mobile,5.2.0,2026-08-02T12:53:12Z,26
s009214,u0287,c053,mobile,5.2.0,2026-08-02T12:53:29Z,31
s009215,u0357,c002,mobile,5.2.0,2026-08-02T12:53:38Z,26
s009216,u0010,c003,tv,,2026-08-02T12:53:53Z,66
s009217,u0558,c016,mobile,5.2.0,2026-08-02T12:53:53Z,15
s009218,u0189,c018,tv,,2026-08-02T12:55:29Z,92
s009219,u0520,c017,web,,2026-08-02T12:59:33Z,109
s009220,u0045,c010,mobile,5.2.0,2026-08-02T17:01:40Z,31
s009221,u0491,c054,web,,2026-08-02T17:04:01Z,57
s009222,u0451,c030,mobile,5.2.0,2026-08-02T17:04:16Z,22
s009223,u0129,c001,web,,2026-08-02T17:08:32Z,29
s009224,u0353,c008,web,,2026-08-02T17:08:45Z,104
s009225,u0124,c019,mobile,5.2.0,2026-08-02T17:11:17Z,51
s009226,u0194,c018,web,,2026-08-02T17:11:31Z,79
s009227,u0469,c002,web,,2026-08-02T17:11:44Z,15
s009228,u0786,c007,tv,,2026-08-02T17:13:41Z,34
s009229,u0276,c007,mobile,5.2.0,2026-08-02T17:13:54Z,41
s009230,u0276,c007,mobile,5.2.0,2026-08-02T17:14:34Z,41
s009231,u0031,c004,mobile,5.2.0,2026-08-02T17:15:13Z,27
s009232,u0031,c004,mobile,5.2.0,2026-08-02T17:15:50Z,27
s009233,u0138,c016,mobile,5.2.0,2026-08-02T17:17:47Z,31
s009234,u0526,c001,mobile,5.2.0,2026-08-02T17:18:23Z,17
s009235,u0138,c016,mobile,5.2.0,2026-08-02T17:18:39Z,31
s009236,u0013,c015,tv,,2026-08-02T17:19:00Z,68
s009237,u0526,c001,mobile,5.2.0,2026-08-02T17:19:06Z,17
s009238,u0014,c001,web,,2026-08-02T17:19:30Z,64
s009239,u0409,c001,web,,2026-08-02T17:23:28Z,31
s009240,u0038,c035,tv,,2026-08-02T17:25:59Z,75
s009241,u0491,c005,mobile,5.2.0,2026-08-02T17:27:04Z,13
s009242,u0345,c003,web,,2026-08-02T17:28:16Z,45
s009243,u0321,c024,web,,2026-08-02T17:31:07Z,105
s009244,u0328,c001,mobile,5.2.0,2026-08-02T17:31:44Z,12
s009245,u0794,c046,mobile,5.2.0,2026-08-02T17:33:22Z,15
s009246,u0794,c046,mobile,5.2.0,2026-08-02T17:33:42Z,15
s009247,u0324,c001,web,,2026-08-02T17:35:53Z,94
s009248,u0226,c006,mobile,5.2.0,2026-08-02T17:37:19Z,10
s009249,u0762,c010,tv,,2026-08-02T17:39:28Z,37
s009250,u0236,c001,web,,2026-08-02T17:39:42Z,45
s009251,u0569,c022,web,,2026-08-02T17:43:11Z,111
s009252,u0094,c010,mobile,5.2.0,2026-08-02T17:43:29Z,11
s009253,u0678,c057,web,,2026-08-02T17:44:18Z,13
s009254,u0027,c016,tv,,2026-08-02T17:44:39Z,45
s009255,u0417,c039,web,,2026-08-02T17:45:57Z,36
s009256,u0247,c029,web,,2026-08-02T17:47:09Z,40
s009257,u0251,c003,web,,2026-08-02T17:48:12Z,42
s009258,u0699,c043,mobile,5.2.0,2026-08-02T17:48:44Z,16
s009259,u0699,c043,mobile,5.2.0,2026-08-02T17:49:23Z,16
s009260,u0590,c004,tv,,2026-08-02T17:50:50Z,31
s009261,u0791,c001,mobile,5.2.0,2026-08-02T17:51:34Z,26
s009262,u0249,c033,tv,,2026-08-02T17:52:10Z,65
s009263,u0538,c013,web,,2026-08-02T17:53:28Z,30
s009264,u0697,c025,web,,2026-08-02T17:55:12Z,21
s009265,u0446,c003,mobile,5.2.0,2026-08-02T17:55:40Z,33
s009266,u0138,c021,mobile,5.2.0,2026-08-02T17:55:59Z,4
s009267,u0633,c020,tv,,2026-08-02T17:59:01Z,69
s009268,u0725,c033,mobile,5.2.0,2026-08-02T17:59:23Z,109
s009269,u0725,c033,mobile,5.2.0,2026-08-02T17:59:59Z,109
s009270,u0398,c016,mobile,5.2.0,2026-08-02T19:00:33Z,30
s009271,u0190,c053,mobile,5.2.0,2026-08-02T19:01:18Z,46
s009272,u0682,c004,web,,2026-08-02T19:01:32Z,43
s009273,u0601,c012,tv,,2026-08-02T19:01:47Z,66
s009274,u0234,c003,mobile,5.2.0,2026-08-02T19:02:04Z,13
s009275,u0779,c012,web,,2026-08-02T19:02:06Z,31
s009276,u0752,c051,tv,,2026-08-02T19:03:08Z,49
s009277,u0736,c004,tv,,2026-08-02T19:03:09Z,73
s009278,u0459,c001,mobile,5.2.0,2026-08-02T19:03:35Z,20
s009279,u0744,c002,tv,,2026-08-02T19:04:06Z,24
s009280,u0131,c014,mobile,5.2.0,2026-08-02T19:04:52Z,20
s009281,u0344,c003,mobile,5.2.0,2026-08-02T19:05:12Z,12
s009282,u0453,c019,mobile,5.2.0,2026-08-02T19:07:09Z,30
s009283,u0002,c046,mobile,5.2.0,2026-08-02T19:08:02Z,26
s009284,u0002,c046,mobile,5.2.0,2026-08-02T19:08:14Z,26
s009285,u0022,c010,mobile,5.2.0,2026-08-02T19:09:18Z,9
s009286,u0313,c002,tv,,2026-08-02T19:11:06Z,35
s009287,u0320,c002,web,,2026-08-02T19:11:58Z,59
s009288,u0659,c006,web,,2026-08-02T19:12:56Z,67
s009289,u0608,c010,web,,2026-08-02T19:13:46Z,37
s009290,u0465,c018,web,,2026-08-02T19:14:07Z,87
s009291,u0618,c051,tv,,2026-08-02T19:14:19Z,33
s009292,u0079,c007,tv,,2026-08-02T19:18:19Z,34
s009293,u0721,c003,mobile,5.2.0,2026-08-02T19:18:58Z,21
s009294,u0126,c009,tv,,2026-08-02T19:19:54Z,98
s009295,u0430,c046,mobile,5.2.0,2026-08-02T19:20:09Z,55
s009296,u0069,c023,mobile,5.2.0,2026-08-02T19:21:46Z,27
s009297,u0612,c039,mobile,5.2.0,2026-08-02T19:22:23Z,19
s009298,u0097,c003,mobile,5.2.0,2026-08-02T19:22:32Z,18
s009299,u0019,c054,mobile,5.2.0,2026-08-02T19:22:37Z,31
s009300,u0069,c023,mobile,5.2.0,2026-08-02T19:22:42Z,27
s009301,u0028,c001,mobile,5.2.0,2026-08-02T19:22:50Z,8
s009302,u0612,c039,mobile,5.2.0,2026-08-02T19:22:53Z,19
s009303,u0019,c054,mobile,5.2.0,2026-08-02T19:23:34Z,31
s009304,u0126,c021,tv,,2026-08-02T19:24:21Z,62
s009305,u0099,c019,web,,2026-08-02T19:25:27Z,16
s009306,u0247,c006,mobile,5.2.0,2026-08-02T19:25:57Z,46
s009307,u0123,c007,mobile,5.2.0,2026-08-02T19:26:09Z,35
s009308,u0670,c003,tv,,2026-08-02T19:27:12Z,89
s009309,u0609,c036,mobile,5.2.0,2026-08-02T19:27:30Z,18
s009310,u0355,c001,tv,,2026-08-02T19:29:00Z,66
s009311,u0581,c012,mobile,5.2.0,2026-08-02T19:30:22Z,17
s009312,u0015,c032,tv,,2026-08-02T19:31:28Z,25
s009313,u0027,c049,tv,,2026-08-02T19:32:04Z,39
s009314,u0698,c036,mobile,5.2.0,2026-08-02T19:33:31Z,26
s009315,u0613,c010,tv,,2026-08-02T19:33:34Z,30
s009316,u0698,c036,mobile,5.2.0,2026-08-02T19:33:40Z,26
s009317,u0601,c030,tv,,2026-08-02T19:33:52Z,54
s009318,u0709,c006,mobile,5.2.0,2026-08-02T19:34:53Z,20
s009319,u0461,c001,web,,2026-08-02T19:35:03Z,33
s009320,u0446,c001,mobile,5.2.0,2026-08-02T19:35:24Z,40
s009321,u0575,c027,tv,,2026-08-02T19:36:10Z,116
s009322,u0402,c001,web,,2026-08-02T19:36:19Z,12
s009323,u0546,c006,web,,2026-08-02T19:37:46Z,46
s009324,u0370,c001,mobile,5.2.0,2026-08-02T19:37:48Z,32
s009325,u0314,c051,tv,,2026-08-02T19:38:15Z,48
s009326,u0668,c001,mobile,5.2.0,2026-08-02T19:38:22Z,24
s009327,u0618,c021,tv,,2026-08-02T19:39:02Z,51
s009328,u0191,c012,web,,2026-08-02T19:39:10Z,36
s009329,u0077,c025,mobile,5.2.0,2026-08-02T19:39:35Z,180
s009330,u0320,c003,web,,2026-08-02T19:39:51Z,29
s009331,u0697,c001,web,,2026-08-02T19:39:58Z,58
s009332,u0124,c009,mobile,5.2.0,2026-08-02T19:40:37Z,23
s009333,u0124,c009,mobile,5.2.0,2026-08-02T19:40:48Z,23
s009334,u0459,c034,mobile,5.2.0,2026-08-02T19:41:14Z,21
s009335,u0078,c042,web,,2026-08-02T19:42:01Z,38
s009336,u0386,c006,mobile,5.2.0,2026-08-02T19:43:01Z,24
s009337,u0466,c040,tv,,2026-08-02T19:45:04Z,28
s009338,u0634,c005,tv,,2026-08-02T19:45:42Z,59
s009339,u0655,c006,mobile,5.2.0,2026-08-02T19:46:22Z,17
s009340,u0500,c005,tv,,2026-08-02T19:46:33Z,30
s009341,u0655,c006,mobile,5.2.0,2026-08-02T19:47:13Z,17
s009342,u0704,c040,tv,,2026-08-02T19:47:21Z,47
s009343,u0471,c003,web,,2026-08-02T19:49:00Z,20
s009344,u0015,c012,web,,2026-08-02T19:49:55Z,13
s009345,u0655,c020,mobile,5.2.0,2026-08-02T19:51:07Z,24
s009346,u0699,c023,mobile,5.2.0,2026-08-02T19:51:32Z,52
s009347,u0366,c023,mobile,5.2.0,2026-08-02T19:51:36Z,10
s009348,u0138,c003,mobile,5.2.0,2026-08-02T19:52:12Z,11
s009349,u0601,c001,tv,,2026-08-02T19:52:17Z,71
s009350,u0615,c029,mobile,5.2.0,2026-08-02T19:52:30Z,60
s009351,u0170,c038,tv,,2026-08-02T19:53:15Z,25
s009352,u0448,c039,mobile,5.2.0,2026-08-02T19:53:42Z,46
s009353,u0442,c006,tv,,2026-08-02T19:54:24Z,49
s009354,u0658,c003,mobile,5.2.0,2026-08-02T19:54:48Z,30
s009355,u0245,c002,tv,,2026-08-02T19:54:50Z,23
s009356,u0171,c001,mobile,5.2.0,2026-08-02T19:55:13Z,19
s009357,u0480,c006,web,,2026-08-02T19:55:35Z,23
s009358,u0193,c053,web,,2026-08-02T19:55:54Z,60
s009359,u0616,c012,tv,,2026-08-02T19:56:05Z,51
s009360,u0782,c001,web,,2026-08-02T19:56:18Z,19
s009361,u0069,c005,mobile,5.2.0,2026-08-02T19:58:28Z,56
s009362,u0069,c005,mobile,5.2.0,2026-08-02T19:58:53Z,56
s009363,u0130,c012,tv,,2026-08-02T19:59:03Z,66
s009364,u0411,c011,mobile,5.2.0,2026-08-02T19:59:37Z,22
s009365,u0069,c005,mobile,5.2.0,2026-08-02T19:59:45Z,56
s009366,u0129,c021,web,,2026-08-02T21:00:09Z,77
s009367,u0745,c002,mobile,5.2.0,2026-08-02T21:00:19Z,21
s009368,u0607,c001,tv,,2026-08-02T21:01:14Z,31
s009369,u0155,c044,tv,,2026-08-02T21:01:39Z,58
s009370,u0241,c023,web,,2026-08-02T21:01:49Z,20
s009371,u0797,c029,tv,,2026-08-02T21:03:29Z,77
s009372,u0576,c013,web,,2026-08-02T21:03:56Z,88
s009373,u0629,c003,tv,,2026-08-02T21:04:33Z,27
s009374,u0766,c007,mobile,5.2.0,2026-08-02T21:05:59Z,26
s009375,u0082,c010,mobile,5.2.0,2026-08-02T21:08:13Z,138
s009376,u0265,c021,tv,,2026-08-02T21:08:50Z,94
s009377,u0291,c005,mobile,5.2.0,2026-08-02T21:10:07Z,30
s009378,u0609,c006,web,,2026-08-02T21:11:52Z,17
s009379,u0037,c016,tv,,2026-08-02T21:12:39Z,54
s009380,u0672,c008,mobile,5.2.0,2026-08-02T21:12:42Z,25
s009381,u0769,c009,web,,2026-08-02T21:13:35Z,93
s009382,u0120,c002,tv,,2026-08-02T21:13:36Z,73
s009383,u0450,c001,mobile,5.2.0,2026-08-02T21:15:38Z,51
s009384,u0322,c004,mobile,5.2.0,2026-08-02T21:15:40Z,22
s009385,u0631,c007,mobile,5.2.0,2026-08-02T21:16:07Z,22
s009386,u0624,c013,mobile,5.2.0,2026-08-02T21:18:56Z,11
s009387,u0524,c003,web,,2026-08-02T21:19:30Z,20
s009388,u0128,c006,tv,,2026-08-02T21:19:48Z,124
s009389,u0624,c013,mobile,5.2.0,2026-08-02T21:19:55Z,11
s009390,u0352,c001,tv,,2026-08-02T21:20:18Z,51
s009391,u0615,c019,mobile,5.2.0,2026-08-02T21:20:46Z,10
s009392,u0480,c019,web,,2026-08-02T21:21:06Z,11
s009393,u0623,c006,web,,2026-08-02T21:21:33Z,72
s009394,u0704,c008,tv,,2026-08-02T21:21:39Z,102
s009395,u0523,c010,mobile,5.2.0,2026-08-02T21:21:41Z,51
s009396,u0780,c012,tv,,2026-08-02T21:24:05Z,36
s009397,u0232,c042,tv,,2026-08-02T21:24:20Z,216
s009398,u0321,c010,web,,2026-08-02T21:25:12Z,48
s009399,u0183,c029,tv,,2026-08-02T21:25:15Z,44
s009400,u0784,c004,web,,2026-08-02T21:25:28Z,20
s009401,u0075,c002,mobile,5.2.0,2026-08-02T21:26:42Z,15
s009402,u0797,c018,tv,,2026-08-02T21:26:42Z,35
s009403,u0474,c052,mobile,5.2.0,2026-08-02T21:28:13Z,22
s009404,u0770,c023,tv,,2026-08-02T21:28:50Z,96
s009405,u0028,c030,tv,,2026-08-02T21:29:09Z,32
s009406,u0162,c003,mobile,5.2.0,2026-08-02T21:29:24Z,16
s009407,u0609,c001,mobile,5.2.0,2026-08-02T21:29:59Z,40
s009408,u0213,c032,web,,2026-08-02T21:30:05Z,22
s009409,u0024,c012,tv,,2026-08-02T21:30:12Z,21
s009410,u0216,c001,mobile,5.2.0,2026-08-02T21:31:46Z,17
s009411,u0318,c002,tv,,2026-08-02T21:32:20Z,37
s009412,u0675,c002,tv,,2026-08-02T21:32:48Z,19
s009413,u0139,c001,web,,2026-08-02T21:33:19Z,32
s009414,u0015,c011,tv,,2026-08-02T21:33:28Z,9
s009415,u0004,c034,web,,2026-08-02T21:33:56Z,43
s009416,u0126,c001,mobile,5.2.0,2026-08-02T21:34:03Z,22
s009417,u0594,c016,mobile,5.2.0,2026-08-02T21:35:05Z,55
s009418,u0609,c005,tv,,2026-08-02T21:36:47Z,74
s009419,u0601,c024,tv,,2026-08-02T21:36:53Z,106
s009420,u0318,c002,tv,,2026-08-02T21:37:13Z,94
s009421,u0186,c001,mobile,5.2.0,2026-08-02T21:37:23Z,20
s009422,u0506,c003,mobile,5.2.0,2026-08-02T21:37:39Z,38
s009423,u0423,c014,mobile,5.2.0,2026-08-02T21:37:46Z,25
s009424,u0684,c014,web,,2026-08-02T21:37:55Z,78
s009425,u0506,c003,mobile,5.2.0,2026-08-02T21:38:26Z,38
s009426,u0047,c006,mobile,5.2.0,2026-08-02T21:39:32Z,20
s009427,u0047,c006,mobile,5.2.0,2026-08-02T21:39:37Z,20
s009428,u0225,c004,web,,2026-08-02T21:40:14Z,50
s009429,u0499,c003,web,,2026-08-02T21:40:23Z,24
s009430,u0662,c059,web,,2026-08-02T21:40:42Z,33
s009431,u0222,c006,mobile,5.2.0,2026-08-02T21:41:39Z,8
s009432,u0213,c008,tv,,2026-08-02T21:42:10Z,19
s009433,u0028,c002,mobile,5.2.0,2026-08-02T21:42:22Z,28
s009434,u0222,c054,mobile,5.2.0,2026-08-02T21:42:28Z,8
s009435,u0641,c006,web,,2026-08-02T21:42:43Z,50
s009436,u0644,c045,mobile,5.2.0,2026-08-02T21:42:56Z,44
s009437,u0149,c001,tv,,2026-08-02T21:43:10Z,36
s009438,u0028,c002,mobile,5.2.0,2026-08-02T21:43:19Z,28
s009439,u0354,c053,tv,,2026-08-02T21:44:01Z,22
s009440,u0018,c002,mobile,5.2.0,2026-08-02T21:44:26Z,27
s009441,u0518,c001,mobile,5.2.0,2026-08-02T21:44:29Z,31
s009442,u0794,c005,mobile,5.2.0,2026-08-02T21:44:49Z,23
s009443,u0518,c001,mobile,5.2.0,2026-08-02T21:44:50Z,31
s009444,u0581,c003,mobile,5.2.0,2026-08-02T21:44:59Z,15
s009445,u0138,c003,mobile,5.2.0,2026-08-02T21:45:16Z,50
s009446,u0794,c005,mobile,5.2.0,2026-08-02T21:45:34Z,23
s009447,u0125,c016,mobile,5.2.0,2026-08-02T21:45:36Z,12
s009448,u0794,c005,mobile,5.2.0,2026-08-02T21:46:24Z,23
s009449,u0234,c008,mobile,5.2.0,2026-08-02T21:47:05Z,29
s009450,u0234,c008,mobile,5.2.0,2026-08-02T21:47:28Z,29
s009451,u0479,c005,mobile,5.2.0,2026-08-02T21:47:39Z,16
s009452,u0306,c001,mobile,5.2.0,2026-08-02T21:48:12Z,14
s009453,u0039,c003,mobile,5.2.0,2026-08-02T21:49:45Z,30
s009454,u0045,c026,mobile,5.2.0,2026-08-02T21:50:44Z,12
s009455,u0677,c002,mobile,5.2.0,2026-08-02T21:51:19Z,8
s009456,u0423,c002,mobile,5.2.0,2026-08-02T21:51:26Z,17
s009457,u0423,c002,mobile,5.2.0,2026-08-02T21:51:29Z,17
s009458,u0473,c021,web,,2026-08-02T21:52:25Z,43
s009459,u0370,c042,mobile,5.2.0,2026-08-02T21:52:37Z,16
s009460,u0370,c042,mobile,5.2.0,2026-08-02T21:52:51Z,16
s009461,u0133,c001,mobile,5.2.0,2026-08-02T21:53:13Z,25
s009462,u0133,c001,mobile,5.2.0,2026-08-02T21:54:11Z,25
s009463,u0355,c001,web,,2026-08-02T21:54:44Z,23
s009464,u0190,c024,mobile,5.2.0,2026-08-02T21:55:35Z,37
s009465,u0165,c023,tv,,2026-08-02T21:56:42Z,27
s009466,u0491,c005,web,,2026-08-02T21:56:50Z,29
s009467,u0096,c007,mobile,5.2.0,2026-08-02T21:58:23Z,8
s009468,u0446,c001,mobile,5.2.0,2026-08-02T21:58:40Z,19
s009469,u0623,c054,web,,2026-08-02T21:58:56Z,48
s009470,u0389,c032,web,,2026-08-02T21:59:14Z,23
s009471,u0692,c036,mobile,5.2.0,2026-08-02T21:59:26Z,16
s009472,u0692,c036,mobile,5.2.0,2026-08-02T21:59:51Z,16
s009473,u0372,c001,mobile,5.2.0,2026-08-02T23:00:25Z,91
s009474,u0779,c005,mobile,5.2.0,2026-08-02T23:00:28Z,50
s009475,u0190,c056,mobile,5.2.0,2026-08-02T23:06:31Z,7
s009476,u0190,c056,mobile,5.2.0,2026-08-02T23:07:03Z,7
s009477,u0786,c016,tv,,2026-08-02T23:08:13Z,40
s009478,u0204,c022,mobile,5.2.0,2026-08-02T23:10:43Z,23
s009479,u0065,c029,mobile,5.2.0,2026-08-02T23:21:11Z,17
s009480,u0154,c017,tv,,2026-08-02T23:23:55Z,35
s009481,u0756,c002,mobile,5.2.0,2026-08-02T23:25:08Z,11
s009482,u0771,c046,tv,,2026-08-02T23:26:31Z,29
s009483,u0277,c032,web,,2026-08-02T23:26:34Z,80
s009484,u0674,c005,mobile,5.2.0,2026-08-02T23:28:33Z,26
s009485,u0005,c023,tv,,2026-08-02T23:31:53Z,67
s009486,u0218,c018,mobile,5.2.0,2026-08-02T23:32:00Z,100
s009487,u0410,c003,web,,2026-08-02T23:34:30Z,33
s009488,u0270,c021,web,,2026-08-02T23:37:34Z,26
s009489,u0525,c038,web,,2026-08-02T23:39:40Z,45
s009490,u0309,c001,tv,,2026-08-02T23:40:05Z,42
s009491,u0601,c032,tv,,2026-08-02T23:43:08Z,40
s009492,u0049,c005,web,,2026-08-02T23:44:09Z,20
s009493,u0774,c017,mobile,5.2.0,2026-08-02T23:45:16Z,56
s009494,u0774,c017,mobile,5.2.0,2026-08-02T23:45:49Z,56
s009495,u0493,c016,web,,2026-08-02T23:49:36Z,35
s009496,u0426,c004,mobile,5.2.0,2026-08-02T23:51:23Z,23
s009497,u0100,c032,web,,2026-08-02T23:53:30Z,71
s009498,u0015,c002,tv,,2026-08-02T23:55:08Z,43
s009499,u0249,c059,tv,,2026-08-02T23:58:29Z,55
s009500,u0478,c032,tv,,2026-08-03T08:04:05Z,17
s009501,u0214,c002,mobile,5.3.0,2026-08-03T08:07:58Z,36
s009502,u0151,c026,mobile,5.3.0,2026-08-03T08:18:14Z,14
s009503,u0689,c002,tv,,2026-08-03T08:21:01Z,26
s009504,u0211,c020,mobile,5.3.0,2026-08-03T08:22:11Z,31
s009505,u0128,c011,mobile,5.3.0,2026-08-03T08:24:21Z,17
s009506,u0288,c003,web,,2026-08-03T08:42:28Z,5
s009507,u0417,c003,mobile,5.3.0,2026-08-03T08:43:07Z,13
s009508,u0689,c001,tv,,2026-08-03T08:47:07Z,32
s009509,u0654,c001,web,,2026-08-03T08:47:42Z,27
s009510,u0431,c002,mobile,5.3.0,2026-08-03T08:49:35Z,29
s009511,u0443,c002,mobile,5.3.0,2026-08-03T08:50:59Z,23
s009512,u0538,c002,web,,2026-08-03T08:52:12Z,66
s009513,u0626,c014,web,,2026-08-03T12:03:27Z,7
s009514,u0097,c038,tv,,2026-08-03T12:06:08Z,50
s009515,u0766,c036,mobile,5.3.0,2026-08-03T12:12:02Z,10
s009516,u0300,c001,web,,2026-08-03T12:12:30Z,32
s009517,u0035,c047,web,,2026-08-03T12:20:14Z,44
s009518,u0148,c020,tv,,2026-08-03T12:22:16Z,36
s009519,u0607,c002,tv,,2026-08-03T12:24:24Z,27
s009520,u0735,c031,mobile,5.3.0,2026-08-03T12:25:54Z,11
s009521,u0538,c008,web,,2026-08-03T12:26:45Z,32
s009522,u0177,c029,tv,,2026-08-03T12:26:59Z,78
s009523,u0090,c002,tv,,2026-08-03T12:28:44Z,15
s009524,u0210,c009,tv,,2026-08-03T12:29:16Z,23
s009525,u0491,c056,web,,2026-08-03T12:35:18Z,39
s009526,u0672,c010,web,,2026-08-03T12:35:40Z,27
s009527,u0430,c002,mobile,5.3.0,2026-08-03T12:37:31Z,46
s009528,u0346,c008,mobile,5.3.0,2026-08-03T12:40:53Z,44
s009529,u0516,c003,mobile,5.3.0,2026-08-03T12:42:27Z,15
s009530,u0333,c008,mobile,5.3.0,2026-08-03T12:44:53Z,10
s009531,u0444,c009,web,,2026-08-03T12:48:28Z,23
s009532,u0095,c007,mobile,5.3.0,2026-08-03T12:49:07Z,50
s009533,u0658,c008,mobile,5.3.0,2026-08-03T12:50:09Z,30
s009534,u0109,c002,mobile,5.3.0,2026-08-03T12:53:26Z,13
s009535,u0217,c002,tv,,2026-08-03T12:58:58Z,22
s009536,u0234,c031,mobile,5.3.0,2026-08-03T12:59:03Z,13
s009537,u0035,c030,web,,2026-08-03T12:59:33Z,35
s009538,u0688,c039,web,,2026-08-03T12:59:46Z,24
s009539,u0015,c057,tv,,2026-08-03T17:03:14Z,32
s009540,u0604,c004,tv,,2026-08-03T17:06:04Z,24
s009541,u0275,c002,web,,2026-08-03T17:06:13Z,99
s009542,u0512,c030,mobile,5.3.0,2026-08-03T17:06:45Z,38
s009543,u0491,c004,web,,2026-08-03T17:10:02Z,36
s009544,u0491,c052,web,,2026-08-03T17:11:18Z,69
s009545,u0109,c006,mobile,5.3.0,2026-08-03T17:12:14Z,27
s009546,u0099,c001,tv,,2026-08-03T17:12:21Z,37
s009547,u0279,c012,web,,2026-08-03T17:13:35Z,53
s009548,u0295,c016,mobile,5.3.0,2026-08-03T17:18:58Z,19
s009549,u0333,c004,mobile,5.3.0,2026-08-03T17:21:56Z,62
s009550,u0189,c007,mobile,5.3.0,2026-08-03T17:24:32Z,6
s009551,u0687,c057,mobile,5.3.0,2026-08-03T17:24:39Z,13
s009552,u0665,c002,mobile,5.3.0,2026-08-03T17:27:14Z,32
s009553,u0677,c011,mobile,5.3.0,2026-08-03T17:27:38Z,19
s009554,u0185,c022,mobile,5.3.0,2026-08-03T17:27:44Z,37
s009555,u0253,c020,tv,,2026-08-03T17:29:02Z,32
s009556,u0675,c009,tv,,2026-08-03T17:29:40Z,25
s009557,u0375,c040,mobile,5.3.0,2026-08-03T17:31:03Z,14
s009558,u0363,c003,web,,2026-08-03T17:32:12Z,213
s009559,u0289,c029,mobile,5.3.0,2026-08-03T17:32:16Z,23
s009560,u0447,c005,mobile,5.3.0,2026-08-03T17:32:43Z,61
s009561,u0218,c014,mobile,5.3.0,2026-08-03T17:32:47Z,17
s009562,u0225,c001,web,,2026-08-03T17:32:48Z,21
s009563,u0278,c022,mobile,5.3.0,2026-08-03T17:33:59Z,11
s009564,u0669,c009,mobile,5.3.0,2026-08-03T17:34:04Z,24
s009565,u0766,c038,mobile,5.3.0,2026-08-03T17:36:44Z,30
s009566,u0085,c010,mobile,5.3.0,2026-08-03T17:37:32Z,16
s009567,u0376,c001,tv,,2026-08-03T17:37:34Z,69
s009568,u0804,c001,tv,,2026-08-03T17:37:52Z,90
s009569,u0252,c019,mobile,5.3.0,2026-08-03T17:39:13Z,15
s009570,u0575,c015,mobile,5.3.0,2026-08-03T17:40:11Z,14
s009571,u0487,c039,tv,,2026-08-03T17:41:42Z,26
s009572,u0247,c001,mobile,5.3.0,2026-08-03T17:41:55Z,38
s009573,u0138,c009,mobile,5.3.0,2026-08-03T17:42:06Z,11
s009574,u0562,c026,tv,,2026-08-03T17:43:11Z,64
s009575,u0115,c012,mobile,5.3.0,2026-08-03T17:43:13Z,49
s009576,u0267,c053,web,,2026-08-03T17:44:46Z,52
s009577,u0231,c058,mobile,5.3.0,2026-08-03T17:45:48Z,12
s009578,u0118,c028,web,,2026-08-03T17:46:05Z,66
s009579,u0793,c002,mobile,5.3.0,2026-08-03T17:46:33Z,75
s009580,u0662,c051,mobile,5.3.0,2026-08-03T17:49:05Z,26
s009581,u0292,c045,tv,,2026-08-03T17:49:11Z,93
s009582,u0146,c013,mobile,5.3.0,2026-08-03T17:49:54Z,35
s009583,u0719,c001,mobile,5.3.0,2026-08-03T17:50:58Z,17
s009584,u0193,c030,web,,2026-08-03T17:51:54Z,44
s009585,u0725,c023,mobile,5.3.0,2026-08-03T17:52:36Z,20
s009586,u0459,c004,mobile,5.3.0,2026-08-03T17:53:09Z,33
s009587,u0757,c022,mobile,5.3.0,2026-08-03T17:54:33Z,63
s009588,u0184,c011,tv,,2026-08-03T17:55:41Z,72
s009589,u0103,c029,tv,,2026-08-03T17:56:58Z,65
s009590,u0105,c001,web,,2026-08-03T17:57:33Z,79
s009591,u0528,c021,mobile,5.3.0,2026-08-03T19:00:09Z,31
s009592,u0531,c007,tv,,2026-08-03T19:00:19Z,78
s009593,u0779,c002,web,,2026-08-03T19:00:50Z,51
s009594,u0152,c054,web,,2026-08-03T19:01:07Z,50
s009595,u0396,c003,tv,,2026-08-03T19:02:16Z,66
s009596,u0716,c001,tv,,2026-08-03T19:03:03Z,96
s009597,u0603,c017,tv,,2026-08-03T19:03:13Z,101
s009598,u0105,c038,web,,2026-08-03T19:04:19Z,20
s009599,u0365,c001,tv,,2026-08-03T19:05:50Z,36
s009600,u0356,c025,web,,2026-08-03T19:05:52Z,54
s009601,u0500,c001,tv,,2026-08-03T19:06:05Z,15
s009602,u0432,c034,tv,,2026-08-03T19:06:34Z,89
s009603,u0287,c020,mobile,5.3.0,2026-08-03T19:07:49Z,18
s009604,u0679,c006,mobile,5.3.0,2026-08-03T19:08:02Z,26
s009605,u0318,c018,tv,,2026-08-03T19:08:55Z,29
s009606,u0243,c024,web,,2026-08-03T19:10:18Z,27
s009607,u0711,c015,mobile,5.3.0,2026-08-03T19:10:24Z,12
s009608,u0309,c001,tv,,2026-08-03T19:11:20Z,56
s009609,u0547,c022,mobile,5.3.0,2026-08-03T19:11:32Z,31
s009610,u0854,c001,web,,2026-08-03T19:11:32Z,29
s009611,u0738,c002,mobile,5.3.0,2026-08-03T19:11:41Z,25
s009612,u0018,c007,web,,2026-08-03T19:12:35Z,42
s009613,u0049,c053,web,,2026-08-03T19:13:16Z,68
s009614,u0109,c044,web,,2026-08-03T19:13:30Z,19
s009615,u0783,c038,tv,,2026-08-03T19:14:33Z,38
s009616,u0439,c001,mobile,5.3.0,2026-08-03T19:15:27Z,24
s009617,u0010,c005,tv,,2026-08-03T19:15:29Z,27
s009618,u0160,c014,web,,2026-08-03T19:15:35Z,21
s009619,u0292,c001,mobile,5.3.0,2026-08-03T19:16:33Z,17
s009620,u0409,c012,web,,2026-08-03T19:17:56Z,33
s009621,u0136,c002,mobile,5.3.0,2026-08-03T19:19:08Z,34
s009622,u0190,c001,mobile,5.3.0,2026-08-03T19:19:23Z,37
s009623,u0765,c014,tv,,2026-08-03T19:19:53Z,94
s009624,u0715,c003,mobile,5.3.0,2026-08-03T19:20:42Z,29
s009625,u0295,c026,mobile,5.3.0,2026-08-03T19:21:11Z,19
s009626,u0707,c003,mobile,5.3.0,2026-08-03T19:21:12Z,20
s009627,u0353,c007,tv,,2026-08-03T19:21:26Z,39
s009628,u0028,c006,tv,,2026-08-03T19:21:27Z,46
s009629,u0323,c059,mobile,5.3.0,2026-08-03T19:22:27Z,29
s009630,u0090,c002,tv,,2026-08-03T19:23:09Z,17
s009631,u0170,c024,mobile,5.3.0,2026-08-03T19:23:23Z,16
s009632,u0185,c025,mobile,5.3.0,2026-08-03T19:23:38Z,17
s009633,u0629,c004,mobile,5.3.0,2026-08-03T19:23:38Z,35
s009634,u0178,c034,tv,,2026-08-03T19:23:57Z,14
s009635,u0709,c001,mobile,5.3.0,2026-08-03T19:24:05Z,18
s009636,u0031,c045,mobile,5.3.0,2026-08-03T19:24:18Z,8
s009637,u0797,c035,tv,,2026-08-03T19:24:18Z,77
s009638,u0750,c001,tv,,2026-08-03T19:24:26Z,36
s009639,u0737,c035,mobile,5.3.0,2026-08-03T19:26:00Z,15
s009640,u0688,c013,mobile,5.3.0,2026-08-03T19:26:22Z,17
s009641,u0077,c002,mobile,5.3.0,2026-08-03T19:26:46Z,22
s009642,u0370,c016,mobile,5.3.0,2026-08-03T19:26:56Z,15
s009643,u0743,c015,tv,,2026-08-03T19:27:43Z,59
s009644,u0562,c042,tv,,2026-08-03T19:27:46Z,65
s009645,u0029,c004,tv,,2026-08-03T19:28:22Z,57
s009646,u0368,c009,web,,2026-08-03T19:29:31Z,28
s009647,u0448,c034,mobile,5.3.0,2026-08-03T19:29:47Z,24
s009648,u0329,c025,web,,2026-08-03T19:30:07Z,24
s009649,u0700,c010,tv,,2026-08-03T19:30:31Z,90
s009650,u0258,c045,mobile,5.3.0,2026-08-03T19:30:57Z,12
s009651,u0551,c011,web,,2026-08-03T19:31:35Z,69
s009652,u0310,c002,tv,,2026-08-03T19:32:09Z,63
s009653,u0466,c008,tv,,2026-08-03T19:32:18Z,34
s009654,u0088,c007,mobile,5.3.0,2026-08-03T19:32:34Z,10
s009655,u0488,c002,mobile,5.3.0,2026-08-03T19:33:35Z,16
s009656,u0659,c002,mobile,5.3.0,2026-08-03T19:33:47Z,40
s009657,u0733,c012,tv,,2026-08-03T19:35:32Z,23
s009658,u0707,c004,web,,2026-08-03T19:35:52Z,47
s009659,u0211,c044,mobile,5.3.0,2026-08-03T19:36:04Z,26
s009660,u0422,c001,tv,,2026-08-03T19:38:03Z,33
s009661,u0568,c004,mobile,5.3.0,2026-08-03T19:39:16Z,28
s009662,u0665,c003,mobile,5.3.0,2026-08-03T19:40:44Z,42
s009663,u0421,c018,mobile,5.3.0,2026-08-03T19:42:40Z,16
s009664,u0309,c009,tv,,2026-08-03T19:42:43Z,35
s009665,u0150,c042,tv,,2026-08-03T19:43:38Z,47
s009666,u0220,c028,tv,,2026-08-03T19:43:53Z,40
s009667,u0692,c022,mobile,5.3.0,2026-08-03T19:44:05Z,27
s009668,u0088,c021,mobile,5.3.0,2026-08-03T19:44:07Z,52
s009669,u0095,c005,web,,2026-08-03T19:44:08Z,77
s009670,u0342,c023,web,,2026-08-03T19:44:11Z,23
s009671,u0351,c013,tv,,2026-08-03T19:44:25Z,206
s009672,u0655,c007,mobile,5.3.0,2026-08-03T19:45:02Z,43
s009673,u0769,c001,web,,2026-08-03T19:45:12Z,66
s009674,u0297,c050,mobile,5.3.0,2026-08-03T19:45:17Z,61
s009675,u0896,c008,mobile,5.3.0,2026-08-03T19:45:20Z,18
s009676,u0213,c004,web,,2026-08-03T19:45:30Z,18
s009677,u0680,c020,mobile,5.3.0,2026-08-03T19:45:44Z,22
s009678,u0291,c011,web,,2026-08-03T19:47:04Z,24
s009679,u0721,c001,web,,2026-08-03T19:48:12Z,19
s009680,u0286,c013,mobile,5.3.0,2026-08-03T19:49:19Z,46
s009681,u0060,c005,tv,,2026-08-03T19:49:31Z,95
s009682,u0162,c006,mobile,5.3.0,2026-08-03T19:50:50Z,28
s009683,u0104,c001,web,,2026-08-03T19:51:41Z,55
s009684,u0046,c053,mobile,5.3.0,2026-08-03T19:53:42Z,20
s009685,u0523,c018,web,,2026-08-03T19:53:49Z,73
s009686,u0283,c001,mobile,5.3.0,2026-08-03T19:54:20Z,33
s009687,u0297,c008,tv,,2026-08-03T19:56:48Z,20
s009688,u0387,c022,web,,2026-08-03T19:57:14Z,21
s009689,u0137,c054,tv,,2026-08-03T19:58:54Z,110
s009690,u0126,c003,tv,,2026-08-03T21:00:04Z,109
s009691,u0743,c026,tv,,2026-08-03T21:00:46Z,9
s009692,u0507,c001,tv,,2026-08-03T21:02:49Z,19
s009693,u0247,c004,mobile,5.3.0,2026-08-03T21:02:52Z,23
s009694,u0008,c001,mobile,5.3.0,2026-08-03T21:03:11Z,18
s009695,u0396,c046,tv,,2026-08-03T21:03:32Z,33
s009696,u0472,c032,mobile,5.3.0,2026-08-03T21:03:38Z,21
s009697,u0068,c028,web,,2026-08-03T21:03:45Z,29
s009698,u0466,c008,tv,,2026-08-03T21:05:03Z,77
s009699,u0455,c021,web,,2026-08-03T21:06:03Z,17
s009700,u0499,c002,web,,2026-08-03T21:06:34Z,22
s009701,u0231,c029,mobile,5.3.0,2026-08-03T21:08:02Z,17
s009702,u0157,c001,web,,2026-08-03T21:09:13Z,36
s009703,u0675,c012,tv,,2026-08-03T21:10:07Z,36
s009704,u0452,c002,mobile,5.3.0,2026-08-03T21:11:50Z,60
s009705,u0156,c027,tv,,2026-08-03T21:12:10Z,40
s009706,u0651,c001,tv,,2026-08-03T21:13:29Z,17
s009707,u0752,c025,web,,2026-08-03T21:13:53Z,51
s009708,u0118,c035,tv,,2026-08-03T21:14:38Z,32
s009709,u0316,c006,mobile,5.3.0,2026-08-03T21:15:05Z,7
s009710,u0445,c003,mobile,5.3.0,2026-08-03T21:16:20Z,16
s009711,u0189,c007,mobile,5.3.0,2026-08-03T21:16:38Z,12
s009712,u0650,c031,mobile,5.3.0,2026-08-03T21:17:15Z,21
s009713,u0575,c004,tv,,2026-08-03T21:17:36Z,67
s009714,u0872,c002,mobile,5.3.0,2026-08-03T21:18:19Z,7
s009715,u0182,c001,web,,2026-08-03T21:18:35Z,28
s009716,u0279,c001,web,,2026-08-03T21:19:56Z,8
s009717,u0791,c010,mobile,5.3.0,2026-08-03T21:20:07Z,14
s009718,u0245,c029,tv,,2026-08-03T21:20:58Z,38
s009719,u0042,c027,tv,,2026-08-03T21:21:10Z,96
s009720,u0491,c001,web,,2026-08-03T21:22:55Z,39
s009721,u0503,c007,web,,2026-08-03T21:23:02Z,105
s009722,u0689,c003,tv,,2026-08-03T21:23:09Z,30
s009723,u0230,c007,mobile,5.3.0,2026-08-03T21:23:34Z,27
s009724,u0387,c008,mobile,5.3.0,2026-08-03T21:23:37Z,7
s009725,u0630,c029,mobile,5.3.0,2026-08-03T21:25:10Z,13
s009726,u0737,c002,mobile,5.3.0,2026-08-03T21:29:31Z,37
s009727,u0753,c001,tv,,2026-08-03T21:31:46Z,9
s009728,u0202,c023,tv,,2026-08-03T21:32:26Z,237
s009729,u0637,c002,mobile,5.3.0,2026-08-03T21:32:43Z,16
s009730,u0071,c014,web,,2026-08-03T21:33:00Z,75
s009731,u0757,c002,mobile,5.3.0,2026-08-03T21:33:01Z,17
s009732,u0673,c014,web,,2026-08-03T21:35:00Z,89
s009733,u0684,c019,mobile,5.3.0,2026-08-03T21:35:24Z,10
s009734,u0539,c005,web,,2026-08-03T21:36:13Z,76
s009735,u0231,c002,mobile,5.3.0,2026-08-03T21:37:12Z,17
s009736,u0631,c010,web,,2026-08-03T21:37:23Z,43
s009737,u0287,c025,web,,2026-08-03T21:37:40Z,39
s009738,u0056,c001,web,,2026-08-03T21:38:40Z,19
s009739,u0128,c004,tv,,2026-08-03T21:38:44Z,25
s009740,u0157,c058,web,,2026-08-03T21:39:56Z,22
s009741,u0466,c033,tv,,2026-08-03T21:40:18Z,46
s009742,u0754,c013,mobile,5.3.0,2026-08-03T21:41:21Z,28
s009743,u0478,c027,tv,,2026-08-03T21:41:23Z,38
s009744,u0395,c014,tv,,2026-08-03T21:41:35Z,53
s009745,u0459,c006,mobile,5.3.0,2026-08-03T21:41:42Z,30
s009746,u0448,c046,mobile,5.3.0,2026-08-03T21:42:01Z,33
s009747,u0534,c025,tv,,2026-08-03T21:42:03Z,73
s009748,u0451,c001,mobile,5.3.0,2026-08-03T21:42:20Z,24
s009749,u0680,c015,mobile,5.3.0,2026-08-03T21:43:47Z,79
s009750,u0057,c013,mobile,5.3.0,2026-08-03T21:43:56Z,16
s009751,u0018,c008,web,,2026-08-03T21:44:34Z,24
s009752,u0663,c031,web,,2026-08-03T21:47:52Z,80
s009753,u0266,c022,mobile,5.3.0,2026-08-03T21:47:54Z,9
s009754,u0715,c002,mobile,5.3.0,2026-08-03T21:48:10Z,10
s009755,u0458,c006,web,,2026-08-03T21:48:50Z,11
s009756,u0786,c043,tv,,2026-08-03T21:48:54Z,116
s009757,u0199,c019,web,,2026-08-03T21:49:33Z,61
s009758,u0709,c001,mobile,5.3.0,2026-08-03T21:52:42Z,38
s009759,u0491,c006,web,,2026-08-03T21:53:58Z,10
s009760,u0333,c003,mobile,5.3.0,2026-08-03T21:54:25Z,45
s009761,u0491,c049,web,,2026-08-03T21:54:51Z,19
s009762,u0189,c008,tv,,2026-08-03T21:55:48Z,21
s009763,u0444,c059,web,,2026-08-03T21:55:54Z,18
s009764,u0030,c007,web,,2026-08-03T21:57:30Z,34
s009765,u0179,c002,tv,,2026-08-03T21:57:50Z,17
s009766,u0287,c003,tv,,2026-08-03T23:00:24Z,47
s009767,u0010,c029,tv,,2026-08-03T23:01:23Z,188
s009768,u0622,c002,mobile,5.3.0,2026-08-03T23:02:33Z,17
s009769,u0226,c006,mobile,5.3.0,2026-08-03T23:02:44Z,11
s009770,u0338,c017,tv,,2026-08-03T23:04:45Z,44
s009771,u0584,c001,web,,2026-08-03T23:05:21Z,24
s009772,u0669,c017,mobile,5.3.0,2026-08-03T23:05:35Z,29
s009773,u0198,c009,mobile,5.3.0,2026-08-03T23:06:19Z,26
s009774,u0390,c051,mobile,5.3.0,2026-08-03T23:08:53Z,13
s009775,u0098,c022,tv,,2026-08-03T23:09:19Z,70
s009776,u0569,c001,web,,2026-08-03T23:09:22Z,16
s009777,u0003,c034,mobile,5.3.0,2026-08-03T23:10:35Z,36
s009778,u0366,c054,mobile,5.3.0,2026-08-03T23:12:23Z,11
s009779,u0386,c009,mobile,5.3.0,2026-08-03T23:13:12Z,8
s009780,u0447,c002,mobile,5.3.0,2026-08-03T23:19:04Z,17
s009781,u0302,c005,tv,,2026-08-03T23:19:07Z,50
s009782,u0005,c004,tv,,2026-08-03T23:19:41Z,42
s009783,u0547,c002,mobile,5.3.0,2026-08-03T23:24:23Z,25
s009784,u0539,c004,web,,2026-08-03T23:29:36Z,30
s009785,u0709,c004,mobile,5.3.0,2026-08-03T23:34:51Z,21
s009786,u0461,c057,web,,2026-08-03T23:36:19Z,59
s009787,u0631,c002,mobile,5.3.0,2026-08-03T23:36:26Z,78
s009788,u0437,c015,mobile,5.3.0,2026-08-03T23:36:47Z,20
s009789,u0642,c056,mobile,5.3.0,2026-08-03T23:37:05Z,22
s009790,u0375,c002,tv,,2026-08-03T23:37:12Z,25
s009791,u0227,c002,tv,,2026-08-03T23:38:08Z,54
s009792,u0018,c004,mobile,5.3.0,2026-08-03T23:40:07Z,16
s009793,u0750,c027,tv,,2026-08-03T23:40:43Z,88
s009794,u0520,c055,web,,2026-08-03T23:40:59Z,54
s009795,u0670,c011,tv,,2026-08-03T23:43:37Z,62
s009796,u0154,c010,web,,2026-08-03T23:45:29Z,121
s009797,u0313,c003,tv,,2026-08-03T23:46:49Z,20
s009798,u0478,c023,tv,,2026-08-03T23:47:16Z,59
s009799,u0104,c003,web,,2026-08-03T23:48:02Z,55
s009800,u0154,c003,web,,2026-08-03T23:52:54Z,67
s009801,u0171,c003,mobile,5.3.0,2026-08-03T23:54:11Z,9
s009802,u0163,c004,mobile,5.3.0,2026-08-03T23:57:34Z,15
s009803,u0586,c043,mobile,5.3.0,2026-08-04T08:05:15Z,45
s009804,u0092,c013,web,,2026-08-04T08:05:27Z,50
s009805,u0289,c001,web,,2026-08-04T08:10:34Z,30
s009806,u0745,c033,mobile,5.3.0,2026-08-04T08:19:59Z,17
s009807,u0304,c016,mobile,5.3.0,2026-08-04T08:21:03Z,26
s009808,u0473,c004,web,,2026-08-04T08:22:11Z,43
s009809,u0117,c031,tv,,2026-08-04T08:25:51Z,62
s009810,u0609,c030,mobile,5.3.0,2026-08-04T08:26:49Z,22
s009811,u0206,c001,mobile,5.3.0,2026-08-04T08:32:53Z,52
s009812,u0434,c045,mobile,5.3.0,2026-08-04T08:35:32Z,30
s009813,u0656,c059,tv,,2026-08-04T08:38:36Z,68
s009814,u0076,c014,tv,,2026-08-04T08:50:00Z,31
s009815,u0206,c001,mobile,5.3.0,2026-08-04T08:55:02Z,15
s009816,u0413,c004,web,,2026-08-04T08:59:22Z,25
s009817,u0689,c007,tv,,2026-08-04T12:02:43Z,92
s009818,u0564,c046,web,,2026-08-04T12:05:11Z,26
s009819,u0427,c014,web,,2026-08-04T12:07:52Z,59
s009820,u0115,c020,web,,2026-08-04T12:09:13Z,18
s009821,u0390,c027,web,,2026-08-04T12:10:24Z,35
s009822,u0436,c001,mobile,5.3.0,2026-08-04T12:13:23Z,12
s009823,u0042,c047,tv,,2026-08-04T12:16:44Z,71
s009824,u0745,c022,mobile,5.3.0,2026-08-04T12:20:12Z,6
s009825,u0057,c002,mobile,5.3.0,2026-08-04T12:23:33Z,14
s009826,u0512,c011,mobile,5.3.0,2026-08-04T12:24:41Z,45
s009827,u0410,c027,web,,2026-08-04T12:24:59Z,86
s009828,u0065,c015,tv,,2026-08-04T12:25:59Z,40
s009829,u0444,c022,web,,2026-08-04T12:27:20Z,20
s009830,u0292,c038,tv,,2026-08-04T12:28:32Z,10
s009831,u0307,c010,mobile,5.3.0,2026-08-04T12:29:40Z,32
s009832,u0196,c001,tv,,2026-08-04T12:30:40Z,60
s009833,u0400,c001,mobile,5.3.0,2026-08-04T12:32:13Z,49
s009834,u0104,c002,web,,2026-08-04T12:38:02Z,44
s009835,u0091,c040,mobile,5.3.0,2026-08-04T12:38:08Z,7
s009836,u0129,c034,web,,2026-08-04T12:41:48Z,56
s009837,u0746,c001,mobile,5.3.0,2026-08-04T12:43:19Z,11
s009838,u0520,c024,web,,2026-08-04T12:47:25Z,87
s009839,u0500,c004,mobile,5.3.0,2026-08-04T12:48:23Z,14
s009840,u0400,c003,mobile,5.3.0,2026-08-04T12:52:16Z,9
s009841,u0731,c001,mobile,5.3.0,2026-08-04T12:53:55Z,39
s009842,u0056,c036,web,,2026-08-04T12:55:33Z,13
s009843,u0023,c032,mobile,5.3.0,2026-08-04T12:59:57Z,38
s009844,u0779,c034,web,,2026-08-04T17:00:17Z,19
s009845,u0468,c028,tv,,2026-08-04T17:00:27Z,21
s009846,u0304,c046,mobile,5.3.0,2026-08-04T17:00:29Z,22
s009847,u0200,c020,mobile,5.3.0,2026-08-04T17:00:50Z,21
s009848,u0026,c004,mobile,5.3.0,2026-08-04T17:01:37Z,8
s009849,u0473,c007,web,,2026-08-04T17:01:54Z,15
s009850,u0308,c002,web,,2026-08-04T17:03:44Z,19
s009851,u0624,c024,mobile,5.3.0,2026-08-04T17:03:46Z,26
s009852,u0872,c024,mobile,5.3.0,2026-08-04T17:06:07Z,17
s009853,u0634,c059,tv,,2026-08-04T17:07:08Z,101
s009854,u0422,c001,tv,,2026-08-04T17:07:41Z,15
s009855,u0699,c004,tv,,2026-08-04T17:08:43Z,32
s009856,u0750,c007,tv,,2026-08-04T17:14:30Z,29
s009857,u0251,c014,web,,2026-08-04T17:15:37Z,17
s009858,u0141,c043,tv,,2026-08-04T17:15:41Z,12
s009859,u0430,c027,mobile,5.3.0,2026-08-04T17:17:26Z,16
s009860,u0097,c026,mobile,5.3.0,2026-08-04T17:18:26Z,15
s009861,u0081,c009,tv,,2026-08-04T17:18:27Z,168
s009862,u0861,c001,mobile,5.3.0,2026-08-04T17:18:37Z,4
s009863,u0402,c028,mobile,5.3.0,2026-08-04T17:19:02Z,17
s009864,u0355,c013,web,,2026-08-04T17:19:15Z,58
s009865,u0622,c006,mobile,5.3.0,2026-08-04T17:21:34Z,23
s009866,u0162,c008,mobile,5.3.0,2026-08-04T17:22:03Z,10
s009867,u0617,c001,tv,,2026-08-04T17:24:04Z,40
s009868,u0659,c021,web,,2026-08-04T17:24:21Z,55
s009869,u0446,c036,mobile,5.3.0,2026-08-04T17:24:59Z,13
s009870,u0138,c002,mobile,5.3.0,2026-08-04T17:25:31Z,20
s009871,u0755,c001,tv,,2026-08-04T17:26:01Z,31
s009872,u0180,c018,tv,,2026-08-04T17:28:13Z,35
s009873,u0222,c027,mobile,5.3.0,2026-08-04T17:28:35Z,19
s009874,u0545,c001,tv,,2026-08-04T17:29:45Z,46
s009875,u0650,c044,mobile,5.3.0,2026-08-04T17:31:27Z,9
s009876,u0044,c029,mobile,5.3.0,2026-08-04T17:32:40Z,24
s009877,u0248,c001,mobile,5.3.0,2026-08-04T17:33:37Z,13
s009878,u0491,c003,web,,2026-08-04T17:34:14Z,29
s009879,u0376,c011,tv,,2026-08-04T17:35:20Z,87
s009880,u0147,c027,mobile,5.3.0,2026-08-04T17:37:39Z,67
s009881,u0190,c034,mobile,5.3.0,2026-08-04T17:39:01Z,75
s009882,u0532,c041,web,,2026-08-04T17:39:32Z,232
s009883,u0196,c005,tv,,2026-08-04T17:39:54Z,27
s009884,u0675,c017,tv,,2026-08-04T17:40:47Z,58
s009885,u0377,c004,mobile,5.3.0,2026-08-04T17:42:08Z,27
s009886,u0131,c002,mobile,5.3.0,2026-08-04T17:43:21Z,10
s009887,u0350,c002,web,,2026-08-04T17:45:36Z,106
s009888,u0402,c001,mobile,5.3.0,2026-08-04T17:46:38Z,27
s009889,u0491,c034,web,,2026-08-04T17:46:51Z,72
s009890,u0409,c048,web,,2026-08-04T17:47:07Z,14
s009891,u0739,c005,tv,,2026-08-04T17:47:54Z,34
s009892,u0007,c003,mobile,5.3.0,2026-08-04T17:48:39Z,15
s009893,u0109,c009,mobile,5.3.0,2026-08-04T17:48:39Z,17
s009894,u0253,c001,tv,,2026-08-04T17:48:58Z,86
s009895,u0325,c003,mobile,5.3.0,2026-08-04T17:49:06Z,12
s009896,u0776,c008,mobile,5.3.0,2026-08-04T17:49:17Z,12
s009897,u0185,c003,mobile,5.3.0,2026-08-04T17:50:50Z,30
s009898,u0177,c006,tv,,2026-08-04T17:53:12Z,83
s009899,u0410,c011,web,,2026-08-04T17:53:23Z,8
s009900,u0752,c013,tv,,2026-08-04T17:54:25Z,27
s009901,u0466,c016,tv,,2026-08-04T17:55:55Z,34
s009902,u0303,c021,mobile,5.3.0,2026-08-04T17:56:39Z,10
s009903,u0383,c001,tv,,2026-08-04T17:57:00Z,30
s009904,u0122,c027,mobile,5.3.0,2026-08-04T17:57:12Z,43
s009905,u0664,c007,mobile,5.3.0,2026-08-04T19:00:16Z,37
s009906,u0478,c001,tv,,2026-08-04T19:00:56Z,40
s009907,u0454,c004,tv,,2026-08-04T19:01:03Z,10
s009908,u0496,c009,mobile,5.3.0,2026-08-04T19:01:12Z,13
s009909,u0521,c001,mobile,5.3.0,2026-08-04T19:02:57Z,11
s009910,u0248,c007,mobile,5.3.0,2026-08-04T19:03:24Z,107
s009911,u0363,c001,web,,2026-08-04T19:03:25Z,15
s009912,u0116,c006,mobile,5.3.0,2026-08-04T19:03:45Z,21
s009913,u0760,c028,mobile,5.3.0,2026-08-04T19:06:00Z,6
s009914,u0067,c020,tv,,2026-08-04T19:06:18Z,81
s009915,u0112,c042,tv,,2026-08-04T19:06:38Z,17
s009916,u0665,c024,mobile,5.3.0,2026-08-04T19:07:34Z,17
s009917,u0439,c022,mobile,5.3.0,2026-08-04T19:08:12Z,28
s009918,u0051,c002,tv,,2026-08-04T19:13:14Z,116
s009919,u0724,c016,mobile,5.3.0,2026-08-04T19:13:56Z,6
s009920,u0750,c009,tv,,2026-08-04T19:14:13Z,42
s009921,u0601,c001,tv,,2026-08-04T19:18:14Z,43
s009922,u0631,c004,mobile,5.3.0,2026-08-04T19:19:43Z,29
s009923,u0779,c001,web,,2026-08-04T19:20:59Z,45
s009924,u0619,c001,mobile,5.3.0,2026-08-04T19:22:21Z,28
s009925,u0200,c054,mobile,5.3.0,2026-08-04T19:22:30Z,21
s009926,u0555,c002,mobile,5.3.0,2026-08-04T19:23:03Z,17
s009927,u0596,c028,mobile,5.3.0,2026-08-04T19:23:22Z,25
s009928,u0307,c011,mobile,5.3.0,2026-08-04T19:23:42Z,20
s009929,u0377,c007,mobile,5.3.0,2026-08-04T19:23:52Z,28
s009930,u0076,c034,tv,,2026-08-04T19:24:51Z,115
s009931,u0771,c004,tv,,2026-08-04T19:25:45Z,18
s009932,u0174,c024,web,,2026-08-04T19:25:55Z,43
s009933,u0344,c027,web,,2026-08-04T19:27:38Z,178
s009934,u0795,c021,mobile,5.3.0,2026-08-04T19:27:48Z,13
s009935,u0522,c002,web,,2026-08-04T19:28:11Z,25
s009936,u0522,c024,tv,,2026-08-04T19:28:34Z,35
s009937,u0740,c013,mobile,5.3.0,2026-08-04T19:28:52Z,70
s009938,u0714,c034,mobile,5.3.0,2026-08-04T19:28:59Z,21
s009939,u0051,c024,tv,,2026-08-04T19:30:29Z,92
s009940,u0187,c019,web,,2026-08-04T19:30:50Z,14
s009941,u0686,c037,tv,,2026-08-04T19:31:22Z,40
s009942,u0016,c004,tv,,2026-08-04T19:31:35Z,32
s009943,u0396,c023,tv,,2026-08-04T19:31:44Z,40
s009944,u0762,c010,tv,,2026-08-04T19:33:38Z,25
s009945,u0297,c002,tv,,2026-08-04T19:33:43Z,82
s009946,u0720,c020,mobile,5.3.0,2026-08-04T19:33:45Z,40
s009947,u0118,c021,mobile,5.3.0,2026-08-04T19:35:02Z,24
s009948,u0562,c023,tv,,2026-08-04T19:35:31Z,31
s009949,u0599,c005,tv,,2026-08-04T19:36:12Z,44
s009950,u0318,c043,tv,,2026-08-04T19:38:42Z,41
s009951,u0148,c002,tv,,2026-08-04T19:39:11Z,14
s009952,u0407,c006,web,,2026-08-04T19:40:49Z,58
s009953,u0401,c003,web,,2026-08-04T19:41:37Z,88
s009954,u0138,c028,mobile,5.3.0,2026-08-04T19:41:56Z,19
s009955,u0449,c005,mobile,5.3.0,2026-08-04T19:42:09Z,69
s009956,u0060,c037,tv,,2026-08-04T19:42:38Z,76
s009957,u0164,c005,tv,,2026-08-04T19:43:24Z,50
s009958,u0743,c008,tv,,2026-08-04T19:43:29Z,26
s009959,u0707,c002,web,,2026-08-04T19:43:36Z,42
s009960,u0579,c003,web,,2026-08-04T19:44:31Z,17
s009961,u0704,c049,tv,,2026-08-04T19:44:36Z,73
s009962,u0230,c004,mobile,5.3.0,2026-08-04T19:44:50Z,26
s009963,u0286,c002,mobile,5.3.0,2026-08-04T19:44:50Z,18
s009964,u0246,c039,mobile,5.3.0,2026-08-04T19:45:23Z,9
s009965,u0654,c001,mobile,5.3.0,2026-08-04T19:46:03Z,25
s009966,u0218,c002,mobile,5.3.0,2026-08-04T19:48:54Z,56
s009967,u0131,c049,mobile,5.3.0,2026-08-04T19:49:22Z,44
s009968,u0724,c007,mobile,5.3.0,2026-08-04T19:50:20Z,9
s009969,u0019,c003,mobile,5.3.0,2026-08-04T19:52:16Z,75
s009970,u0126,c030,tv,,2026-08-04T19:52:45Z,65
s009971,u0344,c003,mobile,5.3.0,2026-08-04T19:52:48Z,13
s009972,u0551,c001,mobile,5.3.0,2026-08-04T19:53:55Z,21
s009973,u0633,c050,tv,,2026-08-04T19:54:41Z,114
s009974,u0773,c010,mobile,5.3.0,2026-08-04T19:54:59Z,27
s009975,u0394,c049,tv,,2026-08-04T19:56:12Z,117
s009976,u0026,c005,mobile,5.3.0,2026-08-04T19:58:03Z,30
s009977,u0323,c034,tv,,2026-08-04T19:59:41Z,94
s009978,u0699,c030,tv,,2026-08-04T19:59:58Z,41
s009979,u0390,c003,mobile,5.3.0,2026-08-04T21:00:15Z,46
s009980,u0718,c008,mobile,5.3.0,2026-08-04T21:01:13Z,58
s009981,u0622,c045,mobile,5.3.0,2026-08-04T21:01:19Z,47
s009982,u0463,c057,web,,2026-08-04T21:01:51Z,28
s009983,u0715,c058,mobile,5.3.0,2026-08-04T21:03:32Z,13
s009984,u0589,c016,tv,,2026-08-04T21:03:49Z,72
s009985,u0636,c001,mobile,5.3.0,2026-08-04T21:04:03Z,29
s009986,u0527,c016,tv,,2026-08-04T21:04:24Z,31
s009987,u0205,c032,mobile,5.3.0,2026-08-04T21:04:57Z,34
s009988,u0647,c001,mobile,5.3.0,2026-08-04T21:05:01Z,29
s009989,u0771,c001,tv,,2026-08-04T21:06:00Z,30
s009990,u0671,c003,mobile,5.3.0,2026-08-04T21:06:35Z,20
s009991,u0350,c060,web,,2026-08-04T21:07:16Z,34
s009992,u0333,c001,mobile,5.3.0,2026-08-04T21:07:20Z,29
s009993,u0569,c002,web,,2026-08-04T21:07:29Z,15
s009994,u0369,c015,mobile,5.3.0,2026-08-04T21:07:30Z,57
s009995,u0083,c039,mobile,5.3.0,2026-08-04T21:08:32Z,11
s009996,u0295,c022,mobile,5.3.0,2026-08-04T21:08:59Z,28
s009997,u0575,c013,tv,,2026-08-04T21:10:29Z,198
s009998,u0426,c001,mobile,5.3.0,2026-08-04T21:11:30Z,21
s009999,u0274,c003,mobile,5.3.0,2026-08-04T21:12:30Z,19
s010000,u0151,c034,mobile,5.3.0,2026-08-04T21:13:01Z,21
s010001,u0346,c006,mobile,5.3.0,2026-08-04T21:13:19Z,30
s010002,u0752,c015,tv,,2026-08-04T21:14:28Z,54
s010003,u0675,c002,tv,,2026-08-04T21:15:01Z,23
s010004,u0027,c038,tv,,2026-08-04T21:16:05Z,18
s010005,u0401,c012,web,,2026-08-04T21:16:22Z,58
s010006,u0872,c009,mobile,5.3.0,2026-08-04T21:16:28Z,11
s010007,u0669,c006,mobile,5.3.0,2026-08-04T21:17:14Z,21
s010008,u0725,c025,mobile,5.3.0,2026-08-04T21:17:43Z,14
s010009,u0009,c007,web,,2026-08-04T21:17:53Z,13
s010010,u0615,c010,mobile,5.3.0,2026-08-04T21:18:28Z,18
s010011,u0577,c007,tv,,2026-08-04T21:18:34Z,31
s010012,u0498,c001,mobile,5.3.0,2026-08-04T21:19:40Z,35
s010013,u0178,c031,web,,2026-08-04T21:20:41Z,37
s010014,u0207,c003,web,,2026-08-04T21:21:13Z,63
s010015,u0704,c007,tv,,2026-08-04T21:21:28Z,31
s010016,u0183,c004,tv,,2026-08-04T21:22:09Z,45
s010017,u0381,c014,web,,2026-08-04T21:22:39Z,43
s010018,u0472,c023,mobile,5.3.0,2026-08-04T21:23:05Z,19
s010019,u0178,c001,web,,2026-08-04T21:23:12Z,39
s010020,u0121,c025,tv,,2026-08-04T21:23:13Z,152
s010021,u0210,c006,tv,,2026-08-04T21:24:00Z,27
s010022,u0211,c008,mobile,5.3.0,2026-08-04T21:24:32Z,13
s010023,u0018,c038,mobile,5.3.0,2026-08-04T21:25:20Z,12
s010024,u0299,c005,tv,,2026-08-04T21:25:40Z,56
s010025,u0403,c041,tv,,2026-08-04T21:27:07Z,35
s010026,u0117,c054,mobile,5.3.0,2026-08-04T21:28:20Z,14
s010027,u0065,c044,tv,,2026-08-04T21:28:47Z,22
s010028,u0430,c046,mobile,5.3.0,2026-08-04T21:29:02Z,8
s010029,u0606,c002,mobile,5.3.0,2026-08-04T21:31:12Z,27
s010030,u0060,c011,tv,,2026-08-04T21:31:14Z,130
s010031,u0321,c004,web,,2026-08-04T21:31:44Z,47
s010032,u0586,c002,mobile,5.3.0,2026-08-04T21:33:05Z,14
s010033,u0432,c036,tv,,2026-08-04T21:33:28Z,71
s010034,u0415,c007,tv,,2026-08-04T21:33:31Z,74
s010035,u0608,c031,web,,2026-08-04T21:33:35Z,44
s010036,u0405,c015,web,,2026-08-04T21:34:36Z,40
s010037,u0066,c001,web,,2026-08-04T21:35:22Z,104
s010038,u0234,c002,web,,2026-08-04T21:36:20Z,27
s010039,u0272,c021,mobile,5.3.0,2026-08-04T21:36:25Z,14
s010040,u0221,c012,mobile,5.3.0,2026-08-04T21:37:35Z,8
s010041,u0674,c002,mobile,5.3.0,2026-08-04T21:38:59Z,25
s010042,u0038,c004,tv,,2026-08-04T21:39:06Z,57
s010043,u0634,c006,tv,,2026-08-04T21:39:59Z,14
s010044,u0168,c001,tv,,2026-08-04T21:40:43Z,18
s010045,u0317,c001,web,,2026-08-04T21:40:55Z,73
s010046,u0409,c008,web,,2026-08-04T21:41:26Z,38
s010047,u0130,c012,tv,,2026-08-04T21:41:40Z,13
s010048,u0134,c035,tv,,2026-08-04T21:41:59Z,40
s010049,u0790,c048,mobile,5.3.0,2026-08-04T21:42:27Z,18
s010050,u0586,c033,mobile,5.3.0,2026-08-04T21:43:22Z,65
s010051,u0307,c013,mobile,5.3.0,2026-08-04T21:44:09Z,16
s010052,u0141,c006,tv,,2026-08-04T21:44:22Z,49
s010053,u0566,c021,mobile,5.3.0,2026-08-04T21:44:35Z,41
s010054,u0706,c008,web,,2026-08-04T21:45:29Z,8
s010055,u0185,c050,mobile,5.3.0,2026-08-04T21:46:03Z,8
s010056,u0608,c002,web,,2026-08-04T21:46:56Z,41
s010057,u0409,c012,web,,2026-08-04T21:47:14Z,11
s010058,u0151,c012,mobile,5.3.0,2026-08-04T21:47:54Z,15
s010059,u0738,c021,mobile,5.3.0,2026-08-04T21:48:26Z,34
s010060,u0551,c001,mobile,5.3.0,2026-08-04T21:48:27Z,75
s010061,u0738,c013,tv,,2026-08-04T21:49:08Z,67
s010062,u0780,c009,tv,,2026-08-04T21:49:54Z,53
s010063,u0521,c011,mobile,5.3.0,2026-08-04T21:50:12Z,25
s010064,u0415,c001,mobile,5.3.0,2026-08-04T21:50:34Z,32
s010065,u0704,c011,tv,,2026-08-04T21:50:56Z,76
s010066,u0673,c017,mobile,5.3.0,2026-08-04T21:52:56Z,8
s010067,u0037,c002,tv,,2026-08-04T21:53:00Z,54
s010068,u0121,c003,tv,,2026-08-04T21:53:01Z,63
s010069,u0551,c020,mobile,5.3.0,2026-08-04T21:53:43Z,48
s010070,u0568,c001,mobile,5.3.0,2026-08-04T21:55:05Z,26
s010071,u0471,c031,web,,2026-08-04T21:55:32Z,35
s010072,u0298,c002,web,,2026-08-04T21:56:50Z,50
s010073,u0472,c037,mobile,5.3.0,2026-08-04T21:56:52Z,37
s010074,u0878,c001,mobile,5.3.0,2026-08-04T21:57:30Z,16
s010075,u0423,c021,mobile,5.3.0,2026-08-04T21:57:35Z,18
s010076,u0714,c006,mobile,5.3.0,2026-08-04T21:58:23Z,13
s010077,u0076,c057,tv,,2026-08-04T21:58:24Z,41
s010078,u0709,c002,mobile,5.3.0,2026-08-04T21:59:02Z,22
s010079,u0057,c002,mobile,5.3.0,2026-08-04T21:59:51Z,68
s010080,u0083,c019,mobile,5.3.0,2026-08-04T23:00:08Z,21
s010081,u0075,c048,mobile,5.3.0,2026-08-04T23:00:19Z,23
s010082,u0028,c032,tv,,2026-08-04T23:06:42Z,28
s010083,u0338,c002,tv,,2026-08-04T23:09:04Z,59
s010084,u0028,c018,tv,,2026-08-04T23:11:28Z,77
s010085,u0042,c044,tv,,2026-08-04T23:12:22Z,14
s010086,u0409,c036,web,,2026-08-04T23:12:33Z,47
s010087,u0638,c009,web,,2026-08-04T23:13:49Z,49
s010088,u0139,c001,web,,2026-08-04T23:16:27Z,31
s010089,u0629,c001,tv,,2026-08-04T23:17:42Z,66
s010090,u0075,c001,mobile,5.3.0,2026-08-04T23:18:51Z,8
s010091,u0670,c005,tv,,2026-08-04T23:19:19Z,24
s010092,u0313,c001,tv,,2026-08-04T23:21:32Z,19
s010093,u0588,c001,mobile,5.3.0,2026-08-04T23:22:55Z,14
s010094,u0252,c008,web,,2026-08-04T23:23:58Z,14
s010095,u0059,c003,tv,,2026-08-04T23:28:30Z,22
s010096,u0656,c002,tv,,2026-08-04T23:33:35Z,36
s010097,u0323,c009,tv,,2026-08-04T23:33:45Z,48
s010098,u0491,c025,web,,2026-08-04T23:36:04Z,30
s010099,u0579,c002,web,,2026-08-04T23:41:39Z,13
s010100,u0861,c002,mobile,5.3.0,2026-08-04T23:43:53Z,13
s010101,u0289,c001,mobile,5.3.0,2026-08-04T23:45:24Z,41
s010102,u0498,c005,mobile,5.3.0,2026-08-04T23:45:30Z,7
s010103,u0011,c015,tv,,2026-08-04T23:49:04Z,12
s010104,u0027,c001,tv,,2026-08-04T23:49:11Z,25
s010105,u0620,c033,tv,,2026-08-04T23:49:22Z,174
s010106,u0227,c003,mobile,5.3.0,2026-08-04T23:53:14Z,43
s010107,u0241,c012,mobile,5.3.0,2026-08-04T23:54:19Z,19
s010108,u0787,c014,mobile,5.3.0,2026-08-04T23:56:06Z,20
s010109,u0348,c005,mobile,5.3.0,2026-08-04T23:56:19Z,7
s010110,u0004,c043,tv,,2026-08-04T23:59:12Z,31
s010111,u0289,c043,mobile,5.3.0,2026-08-04T23:59:14Z,18
s010112,u0115,c013,mobile,5.3.0,2026-08-04T23:59:30Z,8
s010113,u0637,c002,mobile,5.3.0,2026-08-04T23:59:37Z,21
s010114,u0796,c009,mobile,5.3.0,2026-08-05T08:00:22Z,12
s010115,u0115,c004,mobile,5.3.0,2026-08-05T08:00:36Z,21
s010116,u0639,c008,web,,2026-08-05T08:12:14Z,69
s010117,u0683,c028,mobile,5.3.0,2026-08-05T08:15:03Z,12
s010118,u0359,c052,mobile,5.3.0,2026-08-05T08:22:38Z,52
s010119,u0041,c009,web,,2026-08-05T08:43:43Z,56
s010120,u0139,c017,web,,2026-08-05T08:50:17Z,62
s010121,u0255,c048,web,,2026-08-05T08:51:24Z,46
s010122,u0541,c047,tv,,2026-08-05T08:52:03Z,30
s010123,u0383,c027,web,,2026-08-05T08:53:14Z,67
s010124,u0333,c017,mobile,5.3.0,2026-08-05T08:55:59Z,90
s010125,u0328,c001,mobile,5.3.0,2026-08-05T12:00:46Z,8
s010126,u0209,c019,tv,,2026-08-05T12:01:24Z,15
s010127,u0172,c001,web,,2026-08-05T12:10:04Z,13
s010128,u0477,c030,mobile,5.3.0,2026-08-05T12:10:20Z,36
s010129,u0752,c027,mobile,5.3.0,2026-08-05T12:12:17Z,65
s010130,u0246,c038,mobile,5.3.0,2026-08-05T12:13:24Z,12
s010131,u0413,c043,web,,2026-08-05T12:13:59Z,44
s010132,u0419,c030,mobile,5.3.0,2026-08-05T12:14:01Z,31
s010133,u0759,c002,tv,,2026-08-05T12:14:15Z,50
s010134,u0087,c008,mobile,5.3.0,2026-08-05T12:16:55Z,41
s010135,u0784,c008,tv,,2026-08-05T12:17:06Z,54
s010136,u0688,c001,mobile,5.3.0,2026-08-05T12:18:08Z,114
s010137,u0737,c026,mobile,5.3.0,2026-08-05T12:18:38Z,12
s010138,u0145,c003,tv,,2026-08-05T12:21:00Z,20
s010139,u0432,c012,tv,,2026-08-05T12:21:14Z,68
s010140,u0279,c006,web,,2026-08-05T12:25:58Z,19
s010141,u0230,c001,web,,2026-08-05T12:26:26Z,26
s010142,u0745,c014,mobile,5.3.0,2026-08-05T12:29:25Z,65
s010143,u0787,c015,mobile,5.3.0,2026-08-05T12:29:58Z,54
s010144,u0149,c025,tv,,2026-08-05T12:31:37Z,74
s010145,u0479,c014,mobile,5.3.0,2026-08-05T12:32:41Z,7
s010146,u0434,c057,tv,,2026-08-05T12:34:26Z,30
s010147,u0097,c037,mobile,5.3.0,2026-08-05T12:40:26Z,22
s010148,u0806,c013,web,,2026-08-05T12:40:53Z,25
s010149,u0276,c010,mobile,5.3.0,2026-08-05T12:40:56Z,32
s010150,u0253,c025,tv,,2026-08-05T12:42:58Z,31
s010151,u0105,c001,web,,2026-08-05T12:46:27Z,31
s010152,u0779,c002,web,,2026-08-05T12:47:59Z,17
s010153,u0876,c029,mobile,5.3.0,2026-08-05T12:54:53Z,7
s010154,u0583,c025,web,,2026-08-05T12:56:00Z,30
s010155,u0138,c002,mobile,5.3.0,2026-08-05T12:58:10Z,31
s010156,u0489,c016,mobile,5.3.0,2026-08-05T12:59:13Z,18
s010157,u0398,c023,mobile,5.3.0,2026-08-05T17:00:08Z,34
s010158,u0503,c015,mobile,5.3.0,2026-08-05T17:02:06Z,13
s010159,u0247,c039,mobile,5.3.0,2026-08-05T17:02:09Z,20
s010160,u0437,c017,mobile,5.3.0,2026-08-05T17:08:43Z,14
s010161,u0536,c059,tv,,2026-08-05T17:10:30Z,23
s010162,u0189,c002,mobile,5.3.0,2026-08-05T17:13:04Z,12
s010163,u0491,c012,web,,2026-08-05T17:13:21Z,116
s010164,u0502,c008,tv,,2026-08-05T17:13:55Z,54
s010165,u0160,c043,tv,,2026-08-05T17:15:14Z,41
s010166,u0302,c041,tv,,2026-08-05T17:15:51Z,38
s010167,u0725,c004,web,,2026-08-05T17:17:34Z,25
s010168,u0791,c038,mobile,5.3.0,2026-08-05T17:18:31Z,21
s010169,u0109,c026,mobile,5.3.0,2026-08-05T17:18:41Z,31
s010170,u0356,c001,web,,2026-08-05T17:21:51Z,52
s010171,u0423,c007,mobile,5.3.0,2026-08-05T17:21:59Z,26
s010172,u0498,c002,mobile,5.3.0,2026-08-05T17:22:47Z,23
s010173,u0175,c023,web,,2026-08-05T17:25:01Z,23
s010174,u0476,c041,tv,,2026-08-05T17:26:44Z,31
s010175,u0488,c052,mobile,5.3.0,2026-08-05T17:28:38Z,30
s010176,u0052,c060,web,,2026-08-05T17:30:58Z,27
s010177,u0211,c003,mobile,5.3.0,2026-08-05T17:31:08Z,23
s010178,u0725,c004,mobile,5.3.0,2026-08-05T17:31:19Z,24
s010179,u0766,c004,mobile,5.3.0,2026-08-05T17:31:43Z,45
s010180,u0390,c018,web,,2026-08-05T17:32:31Z,42
s010181,u0419,c008,tv,,2026-08-05T17:33:31Z,81
s010182,u0687,c038,mobile,5.3.0,2026-08-05T17:33:34Z,49
s010183,u0182,c047,web,,2026-08-05T17:36:30Z,26
s010184,u0777,c052,tv,,2026-08-05T17:37:30Z,35
s010185,u0080,c015,mobile,5.3.0,2026-08-05T17:38:22Z,29
s010186,u0526,c003,web,,2026-08-05T17:38:28Z,19
s010187,u0138,c019,mobile,5.3.0,2026-08-05T17:39:19Z,10
s010188,u0409,c016,tv,,2026-08-05T17:39:50Z,30
s010189,u0473,c054,web,,2026-08-05T17:40:19Z,39
s010190,u0534,c004,tv,,2026-08-05T17:46:25Z,75
s010191,u0506,c006,mobile,5.3.0,2026-08-05T17:47:09Z,16
s010192,u0618,c004,mobile,5.3.0,2026-08-05T17:48:56Z,18
s010193,u0721,c025,web,,2026-08-05T17:51:38Z,46
s010194,u0407,c016,mobile,5.3.0,2026-08-05T17:52:40Z,9
s010195,u0499,c029,web,,2026-08-05T17:53:34Z,12
s010196,u0454,c023,tv,,2026-08-05T17:53:59Z,21
s010197,u0430,c008,mobile,5.3.0,2026-08-05T17:54:56Z,25
s010198,u0116,c008,mobile,5.3.0,2026-08-05T17:57:50Z,16
s010199,u0745,c002,mobile,5.3.0,2026-08-05T17:58:34Z,8
s010200,u0277,c017,web,,2026-08-05T17:59:56Z,82
s010201,u0763,c002,web,,2026-08-05T19:00:46Z,97
s010202,u0463,c046,mobile,5.3.0,2026-08-05T19:00:59Z,42
s010203,u0265,c010,tv,,2026-08-05T19:01:03Z,53
s010204,u0452,c022,mobile,5.3.0,2026-08-05T19:01:21Z,38
s010205,u0292,c029,tv,,2026-08-05T19:01:33Z,26
s010206,u0369,c009,mobile,5.3.0,2026-08-05T19:01:48Z,20
s010207,u0037,c002,tv,,2026-08-05T19:02:54Z,82
s010208,u0133,c043,mobile,5.3.0,2026-08-05T19:03:02Z,19
s010209,u0714,c045,mobile,5.3.0,2026-08-05T19:04:55Z,4
s010210,u0235,c044,web,,2026-08-05T19:05:39Z,19
s010211,u0485,c012,web,,2026-08-05T19:05:55Z,18
s010212,u0622,c001,web,,2026-08-05T19:06:56Z,39
s010213,u0628,c001,tv,,2026-08-05T19:08:12Z,21
s010214,u0165,c001,tv,,2026-08-05T19:08:32Z,16
s010215,u0397,c001,mobile,5.3.0,2026-08-05T19:08:40Z,50
s010216,u0295,c013,mobile,5.3.0,2026-08-05T19:08:44Z,20
s010217,u0390,c006,web,,2026-08-05T19:09:06Z,25
s010218,u0467,c009,tv,,2026-08-05T19:09:09Z,164
s010219,u0870,c008,mobile,5.3.0,2026-08-05T19:11:19Z,12
s010220,u0309,c001,tv,,2026-08-05T19:11:27Z,37
s010221,u0593,c012,web,,2026-08-05T19:11:51Z,40
s010222,u0551,c001,mobile,5.3.0,2026-08-05T19:11:55Z,19
s010223,u0413,c001,web,,2026-08-05T19:12:35Z,51
s010224,u0774,c003,mobile,5.3.0,2026-08-05T19:12:38Z,17
s010225,u0496,c001,web,,2026-08-05T19:13:30Z,35
s010226,u0727,c002,mobile,5.3.0,2026-08-05T19:14:00Z,30
s010227,u0112,c004,tv,,2026-08-05T19:14:06Z,27
s010228,u0579,c002,web,,2026-08-05T19:14:13Z,24
s010229,u0413,c037,web,,2026-08-05T19:14:36Z,58
s010230,u0707,c001,web,,2026-08-05T19:14:38Z,17
s010231,u0469,c001,mobile,5.3.0,2026-08-05T19:15:00Z,9
s010232,u0179,c019,mobile,5.3.0,2026-08-05T19:15:25Z,12
s010233,u0570,c012,mobile,5.3.0,2026-08-05T19:15:26Z,14
s010234,u0021,c024,mobile,5.3.0,2026-08-05T19:15:48Z,45
s010235,u0393,c021,mobile,5.3.0,2026-08-05T19:17:36Z,26
s010236,u0694,c056,mobile,5.3.0,2026-08-05T19:17:45Z,24
s010237,u0739,c001,mobile,5.3.0,2026-08-05T19:17:52Z,31
s010238,u0265,c006,tv,,2026-08-05T19:17:56Z,17
s010239,u0590,c002,tv,,2026-08-05T19:18:50Z,65
s010240,u0090,c022,tv,,2026-08-05T19:19:06Z,25
s010241,u0609,c030,mobile,5.3.0,2026-08-05T19:19:38Z,14
s010242,u0789,c005,mobile,5.3.0,2026-08-05T19:20:14Z,29
s010243,u0194,c017,web,,2026-08-05T19:21:15Z,36
s010244,u0099,c007,web,,2026-08-05T19:22:38Z,42
s010245,u0652,c037,mobile,5.3.0,2026-08-05T19:24:55Z,18
s010246,u0718,c023,mobile,5.3.0,2026-08-05T19:25:02Z,51
s010247,u0738,c002,mobile,5.3.0,2026-08-05T19:25:09Z,18
s010248,u0036,c047,web,,2026-08-05T19:25:40Z,32
s010249,u0245,c001,tv,,2026-08-05T19:25:43Z,32
s010250,u0252,c010,mobile,5.3.0,2026-08-05T19:25:47Z,11
s010251,u0488,c008,mobile,5.3.0,2026-08-05T19:25:52Z,10
s010252,u0216,c013,mobile,5.3.0,2026-08-05T19:26:27Z,19
s010253,u0792,c040,tv,,2026-08-05T19:27:45Z,20
s010254,u0491,c029,web,,2026-08-05T19:28:27Z,38
s010255,u0264,c003,mobile,5.3.0,2026-08-05T19:29:42Z,8
s010256,u0100,c001,web,,2026-08-05T19:30:52Z,23
s010257,u0725,c023,mobile,5.3.0,2026-08-05T19:31:10Z,35
s010258,u0362,c004,tv,,2026-08-05T19:31:41Z,30
s010259,u0340,c001,tv,,2026-08-05T19:32:27Z,30
s010260,u0850,c001,mobile,5.3.0,2026-08-05T19:33:31Z,15
s010261,u0658,c019,mobile,5.3.0,2026-08-05T19:36:26Z,21
s010262,u0738,c016,mobile,5.3.0,2026-08-05T19:36:41Z,23
s010263,u0364,c006,web,,2026-08-05T19:37:13Z,33
s010264,u0386,c047,tv,,2026-08-05T19:38:59Z,60
s010265,u0872,c008,mobile,5.3.0,2026-08-05T19:40:58Z,6
s010266,u0462,c005,mobile,5.3.0,2026-08-05T19:41:13Z,38
s010267,u0274,c035,mobile,5.3.0,2026-08-05T19:42:23Z,46
s010268,u0218,c042,mobile,5.3.0,2026-08-05T19:44:55Z,35
s010269,u0033,c043,tv,,2026-08-05T19:45:01Z,45
s010270,u0747,c032,web,,2026-08-05T19:45:06Z,103
s010271,u0772,c009,mobile,5.3.0,2026-08-05T19:45:18Z,18
s010272,u0206,c053,mobile,5.3.0,2026-08-05T19:46:12Z,12
s010273,u0096,c049,mobile,5.3.0,2026-08-05T19:47:00Z,24
s010274,u0181,c010,web,,2026-08-05T19:47:13Z,53
s010275,u0147,c053,mobile,5.3.0,2026-08-05T19:47:28Z,15
s010276,u0744,c020,tv,,2026-08-05T19:47:28Z,39
s010277,u0431,c003,mobile,5.3.0,2026-08-05T19:48:21Z,10
s010278,u0677,c018,mobile,5.3.0,2026-08-05T19:48:36Z,19
s010279,u0378,c012,mobile,5.3.0,2026-08-05T19:50:33Z,83
s010280,u0647,c001,mobile,5.3.0,2026-08-05T19:51:06Z,10
s010281,u0391,c017,web,,2026-08-05T19:51:33Z,58
s010282,u0541,c015,mobile,5.3.0,2026-08-05T19:52:33Z,15
s010283,u0147,c007,mobile,5.3.0,2026-08-05T19:52:51Z,38
s010284,u0105,c033,web,,2026-08-05T19:55:15Z,126
s010285,u0165,c003,tv,,2026-08-05T19:55:32Z,26
s010286,u0314,c010,tv,,2026-08-05T19:56:24Z,40
s010287,u0677,c010,mobile,5.3.0,2026-08-05T19:56:55Z,7
s010288,u0185,c006,mobile,5.3.0,2026-08-05T19:57:31Z,26
s010289,u0038,c003,tv,,2026-08-05T19:57:46Z,96
s010290,u0126,c017,tv,,2026-08-05T19:58:24Z,24
s010291,u0226,c006,mobile,5.3.0,2026-08-05T19:58:30Z,10
s010292,u0568,c003,mobile,5.3.0,2026-08-05T19:58:58Z,7
s010293,u0183,c039,tv,,2026-08-05T19:59:01Z,47
s010294,u0786,c005,tv,,2026-08-05T19:59:46Z,70
s010295,u0555,c032,mobile,5.3.0,2026-08-05T21:00:10Z,29
s010296,u0390,c005,web,,2026-08-05T21:00:21Z,31
s010297,u0792,c053,tv,,2026-08-05T21:00:29Z,41
s010298,u0605,c030,tv,,2026-08-05T21:02:25Z,64
s010299,u0315,c033,web,,2026-08-05T21:03:06Z,29
s010300,u0124,c002,mobile,5.3.0,2026-08-05T21:03:15Z,20
s010301,u0590,c009,mobile,5.3.0,2026-08-05T21:03:29Z,23
s010302,u0651,c019,tv,,2026-08-05T21:03:48Z,180
s010303,u0750,c050,tv,,2026-08-05T21:04:57Z,76
s010304,u0257,c004,mobile,5.3.0,2026-08-05T21:05:22Z,9
s010305,u0126,c043,tv,,2026-08-05T21:05:43Z,76
s010306,u0369,c010,mobile,5.3.0,2026-08-05T21:06:18Z,30
s010307,u0037,c015,tv,,2026-08-05T21:07:50Z,33
s010308,u0656,c003,tv,,2026-08-05T21:08:09Z,82
s010309,u0507,c009,tv,,2026-08-05T21:09:00Z,23
s010310,u0342,c002,web,,2026-08-05T21:09:39Z,13
s010311,u0694,c021,mobile,5.3.0,2026-08-05T21:09:56Z,52
s010312,u0222,c022,mobile,5.3.0,2026-08-05T21:10:07Z,10
s010313,u0122,c014,web,,2026-08-05T21:12:00Z,27
s010314,u0665,c013,mobile,5.3.0,2026-08-05T21:12:33Z,15
s010315,u0772,c014,mobile,5.3.0,2026-08-05T21:13:13Z,22
s010316,u0422,c010,web,,2026-08-05T21:14:09Z,19
s010317,u0210,c007,tv,,2026-08-05T21:14:52Z,28
s010318,u0407,c003,mobile,5.3.0,2026-08-05T21:14:55Z,29
s010319,u0162,c017,web,,2026-08-05T21:15:57Z,18
s010320,u0743,c001,tv,,2026-08-05T21:16:11Z,23
s010321,u0893,c001,mobile,5.3.0,2026-08-05T21:16:22Z,21
s010322,u0794,c007,mobile,5.3.0,2026-08-05T21:16:23Z,27
s010323,u0027,c003,tv,,2026-08-05T21:16:55Z,94
s010324,u0421,c004,mobile,5.3.0,2026-08-05T21:17:06Z,35
s010325,u0464,c009,tv,,2026-08-05T21:17:11Z,28
s010326,u0309,c002,tv,,2026-08-05T21:17:44Z,59
s010327,u0138,c002,mobile,5.3.0,2026-08-05T21:17:56Z,7
s010328,u0331,c001,tv,,2026-08-05T21:18:01Z,22
s010329,u0064,c001,web,,2026-08-05T21:18:49Z,12
s010330,u0789,c006,mobile,5.3.0,2026-08-05T21:19:18Z,28
s010331,u0503,c005,mobile,5.3.0,2026-08-05T21:19:19Z,13
s010332,u0623,c005,tv,,2026-08-05T21:19:44Z,75
s010333,u0771,c001,tv,,2026-08-05T21:20:19Z,37
s010334,u0111,c030,mobile,5.3.0,2026-08-05T21:22:45Z,8
s010335,u0218,c003,mobile,5.3.0,2026-08-05T21:23:23Z,28
s010336,u0491,c017,web,,2026-08-05T21:24:01Z,74
s010337,u0651,c018,tv,,2026-08-05T21:24:21Z,57
s010338,u0471,c052,web,,2026-08-05T21:24:28Z,145
s010339,u0361,c022,mobile,5.3.0,2026-08-05T21:24:57Z,33
s010340,u0694,c007,mobile,5.3.0,2026-08-05T21:25:05Z,53
s010341,u0523,c037,web,,2026-08-05T21:25:15Z,12
s010342,u0462,c033,mobile,5.3.0,2026-08-05T21:26:14Z,28
s010343,u0692,c046,mobile,5.3.0,2026-08-05T21:26:45Z,16
s010344,u0488,c015,mobile,5.3.0,2026-08-05T21:27:12Z,39
s010345,u0229,c004,tv,,2026-08-05T21:27:44Z,31
s010346,u0566,c046,mobile,5.3.0,2026-08-05T21:27:52Z,25
s010347,u0499,c002,web,,2026-08-05T21:28:01Z,30
s010348,u0585,c049,mobile,5.3.0,2026-08-05T21:28:13Z,41
s010349,u0100,c001,web,,2026-08-05T21:29:39Z,15
s010350,u0149,c006,tv,,2026-08-05T21:30:27Z,123
s010351,u0061,c002,tv,,2026-08-05T21:30:49Z,228
s010352,u0650,c024,mobile,5.3.0,2026-08-05T21:31:26Z,11
s010353,u0419,c001,web,,2026-08-05T21:32:14Z,17
s010354,u0075,c006,mobile,5.3.0,2026-08-05T21:33:31Z,21
s010355,u0707,c006,web,,2026-08-05T21:34:11Z,49
s010356,u0864,c026,mobile,5.3.0,2026-08-05T21:34:11Z,14
s010357,u0491,c014,web,,2026-08-05T21:34:35Z,28
s010358,u0759,c014,tv,,2026-08-05T21:35:31Z,62
s010359,u0229,c045,mobile,5.3.0,2026-08-05T21:36:38Z,20
s010360,u0516,c039,mobile,5.3.0,2026-08-05T21:37:24Z,64
s010361,u0272,c012,mobile,5.3.0,2026-08-05T21:37:46Z,20
s010362,u0216,c003,mobile,5.3.0,2026-08-05T21:38:22Z,17
s010363,u0786,c003,tv,,2026-08-05T21:39:04Z,26
s010364,u0426,c008,mobile,5.3.0,2026-08-05T21:39:42Z,28
s010365,u0651,c004,tv,,2026-08-05T21:39:42Z,18
s010366,u0122,c002,mobile,5.3.0,2026-08-05T21:39:54Z,46
s010367,u0195,c039,web,,2026-08-05T21:41:16Z,46
s010368,u0441,c019,tv,,2026-08-05T21:41:18Z,65
s010369,u0662,c030,web,,2026-08-05T21:41:22Z,39
s010370,u0251,c004,web,,2026-08-05T21:41:42Z,114
s010371,u0893,c001,mobile,5.3.0,2026-08-05T21:42:02Z,11
s010372,u0515,c010,tv,,2026-08-05T21:42:47Z,19
s010373,u0760,c034,mobile,5.3.0,2026-08-05T21:43:15Z,5
s010374,u0272,c002,mobile,5.3.0,2026-08-05T21:43:50Z,11
s010375,u0135,c025,web,,2026-08-05T21:44:58Z,150
s010376,u0461,c002,mobile,5.3.0,2026-08-05T21:44:59Z,9
s010377,u0090,c002,tv,,2026-08-05T21:45:10Z,54
s010378,u0738,c006,tv,,2026-08-05T21:45:24Z,40
s010379,u0614,c010,mobile,5.3.0,2026-08-05T21:45:38Z,15
s010380,u0652,c012,web,,2026-08-05T21:46:51Z,30
s010381,u0098,c003,tv,,2026-08-05T21:51:58Z,61
s010382,u0441,c004,tv,,2026-08-05T21:53:13Z,142
s010383,u0395,c025,tv,,2026-08-05T21:53:23Z,88
s010384,u0457,c048,tv,,2026-08-05T21:53:33Z,40
s010385,u0158,c009,web,,2026-08-05T21:53:56Z,11
s010386,u0253,c014,tv,,2026-08-05T21:54:29Z,20
s010387,u0371,c001,mobile,5.3.0,2026-08-05T21:54:35Z,11
s010388,u0023,c031,web,,2026-08-05T21:55:42Z,65
s010389,u0670,c004,mobile,5.3.0,2026-08-05T21:55:55Z,22
s010390,u0252,c001,web,,2026-08-05T21:56:44Z,27
s010391,u0534,c021,tv,,2026-08-05T21:56:56Z,104
s010392,u0385,c029,web,,2026-08-05T21:58:30Z,204
s010393,u0366,c001,mobile,5.3.0,2026-08-05T21:58:40Z,11
s010394,u0461,c007,web,,2026-08-05T21:58:57Z,27
s010395,u0248,c003,web,,2026-08-05T23:00:27Z,28
s010396,u0151,c003,mobile,5.3.0,2026-08-05T23:01:41Z,45
s010397,u0744,c032,tv,,2026-08-05T23:02:41Z,15
s010398,u0045,c002,mobile,5.3.0,2026-08-05T23:04:33Z,22
s010399,u0487,c011,tv,,2026-08-05T23:12:02Z,32
s010400,u0226,c024,mobile,5.3.0,2026-08-05T23:14:55Z,17
s010401,u0037,c054,tv,,2026-08-05T23:16:02Z,49
s010402,u0391,c016,mobile,5.3.0,2026-08-05T23:16:50Z,12
s010403,u0698,c005,tv,,2026-08-05T23:20:22Z,71
s010404,u0669,c007,mobile,5.3.0,2026-08-05T23:21:52Z,18
s010405,u0058,c008,mobile,5.3.0,2026-08-05T23:27:09Z,14
s010406,u0478,c025,mobile,5.3.0,2026-08-05T23:32:42Z,24
s010407,u0159,c035,mobile,5.3.0,2026-08-05T23:33:12Z,35
s010408,u0596,c030,mobile,5.3.0,2026-08-05T23:33:24Z,20
s010409,u0679,c005,mobile,5.3.0,2026-08-05T23:34:23Z,32
s010410,u0369,c058,mobile,5.3.0,2026-08-05T23:36:13Z,16
s010411,u0182,c003,web,,2026-08-05T23:37:07Z,29
s010412,u0738,c018,mobile,5.3.0,2026-08-05T23:38:30Z,17
s010413,u0179,c016,tv,,2026-08-05T23:40:15Z,49
s010414,u0490,c042,mobile,5.3.0,2026-08-05T23:40:31Z,41
s010415,u0059,c001,tv,,2026-08-05T23:45:59Z,36
s010416,u0032,c014,mobile,5.3.0,2026-08-05T23:48:56Z,33
s010417,u0774,c024,mobile,5.3.0,2026-08-05T23:52:26Z,29
s010418,u0727,c016,mobile,5.3.0,2026-08-05T23:53:32Z,11
s010419,u0638,c006,web,,2026-08-05T23:57:10Z,33
s010420,u0037,c002,tv,,2026-08-06T08:07:04Z,64
s010421,u0244,c022,mobile,5.3.0,2026-08-06T08:08:25Z,40
s010422,u0794,c002,mobile,5.3.0,2026-08-06T08:09:18Z,14
s010423,u0554,c020,web,,2026-08-06T08:12:38Z,20
s010424,u0662,c059,web,,2026-08-06T08:15:17Z,130
s010425,u0058,c043,mobile,5.3.0,2026-08-06T08:18:37Z,29
s010426,u0192,c001,tv,,2026-08-06T08:32:54Z,39
s010427,u0251,c022,web,,2026-08-06T08:34:04Z,60
s010428,u0201,c001,tv,,2026-08-06T08:45:14Z,23
s010429,u0371,c037,mobile,5.3.0,2026-08-06T08:48:22Z,62
s010430,u0158,c024,web,,2026-08-06T12:00:40Z,9
s010431,u0214,c014,web,,2026-08-06T12:00:47Z,47
s010432,u0523,c003,web,,2026-08-06T12:01:10Z,25
s010433,u0082,c001,mobile,5.3.0,2026-08-06T12:01:24Z,20
s010434,u0634,c004,web,,2026-08-06T12:02:57Z,21
s010435,u0629,c018,mobile,5.3.0,2026-08-06T12:04:16Z,16
s010436,u0861,c051,mobile,5.3.0,2026-08-06T12:07:19Z,7
s010437,u0526,c005,mobile,5.3.0,2026-08-06T12:11:44Z,15
s010438,u0741,c038,tv,,2026-08-06T12:12:55Z,142
s010439,u0658,c001,mobile,5.3.0,2026-08-06T12:19:28Z,3
s010440,u0089,c027,web,,2026-08-06T12:19:30Z,30
s010441,u0453,c012,mobile,5.3.0,2026-08-06T12:31:28Z,22
s010442,u0187,c014,web,,2026-08-06T12:32:21Z,21
s010443,u0599,c001,tv,,2026-08-06T12:33:13Z,41
s010444,u0060,c030,tv,,2026-08-06T12:35:59Z,98
s010445,u0605,c010,tv,,2026-08-06T12:38:22Z,26
s010446,u0613,c041,web,,2026-08-06T12:38:36Z,31
s010447,u0609,c005,mobile,5.3.0,2026-08-06T12:38:40Z,39
s010448,u0429,c004,tv,,2026-08-06T12:39:30Z,109
s010449,u0096,c056,mobile,5.3.0,2026-08-06T12:46:50Z,25
s010450,u0430,c007,mobile,5.3.0,2026-08-06T12:54:17Z,14
s010451,u0655,c033,mobile,5.3.0,2026-08-06T12:54:22Z,56
s010452,u0260,c001,tv,,2026-08-06T12:56:20Z,95
s010453,u0278,c001,mobile,5.3.0,2026-08-06T12:58:42Z,48
s010454,u0216,c018,mobile,5.3.0,2026-08-06T12:59:17Z,24
s010455,u0371,c003,mobile,5.3.0,2026-08-06T17:01:49Z,27
s010456,u0297,c018,tv,,2026-08-06T17:06:07Z,26
s010457,u0563,c006,tv,,2026-08-06T17:09:47Z,35
s010458,u0735,c004,web,,2026-08-06T17:09:48Z,52
s010459,u0135,c007,web,,2026-08-06T17:10:42Z,50
s010460,u0545,c048,tv,,2026-08-06T17:14:08Z,158
s010461,u0140,c003,tv,,2026-08-06T17:16:30Z,60
s010462,u0513,c001,web,,2026-08-06T17:18:48Z,44
s010463,u0850,c002,mobile,5.3.0,2026-08-06T17:19:23Z,16
s010464,u0485,c055,tv,,2026-08-06T17:19:49Z,30
s010465,u0374,c043,tv,,2026-08-06T17:25:36Z,81
s010466,u0073,c019,mobile,5.3.0,2026-08-06T17:29:14Z,21
s010467,u0111,c001,mobile,5.3.0,2026-08-06T17:29:30Z,24
s010468,u0624,c006,mobile,5.3.0,2026-08-06T17:33:18Z,8
s010469,u0676,c033,tv,,2026-08-06T17:34:51Z,66
s010470,u0799,c013,tv,,2026-08-06T17:34:57Z,59
s010471,u0253,c056,web,,2026-08-06T17:35:35Z,56
s010472,u0330,c058,web,,2026-08-06T17:48:38Z,50
s010473,u0743,c050,tv,,2026-08-06T17:52:52Z,31
s010474,u0421,c004,mobile,5.3.0,2026-08-06T17:54:09Z,33
s010475,u0092,c001,web,,2026-08-06T17:54:13Z,110
s010476,u0775,c008,mobile,5.3.0,2026-08-06T17:54:40Z,97
s010477,u0168,c033,tv,,2026-08-06T17:56:02Z,32
s010478,u0407,c002,mobile,5.3.0,2026-08-06T17:57:42Z,101
s010479,u0026,c004,mobile,5.3.0,2026-08-06T17:57:57Z,21
s010480,u0117,c004,mobile,5.3.0,2026-08-06T19:00:44Z,15
s010481,u0295,c001,mobile,5.3.0,2026-08-06T19:02:27Z,117
s010482,u0197,c005,tv,,2026-08-06T19:02:50Z,36
s010483,u0570,c001,tv,,2026-08-06T19:03:13Z,46
s010484,u0021,c012,tv,,2026-08-06T19:04:19Z,87
s010485,u0638,c018,mobile,5.3.0,2026-08-06T19:04:42Z,34
s010486,u0099,c001,web,,2026-08-06T19:04:58Z,30
s010487,u0704,c001,tv,,2026-08-06T19:05:27Z,40
s010488,u0362,c057,tv,,2026-08-06T19:05:48Z,12
s010489,u0523,c002,web,,2026-08-06T19:06:15Z,37
s010490,u0674,c018,mobile,5.3.0,2026-08-06T19:06:44Z,32
s010491,u0247,c007,mobile,5.3.0,2026-08-06T19:07:20Z,36
s010492,u0660,c003,mobile,5.3.0,2026-08-06T19:07:42Z,9
s010493,u0615,c032,mobile,5.3.0,2026-08-06T19:07:45Z,18
s010494,u0785,c002,mobile,5.3.0,2026-08-06T19:07:51Z,25
s010495,u0393,c031,mobile,5.3.0,2026-08-06T19:08:30Z,12
s010496,u0667,c002,mobile,5.3.0,2026-08-06T19:09:07Z,29
s010497,u0860,c042,web,,2026-08-06T19:09:08Z,112
s010498,u0777,c028,tv,,2026-08-06T19:09:18Z,83
s010499,u0471,c006,web,,2026-08-06T19:09:31Z,24
s010500,u0448,c001,mobile,5.3.0,2026-08-06T19:09:50Z,30
s010501,u0471,c002,web,,2026-08-06T19:10:00Z,28
s010502,u0410,c019,web,,2026-08-06T19:10:32Z,32
s010503,u0591,c001,mobile,5.3.0,2026-08-06T19:10:45Z,40
s010504,u0154,c003,tv,,2026-08-06T19:11:31Z,109
s010505,u0769,c056,web,,2026-08-06T19:12:16Z,75
s010506,u0854,c001,web,,2026-08-06T19:12:45Z,14
s010507,u0341,c003,mobile,5.3.0,2026-08-06T19:13:33Z,21
s010508,u0112,c001,tv,,2026-08-06T19:14:42Z,94
s010509,u0309,c017,tv,,2026-08-06T19:14:56Z,107
s010510,u0606,c001,mobile,5.3.0,2026-08-06T19:15:20Z,10
s010511,u0870,c003,web,,2026-08-06T19:15:44Z,35
s010512,u0155,c014,tv,,2026-08-06T19:15:59Z,22
s010513,u0349,c019,mobile,5.3.0,2026-08-06T19:16:03Z,8
s010514,u0131,c027,mobile,5.3.0,2026-08-06T19:17:00Z,33
s010515,u0619,c012,mobile,5.3.0,2026-08-06T19:18:04Z,8
s010516,u0184,c003,tv,,2026-08-06T19:18:07Z,46
s010517,u0082,c007,tv,,2026-08-06T19:18:21Z,52
s010518,u0650,c042,web,,2026-08-06T19:18:28Z,14
s010519,u0575,c001,mobile,5.3.0,2026-08-06T19:19:02Z,34
s010520,u0426,c052,tv,,2026-08-06T19:22:03Z,32
s010521,u0302,c004,tv,,2026-08-06T19:22:04Z,22
s010522,u0498,c025,tv,,2026-08-06T19:23:58Z,17
s010523,u0445,c003,mobile,5.3.0,2026-08-06T19:24:08Z,54
s010524,u0221,c014,mobile,5.3.0,2026-08-06T19:25:04Z,30
s010525,u0473,c004,web,,2026-08-06T19:25:14Z,72
s010526,u0193,c023,web,,2026-08-06T19:27:15Z,29
s010527,u0190,c001,mobile,5.3.0,2026-08-06T19:27:33Z,57
s010528,u0112,c048,tv,,2026-08-06T19:28:14Z,94
s010529,u0468,c031,mobile,5.3.0,2026-08-06T19:28:19Z,24
s010530,u0105,c005,web,,2026-08-06T19:30:48Z,64
s010531,u0099,c021,web,,2026-08-06T19:30:54Z,32
s010532,u0455,c001,web,,2026-08-06T19:31:40Z,8
s010533,u0503,c005,mobile,5.3.0,2026-08-06T19:33:42Z,14
s010534,u0398,c001,mobile,5.3.0,2026-08-06T19:34:27Z,41
s010535,u0179,c056,tv,,2026-08-06T19:36:02Z,18
s010536,u0426,c012,mobile,5.3.0,2026-08-06T19:36:28Z,22
s010537,u0126,c023,tv,,2026-08-06T19:36:29Z,161
s010538,u0313,c003,tv,,2026-08-06T19:36:51Z,73
s010539,u0175,c002,web,,2026-08-06T19:37:24Z,32
s010540,u0757,c030,mobile,5.3.0,2026-08-06T19:37:39Z,30
s010541,u0156,c001,tv,,2026-08-06T19:37:54Z,47
s010542,u0245,c006,tv,,2026-08-06T19:38:50Z,34
s010543,u0721,c038,web,,2026-08-06T19:39:09Z,15
s010544,u0099,c032,web,,2026-08-06T19:40:10Z,52
s010545,u0493,c033,mobile,5.3.0,2026-08-06T19:41:18Z,19
s010546,u0633,c001,tv,,2026-08-06T19:42:26Z,70
s010547,u0029,c011,tv,,2026-08-06T19:42:33Z,73
s010548,u0077,c023,mobile,5.3.0,2026-08-06T19:42:48Z,11
s010549,u0626,c011,web,,2026-08-06T19:44:11Z,72
s010550,u0190,c010,mobile,5.3.0,2026-08-06T19:44:14Z,33
s010551,u0860,c040,web,,2026-08-06T19:45:09Z,26
s010552,u0630,c028,mobile,5.3.0,2026-08-06T19:45:19Z,24
s010553,u0446,c001,mobile,5.3.0,2026-08-06T19:46:10Z,40
s010554,u0130,c047,tv,,2026-08-06T19:46:25Z,28
s010555,u0015,c001,tv,,2026-08-06T19:46:52Z,53
s010556,u0798,c004,tv,,2026-08-06T19:47:24Z,53
s010557,u0087,c042,mobile,5.3.0,2026-08-06T19:47:53Z,22
s010558,u0412,c019,tv,,2026-08-06T19:49:20Z,50
s010559,u0340,c001,tv,,2026-08-06T19:51:08Z,30
s010560,u0771,c006,tv,,2026-08-06T19:52:41Z,63
s010561,u0013,c006,web,,2026-08-06T19:54:04Z,53
s010562,u0412,c048,web,,2026-08-06T19:54:19Z,58
s010563,u0851,c024,web,,2026-08-06T19:54:33Z,10
s010564,u0106,c017,web,,2026-08-06T19:56:03Z,34
s010565,u0795,c002,web,,2026-08-06T19:56:49Z,41
s010566,u0738,c019,mobile,5.3.0,2026-08-06T19:57:03Z,10
s010567,u0396,c005,web,,2026-08-06T19:57:25Z,107
s010568,u0588,c001,tv,,2026-08-06T19:57:47Z,36
s010569,u0051,c016,tv,,2026-08-06T19:57:51Z,61
s010570,u0029,c025,tv,,2026-08-06T19:57:53Z,160
s010571,u0304,c023,mobile,5.3.0,2026-08-06T19:59:51Z,36
s010572,u0253,c045,tv,,2026-08-06T19:59:53Z,76
s010573,u0466,c001,tv,,2026-08-06T21:01:12Z,63
s010574,u0655,c031,mobile,5.3.0,2026-08-06T21:01:12Z,13
s010575,u0049,c005,web,,2026-08-06T21:01:38Z,27
s010576,u0725,c012,mobile,5.3.0,2026-08-06T21:01:48Z,20
s010577,u0109,c057,tv,,2026-08-06T21:02:27Z,100
s010578,u0328,c005,mobile,5.3.0,2026-08-06T21:03:28Z,4
s010579,u0421,c033,mobile,5.3.0,2026-08-06T21:03:33Z,10
s010580,u0539,c001,web,,2026-08-06T21:03:54Z,56
s010581,u0625,c050,web,,2026-08-06T21:05:02Z,44
s010582,u0480,c019,web,,2026-08-06T21:06:29Z,17
s010583,u0244,c016,mobile,5.3.0,2026-08-06T21:06:43Z,35
s010584,u0654,c016,web,,2026-08-06T21:08:17Z,47
s010585,u0105,c045,web,,2026-08-06T21:08:31Z,41
s010586,u0183,c028,tv,,2026-08-06T21:08:58Z,52
s010587,u0227,c012,mobile,5.3.0,2026-08-06T21:09:04Z,67
s010588,u0665,c009,web,,2026-08-06T21:09:11Z,60
s010589,u0232,c057,tv,,2026-08-06T21:09:18Z,41
s010590,u0876,c024,mobile,5.3.0,2026-08-06T21:09:40Z,12
s010591,u0558,c003,mobile,5.3.0,2026-08-06T21:10:05Z,35
s010592,u0381,c002,web,,2026-08-06T21:11:00Z,12
s010593,u0880,c030,mobile,5.3.0,2026-08-06T21:12:14Z,16
s010594,u0634,c045,tv,,2026-08-06T21:12:45Z,26
s010595,u0256,c016,tv,,2026-08-06T21:13:21Z,77
s010596,u0472,c011,mobile,5.3.0,2026-08-06T21:13:52Z,25
s010597,u0042,c016,tv,,2026-08-06T21:14:00Z,34
s010598,u0760,c029,mobile,5.3.0,2026-08-06T21:15:24Z,12
s010599,u0630,c058,mobile,5.3.0,2026-08-06T21:16:39Z,15
s010600,u0793,c006,mobile,5.3.0,2026-08-06T21:17:07Z,8
s010601,u0674,c017,mobile,5.3.0,2026-08-06T21:17:32Z,23
s010602,u0408,c004,tv,,2026-08-06T21:18:09Z,71
s010603,u0372,c001,mobile,5.3.0,2026-08-06T21:18:39Z,19
s010604,u0599,c022,tv,,2026-08-06T21:18:45Z,48
s010605,u0748,c035,mobile,5.3.0,2026-08-06T21:21:03Z,104
s010606,u0663,c034,web,,2026-08-06T21:22:57Z,73
s010607,u0454,c025,tv,,2026-08-06T21:22:58Z,82
s010608,u0292,c002,tv,,2026-08-06T21:23:10Z,56
s010609,u0421,c003,mobile,5.3.0,2026-08-06T21:24:31Z,17
s010610,u0491,c002,web,,2026-08-06T21:25:05Z,51
s010611,u0867,c046,mobile,5.3.0,2026-08-06T21:26:53Z,22
s010612,u0442,c002,tv,,2026-08-06T21:27:22Z,64
s010613,u0120,c004,tv,,2026-08-06T21:27:43Z,35
s010614,u0485,c002,tv,,2026-08-06T21:28:52Z,56
s010615,u0313,c002,mobile,5.3.0,2026-08-06T21:28:53Z,29
s010616,u0038,c013,tv,,2026-08-06T21:29:24Z,86
s010617,u0370,c009,mobile,5.3.0,2026-08-06T21:29:27Z,22
s010618,u0704,c004,tv,,2026-08-06T21:31:01Z,19
s010619,u0681,c022,tv,,2026-08-06T21:31:37Z,18
s010620,u0131,c005,mobile,5.3.0,2026-08-06T21:33:29Z,41
s010621,u0251,c044,tv,,2026-08-06T21:33:58Z,34
s010622,u0510,c045,mobile,5.3.0,2026-08-06T21:34:02Z,21
s010623,u0447,c003,mobile,5.3.0,2026-08-06T21:34:36Z,28
s010624,u0669,c003,mobile,5.3.0,2026-08-06T21:35:52Z,53
s010625,u0507,c016,tv,,2026-08-06T21:37:14Z,33
s010626,u0612,c004,mobile,5.3.0,2026-08-06T21:37:33Z,7
s010627,u0717,c028,web,,2026-08-06T21:40:15Z,24
s010628,u0787,c005,mobile,5.3.0,2026-08-06T21:40:54Z,6
s010629,u0189,c017,mobile,5.3.0,2026-08-06T21:41:00Z,18
s010630,u0639,c051,web,,2026-08-06T21:41:33Z,26
s010631,u0754,c004,mobile,5.3.0,2026-08-06T21:42:05Z,19
s010632,u0017,c010,tv,,2026-08-06T21:42:24Z,21
s010633,u0219,c045,mobile,5.3.0,2026-08-06T21:43:04Z,40
s010634,u0064,c004,web,,2026-08-06T21:43:15Z,30
s010635,u0300,c057,mobile,5.3.0,2026-08-06T21:43:31Z,16
s010636,u0459,c008,mobile,5.3.0,2026-08-06T21:44:26Z,11
s010637,u0623,c017,mobile,5.3.0,2026-08-06T21:44:46Z,52
s010638,u0122,c001,web,,2026-08-06T21:46:21Z,21
s010639,u0004,c010,web,,2026-08-06T21:46:25Z,71
s010640,u0779,c016,web,,2026-08-06T21:46:30Z,88
s010641,u0591,c002,web,,2026-08-06T21:47:30Z,44
s010642,u0218,c048,mobile,5.3.0,2026-08-06T21:47:33Z,30
s010643,u0536,c003,tv,,2026-08-06T21:47:43Z,62
s010644,u0458,c021,web,,2026-08-06T21:47:48Z,11
s010645,u0615,c004,mobile,5.3.0,2026-08-06T21:48:10Z,32
s010646,u0248,c008,mobile,5.3.0,2026-08-06T21:48:49Z,35
s010647,u0226,c004,mobile,5.3.0,2026-08-06T21:49:04Z,20
s010648,u0012,c038,web,,2026-08-06T21:50:14Z,124
s010649,u0208,c041,web,,2026-08-06T21:50:14Z,31
s010650,u0847,c034,mobile,5.3.0,2026-08-06T21:51:00Z,38
s010651,u0300,c033,mobile,5.3.0,2026-08-06T21:51:20Z,32
s010652,u0449,c003,mobile,5.3.0,2026-08-06T21:52:11Z,37
s010653,u0497,c003,mobile,5.3.0,2026-08-06T21:53:38Z,19
s010654,u0659,c005,web,,2026-08-06T21:53:55Z,31
s010655,u0115,c008,tv,,2026-08-06T21:54:49Z,10
s010656,u0151,c007,mobile,5.3.0,2026-08-06T21:55:05Z,5
s010657,u0725,c032,mobile,5.3.0,2026-08-06T21:55:37Z,25
s010658,u0721,c005,web,,2026-08-06T21:55:40Z,28
s010659,u0185,c006,mobile,5.3.0,2026-08-06T21:56:27Z,15
s010660,u0324,c004,tv,,2026-08-06T21:58:07Z,46
s010661,u0202,c045,mobile,5.3.0,2026-08-06T21:58:09Z,54
s010662,u0374,c021,tv,,2026-08-06T21:58:44Z,67
s010663,u0554,c001,web,,2026-08-06T21:58:45Z,109
s010664,u0288,c010,mobile,5.3.0,2026-08-06T21:58:51Z,43
s010665,u0306,c022,mobile,5.3.0,2026-08-06T21:59:15Z,25
s010666,u0704,c017,tv,,2026-08-06T21:59:44Z,20
s010667,u0387,c008,mobile,5.3.0,2026-08-06T23:02:30Z,34
s010668,u0575,c004,web,,2026-08-06T23:06:07Z,92
s010669,u0197,c053,tv,,2026-08-06T23:06:12Z,30
s010670,u0431,c018,mobile,5.3.0,2026-08-06T23:08:43Z,74
s010671,u0027,c005,tv,,2026-08-06T23:17:44Z,32
s010672,u0792,c002,tv,,2026-08-06T23:22:40Z,34
s010673,u0533,c002,web,,2026-08-06T23:24:20Z,56
s010674,u0866,c024,mobile,5.3.0,2026-08-06T23:25:55Z,85
s010675,u0090,c010,tv,,2026-08-06T23:31:14Z,36
s010676,u0328,c008,mobile,5.3.0,2026-08-06T23:35:42Z,4
s010677,u0644,c022,mobile,5.3.0,2026-08-06T23:36:07Z,7
s010678,u0232,c005,tv,,2026-08-06T23:36:08Z,46
s010679,u0111,c013,web,,2026-08-06T23:38:46Z,11
s010680,u0517,c004,mobile,5.3.0,2026-08-06T23:38:53Z,16
s010681,u0535,c015,mobile,5.3.0,2026-08-06T23:38:56Z,10
s010682,u0131,c011,mobile,5.3.0,2026-08-06T23:40:31Z,11
s010683,u0774,c003,mobile,5.3.0,2026-08-06T23:46:00Z,13
s010684,u0184,c038,tv,,2026-08-06T23:46:54Z,40
s010685,u0007,c006,mobile,5.3.0,2026-08-06T23:49:37Z,13
s010686,u0018,c002,tv,,2026-08-06T23:49:51Z,14
s010687,u0071,c002,web,,2026-08-06T23:54:26Z,18
s010688,u0623,c002,web,,2026-08-06T23:54:32Z,62
s010689,u0047,c016,mobile,5.3.0,2026-08-06T23:55:17Z,73
s010690,u0058,c001,mobile,5.3.0,2026-08-06T23:55:32Z,40
s010691,u0648,c002,web,,2026-08-06T23:56:17Z,37
s010692,u0636,c052,mobile,5.3.0,2026-08-07T08:02:37Z,104
s010693,u0390,c004,mobile,5.3.0,2026-08-07T08:02:52Z,9
s010694,u0511,c057,tv,,2026-08-07T08:14:15Z,38
s010695,u0148,c022,tv,,2026-08-07T08:18:52Z,30
s010696,u0346,c022,tv,,2026-08-07T08:25:57Z,18
s010697,u0744,c039,tv,,2026-08-07T08:27:59Z,23
s010698,u0386,c001,mobile,5.3.0,2026-08-07T08:29:40Z,50
s010699,u0792,c001,tv,,2026-08-07T08:29:54Z,14
s010700,u0057,c006,mobile,5.3.0,2026-08-07T08:36:33Z,22
s010701,u0497,c005,web,,2026-08-07T08:36:36Z,138
s010702,u0018,c010,tv,,2026-08-07T08:37:10Z,9
s010703,u0872,c009,mobile,5.3.0,2026-08-07T08:39:05Z,7
s010704,u0247,c030,mobile,5.3.0,2026-08-07T08:45:56Z,8
s010705,u0243,c007,web,,2026-08-07T08:46:26Z,114
s010706,u0766,c034,mobile,5.3.0,2026-08-07T08:49:19Z,40
s010707,u0434,c034,mobile,5.3.0,2026-08-07T08:49:56Z,79
s010708,u0742,c001,tv,,2026-08-07T08:54:47Z,42
s010709,u0219,c039,mobile,5.3.0,2026-08-07T08:59:33Z,23
s010710,u0588,c010,web,,2026-08-07T12:02:06Z,41
s010711,u0656,c003,tv,,2026-08-07T12:02:22Z,77
s010712,u0338,c059,tv,,2026-08-07T12:02:51Z,52
s010713,u0139,c007,web,,2026-08-07T12:04:13Z,99
s010714,u0402,c006,mobile,5.3.0,2026-08-07T12:05:13Z,21
s010715,u0196,c001,tv,,2026-08-07T12:07:37Z,21
s010716,u0563,c009,tv,,2026-08-07T12:07:56Z,12
s010717,u0087,c009,mobile,5.3.0,2026-08-07T12:09:25Z,21
s010718,u0138,c036,mobile,5.3.0,2026-08-07T12:09:50Z,37
s010719,u0893,c039,mobile,5.3.0,2026-08-07T12:12:41Z,7
s010720,u0607,c001,tv,,2026-08-07T12:13:41Z,127
s010721,u0090,c003,tv,,2026-08-07T12:15:58Z,18
s010722,u0247,c039,mobile,5.3.0,2026-08-07T12:17:06Z,23
s010723,u0178,c002,web,,2026-08-07T12:18:49Z,51
s010724,u0047,c001,web,,2026-08-07T12:20:19Z,12
s010725,u0239,c010,tv,,2026-08-07T12:21:13Z,123
s010726,u0359,c001,mobile,5.3.0,2026-08-07T12:23:57Z,58
s010727,u0069,c056,mobile,5.3.0,2026-08-07T12:29:19Z,16
s010728,u0156,c056,tv,,2026-08-07T12:33:49Z,18
s010729,u0478,c001,tv,,2026-08-07T12:34:34Z,40
s010730,u0094,c001,tv,,2026-08-07T12:38:40Z,83
s010731,u0166,c031,web,,2026-08-07T12:39:28Z,62
s010732,u0691,c001,web,,2026-08-07T12:41:46Z,63
s010733,u0780,c053,tv,,2026-08-07T12:44:23Z,13
s010734,u0213,c009,tv,,2026-08-07T12:46:28Z,6
s010735,u0626,c054,web,,2026-08-07T12:52:40Z,14
s010736,u0181,c051,web,,2026-08-07T12:55:16Z,40
s010737,u0369,c002,mobile,5.3.0,2026-08-07T12:55:29Z,38
s010738,u0325,c035,mobile,5.3.0,2026-08-07T17:01:00Z,39
s010739,u0434,c003,mobile,5.3.0,2026-08-07T17:01:20Z,20
s010740,u0464,c013,tv,,2026-08-07T17:02:38Z,46
s010741,u0109,c005,mobile,5.3.0,2026-08-07T17:02:50Z,19
s010742,u0409,c013,web,,2026-08-07T17:03:28Z,30
s010743,u0374,c035,web,,2026-08-07T17:03:59Z,35
s010744,u0042,c003,tv,,2026-08-07T17:04:29Z,62
s010745,u0109,c006,mobile,5.3.0,2026-08-07T17:06:16Z,16
s010746,u0314,c001,mobile,5.3.0,2026-08-07T17:08:35Z,14
s010747,u0349,c001,tv,,2026-08-07T17:12:14Z,98
s010748,u0460,c048,mobile,5.3.0,2026-08-07T17:13:07Z,9
s010749,u0446,c015,mobile,5.3.0,2026-08-07T17:13:12Z,42
s010750,u0474,c001,mobile,5.3.0,2026-08-07T17:17:10Z,47
s010751,u0099,c001,mobile,5.3.0,2026-08-07T17:19:50Z,10
s010752,u0099,c020,web,,2026-08-07T17:21:17Z,30
s010753,u0791,c001,mobile,5.3.0,2026-08-07T17:21:30Z,60
s010754,u0115,c039,mobile,5.3.0,2026-08-07T17:21:36Z,21
s010755,u0476,c009,tv,,2026-08-07T17:22:03Z,34
s010756,u0227,c004,mobile,5.3.0,2026-08-07T17:24:36Z,26
s010757,u0427,c001,web,,2026-08-07T17:25:21Z,161
s010758,u0805,c001,mobile,5.3.0,2026-08-07T17:25:28Z,6
s010759,u0658,c034,mobile,5.3.0,2026-08-07T17:26:19Z,23
s010760,u0191,c007,web,,2026-08-07T17:26:44Z,27
s010761,u0779,c003,web,,2026-08-07T17:27:07Z,13
s010762,u0250,c019,web,,2026-08-07T17:28:21Z,51
s010763,u0027,c004,web,,2026-08-07T17:30:26Z,25
s010764,u0491,c002,web,,2026-08-07T17:34:15Z,13
s010765,u0402,c005,tv,,2026-08-07T17:36:38Z,18
s010766,u0198,c001,mobile,5.3.0,2026-08-07T17:36:45Z,7
s010767,u0307,c020,mobile,5.3.0,2026-08-07T17:38:52Z,13
s010768,u0038,c038,tv,,2026-08-07T17:41:09Z,61
s010769,u0066,c038,web,,2026-08-07T17:42:06Z,25
s010770,u0716,c054,tv,,2026-08-07T17:44:07Z,49
s010771,u0049,c001,web,,2026-08-07T17:45:03Z,69
s010772,u0485,c035,tv,,2026-08-07T17:46:26Z,20
s010773,u0566,c015,mobile,5.3.0,2026-08-07T17:47:37Z,12
s010774,u0704,c001,tv,,2026-08-07T17:50:14Z,52
s010775,u0630,c007,mobile,5.3.0,2026-08-07T17:50:59Z,8
s010776,u0243,c001,web,,2026-08-07T17:52:33Z,38
s010777,u0699,c005,mobile,5.3.0,2026-08-07T17:52:37Z,51
s010778,u0448,c003,mobile,5.3.0,2026-08-07T17:55:27Z,26
s010779,u0068,c036,web,,2026-08-07T17:55:41Z,36
s010780,u0314,c009,tv,,2026-08-07T17:56:53Z,41
s010781,u0025,c001,mobile,5.3.0,2026-08-07T17:58:12Z,43
s010782,u0080,c001,tv,,2026-08-07T19:02:41Z,97
s010783,u0499,c037,web,,2026-08-07T19:02:49Z,11
s010784,u0639,c004,web,,2026-08-07T19:04:29Z,41
s010785,u0341,c053,mobile,5.3.0,2026-08-07T19:05:16Z,20
s010786,u0771,c032,tv,,2026-08-07T19:05:50Z,35
s010787,u0448,c001,mobile,5.3.0,2026-08-07T19:06:15Z,66
s010788,u0640,c001,mobile,5.3.0,2026-08-07T19:07:56Z,68
s010789,u0267,c003,web,,2026-08-07T19:08:53Z,12
s010790,u0225,c005,web,,2026-08-07T19:09:12Z,175
s010791,u0473,c001,web,,2026-08-07T19:10:11Z,53
s010792,u0165,c003,mobile,5.3.0,2026-08-07T19:11:52Z,15
s010793,u0652,c058,web,,2026-08-07T19:12:00Z,13
s010794,u0847,c001,tv,,2026-08-07T19:12:39Z,29
s010795,u0178,c027,web,,2026-08-07T19:12:50Z,42
s010796,u0684,c001,web,,2026-08-07T19:15:39Z,74
s010797,u0714,c018,mobile,5.3.0,2026-08-07T19:16:20Z,20
s010798,u0359,c004,mobile,5.3.0,2026-08-07T19:16:33Z,26
s010799,u0499,c018,web,,2026-08-07T19:17:15Z,48
s010800,u0521,c003,tv,,2026-08-07T19:17:39Z,15
s010801,u0726,c001,web,,2026-08-07T19:17:45Z,63
s010802,u0438,c045,tv,,2026-08-07T19:18:16Z,32
s010803,u0256,c004,tv,,2026-08-07T19:18:48Z,88
s010804,u0054,c044,web,,2026-08-07T19:19:02Z,56
s010805,u0264,c020,mobile,5.3.0,2026-08-07T19:19:15Z,16
s010806,u0579,c017,web,,2026-08-07T19:19:29Z,12
s010807,u0777,c004,tv,,2026-08-07T19:19:38Z,27
s010808,u0295,c001,mobile,5.3.0,2026-08-07T19:20:17Z,29
s010809,u0791,c027,mobile,5.3.0,2026-08-07T19:20:17Z,8
s010810,u0852,c001,web,,2026-08-07T19:21:02Z,60
s010811,u0695,c001,web,,2026-08-07T19:23:21Z,22
s010812,u0232,c058,tv,,2026-08-07T19:23:58Z,54
s010813,u0522,c047,web,,2026-08-07T19:23:59Z,109
s010814,u0650,c032,mobile,5.3.0,2026-08-07T19:24:01Z,21
s010815,u0704,c002,tv,,2026-08-07T19:25:07Z,159
s010816,u0397,c039,mobile,5.3.0,2026-08-07T19:25:39Z,23
s010817,u0427,c019,mobile,5.3.0,2026-08-07T19:27:28Z,20
s010818,u0372,c054,mobile,5.3.0,2026-08-07T19:29:11Z,38
s010819,u0152,c027,web,,2026-08-07T19:29:19Z,51
s010820,u0717,c005,web,,2026-08-07T19:29:20Z,61
s010821,u0663,c006,web,,2026-08-07T19:29:24Z,99
s010822,u0178,c033,mobile,5.3.0,2026-08-07T19:29:33Z,24
s010823,u0781,c007,tv,,2026-08-07T19:32:07Z,41
s010824,u0443,c009,mobile,5.3.0,2026-08-07T19:32:29Z,24
s010825,u0760,c003,mobile,5.3.0,2026-08-07T19:32:51Z,24
s010826,u0295,c001,mobile,5.3.0,2026-08-07T19:33:39Z,13
s010827,u0493,c012,web,,2026-08-07T19:35:34Z,74
s010828,u0707,c030,web,,2026-08-07T19:35:43Z,24
s010829,u0752,c003,tv,,2026-08-07T19:36:08Z,32
s010830,u0687,c003,mobile,5.3.0,2026-08-07T19:38:24Z,27
s010831,u0039,c060,mobile,5.3.0,2026-08-07T19:38:34Z,31
s010832,u0282,c028,web,,2026-08-07T19:38:54Z,21
s010833,u0175,c032,web,,2026-08-07T19:39:14Z,120
s010834,u0609,c001,mobile,5.3.0,2026-08-07T19:39:49Z,8
s010835,u0198,c006,mobile,5.3.0,2026-08-07T19:40:21Z,33
s010836,u0721,c005,web,,2026-08-07T19:41:29Z,33
s010837,u0134,c020,web,,2026-08-07T19:42:06Z,40
s010838,u0500,c008,tv,,2026-08-07T19:43:01Z,44
s010839,u0738,c037,mobile,5.3.0,2026-08-07T19:43:23Z,8
s010840,u0375,c001,tv,,2026-08-07T19:43:59Z,90
s010841,u0585,c001,tv,,2026-08-07T19:44:04Z,25
s010842,u0241,c001,web,,2026-08-07T19:44:20Z,22
s010843,u0525,c020,mobile,5.3.0,2026-08-07T19:44:40Z,33
s010844,u0524,c055,mobile,5.3.0,2026-08-07T19:45:00Z,31
s010845,u0806,c003,tv,,2026-08-07T19:45:27Z,46
s010846,u0135,c006,web,,2026-08-07T19:46:30Z,32
s010847,u0792,c040,mobile,5.3.0,2026-08-07T19:47:56Z,15
s010848,u0560,c019,mobile,5.3.0,2026-08-07T19:48:19Z,30
s010849,u0263,c003,mobile,5.3.0,2026-08-07T19:48:49Z,12
s010850,u0236,c023,tv,,2026-08-07T19:49:16Z,49
s010851,u0194,c001,web,,2026-08-07T19:49:48Z,109
s010852,u0890,c024,mobile,5.3.0,2026-08-07T19:50:54Z,28
s010853,u0032,c057,mobile,5.3.0,2026-08-07T19:52:42Z,12
s010854,u0466,c013,tv,,2026-08-07T19:53:02Z,223
s010855,u0476,c052,tv,,2026-08-07T19:54:38Z,18
s010856,u0507,c010,tv,,2026-08-07T19:55:09Z,38
s010857,u0798,c008,mobile,5.3.0,2026-08-07T19:56:59Z,30
s010858,u0642,c001,mobile,5.3.0,2026-08-07T19:58:29Z,11
s010859,u0786,c016,tv,,2026-08-07T19:58:30Z,108
s010860,u0178,c014,web,,2026-08-07T21:00:10Z,72
s010861,u0158,c009,web,,2026-08-07T21:00:14Z,34
s010862,u0581,c051,tv,,2026-08-07T21:01:06Z,54
s010863,u0014,c008,mobile,5.3.0,2026-08-07T21:02:26Z,22
s010864,u0667,c002,web,,2026-08-07T21:03:18Z,33
s010865,u0634,c020,tv,,2026-08-07T21:04:30Z,99
s010866,u0793,c006,tv,,2026-08-07T21:06:19Z,57
s010867,u0559,c001,mobile,5.3.0,2026-08-07T21:06:49Z,35
s010868,u0045,c008,mobile,5.3.0,2026-08-07T21:06:52Z,46
s010869,u0699,c003,mobile,5.3.0,2026-08-07T21:06:54Z,20
s010870,u0106,c043,mobile,5.3.0,2026-08-07T21:06:59Z,60
s010871,u0669,c042,mobile,5.3.0,2026-08-07T21:07:22Z,38
s010872,u0202,c007,mobile,5.3.0,2026-08-07T21:07:29Z,9
s010873,u0339,c059,tv,,2026-08-07T21:08:05Z,91
s010874,u0197,c036,tv,,2026-08-07T21:08:35Z,54
s010875,u0860,c004,mobile,5.3.0,2026-08-07T21:09:13Z,26
s010876,u0271,c004,web,,2026-08-07T21:09:51Z,231
s010877,u0054,c002,web,,2026-08-07T21:10:11Z,40
s010878,u0133,c002,mobile,5.3.0,2026-08-07T21:15:13Z,12
s010879,u0047,c029,mobile,5.3.0,2026-08-07T21:15:39Z,15
s010880,u0418,c005,mobile,5.3.0,2026-08-07T21:16:15Z,8
s010881,u0648,c041,mobile,5.3.0,2026-08-07T21:17:41Z,26
s010882,u0008,c001,mobile,5.3.0,2026-08-07T21:17:47Z,8
s010883,u0630,c045,mobile,5.3.0,2026-08-07T21:17:59Z,8
s010884,u0027,c001,tv,,2026-08-07T21:18:45Z,22
s010885,u0018,c003,web,,2026-08-07T21:18:58Z,108
s010886,u0249,c023,tv,,2026-08-07T21:19:21Z,79
s010887,u0038,c030,tv,,2026-08-07T21:19:50Z,146
s010888,u0679,c024,tv,,2026-08-07T21:19:52Z,52
s010889,u0659,c039,tv,,2026-08-07T21:20:45Z,229
s010890,u0780,c002,tv,,2026-08-07T21:21:42Z,102
s010891,u0414,c008,mobile,5.3.0,2026-08-07T21:21:52Z,12
s010892,u0665,c001,mobile,5.3.0,2026-08-07T21:22:35Z,10
s010893,u0579,c038,tv,,2026-08-07T21:22:41Z,15
s010894,u0328,c009,mobile,5.3.0,2026-08-07T21:22:54Z,21
s010895,u0412,c029,web,,2026-08-07T21:23:17Z,83
s010896,u0428,c002,tv,,2026-08-07T21:23:55Z,26
s010897,u0697,c005,web,,2026-08-07T21:24:01Z,42
s010898,u0658,c049,mobile,5.3.0,2026-08-07T21:24:13Z,7
s010899,u0257,c003,mobile,5.3.0,2026-08-07T21:24:57Z,18
s010900,u0307,c004,mobile,5.3.0,2026-08-07T21:25:20Z,20
s010901,u0004,c002,web,,2026-08-07T21:25:48Z,104
s010902,u0707,c016,web,,2026-08-07T21:29:03Z,38
s010903,u0570,c058,mobile,5.3.0,2026-08-07T21:29:11Z,22
s010904,u0273,c030,mobile,5.3.0,2026-08-07T21:29:12Z,36
s010905,u0230,c049,mobile,5.3.0,2026-08-07T21:29:25Z,8
s010906,u0092,c003,web,,2026-08-07T21:29:32Z,19
s010907,u0168,c001,tv,,2026-08-07T21:30:12Z,20
s010908,u0196,c035,tv,,2026-08-07T21:30:22Z,54
s010909,u0532,c001,web,,2026-08-07T21:30:50Z,40
s010910,u0301,c006,mobile,5.3.0,2026-08-07T21:31:07Z,29
s010911,u0643,c001,tv,,2026-08-07T21:31:20Z,48
s010912,u0161,c034,tv,,2026-08-07T21:33:11Z,47
s010913,u0068,c011,web,,2026-08-07T21:33:26Z,28
s010914,u0385,c015,web,,2026-08-07T21:33:30Z,62
s010915,u0426,c018,mobile,5.3.0,2026-08-07T21:33:32Z,29
s010916,u0397,c036,mobile,5.3.0,2026-08-07T21:34:16Z,10
s010917,u0547,c047,mobile,5.3.0,2026-08-07T21:34:30Z,18
s010918,u0363,c010,web,,2026-08-07T21:35:29Z,33
s010919,u0551,c030,mobile,5.3.0,2026-08-07T21:35:29Z,15
s010920,u0021,c013,tv,,2026-08-07T21:35:57Z,102
s010921,u0025,c005,mobile,5.3.0,2026-08-07T21:35:59Z,29
s010922,u0027,c008,tv,,2026-08-07T21:36:25Z,17
s010923,u0069,c022,mobile,5.3.0,2026-08-07T21:36:32Z,17
s010924,u0716,c050,tv,,2026-08-07T21:37:09Z,47
s010925,u0159,c060,mobile,5.3.0,2026-08-07T21:37:12Z,17
s010926,u0766,c033,mobile,5.3.0,2026-08-07T21:37:15Z,42
s010927,u0028,c001,tv,,2026-08-07T21:38:39Z,31
s010928,u0604,c009,tv,,2026-08-07T21:40:54Z,53
s010929,u0588,c001,web,,2026-08-07T21:41:17Z,14
s010930,u0583,c021,mobile,5.3.0,2026-08-07T21:42:23Z,8
s010931,u0709,c014,mobile,5.3.0,2026-08-07T21:42:52Z,12
s010932,u0227,c001,mobile,5.3.0,2026-08-07T21:43:50Z,38
s010933,u0125,c004,mobile,5.3.0,2026-08-07T21:44:20Z,33
s010934,u0366,c020,mobile,5.3.0,2026-08-07T21:44:56Z,17
s010935,u0893,c002,mobile,5.3.0,2026-08-07T21:45:51Z,6
s010936,u0508,c045,web,,2026-08-07T21:47:01Z,96
s010937,u0259,c011,mobile,5.3.0,2026-08-07T21:47:04Z,10
s010938,u0721,c009,web,,2026-08-07T21:47:49Z,48
s010939,u0757,c002,mobile,5.3.0,2026-08-07T21:48:03Z,26
s010940,u0575,c011,tv,,2026-08-07T21:48:07Z,102
s010941,u0131,c038,mobile,5.3.0,2026-08-07T21:48:15Z,33
s010942,u0444,c057,web,,2026-08-07T21:49:08Z,21
s010943,u0721,c001,web,,2026-08-07T21:50:06Z,31
s010944,u0624,c005,web,,2026-08-07T21:50:35Z,28
s010945,u0567,c017,mobile,5.3.0,2026-08-07T21:51:03Z,28
s010946,u0044,c016,mobile,5.3.0,2026-08-07T21:51:17Z,16
s010947,u0094,c004,tv,,2026-08-07T21:53:34Z,34
s010948,u0448,c030,mobile,5.3.0,2026-08-07T21:54:19Z,28
s010949,u0498,c006,mobile,5.3.0,2026-08-07T21:54:33Z,16
s010950,u0313,c052,tv,,2026-08-07T21:55:38Z,21
s010951,u0042,c059,tv,,2026-08-07T21:55:41Z,31
s010952,u0135,c008,mobile,5.3.0,2026-08-07T21:58:58Z,23
s010953,u0138,c013,web,,2026-08-07T21:59:29Z,96
s010954,u0383,c011,web,,2026-08-07T21:59:36Z,16
s010955,u0855,c001,web,,2026-08-07T21:59:38Z,20
s010956,u0168,c007,tv,,2026-08-07T23:02:06Z,23
s010957,u0387,c005,web,,2026-08-07T23:02:33Z,15
s010958,u0670,c029,tv,,2026-08-07T23:03:52Z,60
s010959,u0724,c003,mobile,5.3.0,2026-08-07T23:04:54Z,10
s010960,u0434,c004,mobile,5.3.0,2026-08-07T23:06:25Z,18
s010961,u0415,c013,tv,,2026-08-07T23:08:06Z,89
s010962,u0512,c031,mobile,5.3.0,2026-08-07T23:11:34Z,40
s010963,u0208,c009,mobile,5.3.0,2026-08-07T23:11:52Z,48
s010964,u0242,c003,mobile,5.3.0,2026-08-07T23:12:53Z,30
s010965,u0295,c021,web,,2026-08-07T23:12:55Z,51
s010966,u0743,c005,tv,,2026-08-07T23:14:53Z,101
s010967,u0897,c055,mobile,5.3.0,2026-08-07T23:14:57Z,29
s010968,u0117,c004,mobile,5.3.0,2026-08-07T23:16:47Z,35
s010969,u0576,c002,mobile,5.3.0,2026-08-07T23:17:35Z,58
s010970,u0381,c003,web,,2026-08-07T23:18:01Z,27
s010971,u0771,c001,mobile,5.3.0,2026-08-07T23:20:19Z,15
s010972,u0755,c035,tv,,2026-08-07T23:20:53Z,29
s010973,u0760,c045,mobile,5.3.0,2026-08-07T23:22:52Z,59
s010974,u0307,c013,mobile,5.3.0,2026-08-07T23:23:44Z,40
s010975,u0560,c005,mobile,5.3.0,2026-08-07T23:27:28Z,54
s010976,u0714,c013,mobile,5.3.0,2026-08-07T23:28:44Z,12
s010977,u0861,c020,tv,,2026-08-07T23:33:04Z,32
s010978,u0587,c055,mobile,5.3.0,2026-08-07T23:33:06Z,25
s010979,u0296,c009,mobile,5.3.0,2026-08-07T23:34:19Z,18
s010980,u0236,c001,web,,2026-08-07T23:35:10Z,32
s010981,u0253,c015,tv,,2026-08-07T23:37:03Z,44
s010982,u0606,c011,mobile,5.3.0,2026-08-07T23:37:45Z,6
s010983,u0575,c002,tv,,2026-08-07T23:40:56Z,107
s010984,u0797,c002,tv,,2026-08-07T23:43:51Z,70
s010985,u0357,c002,mobile,5.3.0,2026-08-07T23:44:00Z,28
s010986,u0044,c002,mobile,5.3.0,2026-08-07T23:48:13Z,13
s010987,u0313,c016,tv,,2026-08-07T23:51:35Z,21
s010988,u0305,c033,mobile,5.3.0,2026-08-07T23:53:34Z,12
s010989,u0673,c023,mobile,5.3.0,2026-08-08T08:03:41Z,26
s010990,u0345,c001,web,,2026-08-08T08:06:15Z,234
s010991,u0714,c038,mobile,5.3.0,2026-08-08T08:07:48Z,8
s010992,u0052,c007,web,,2026-08-08T08:09:34Z,41
s010993,u0499,c001,web,,2026-08-08T08:19:17Z,66
s010994,u0395,c041,tv,,2026-08-08T08:20:44Z,25
s010995,u0064,c001,web,,2026-08-08T08:25:41Z,55
s010996,u0850,c001,mobile,5.3.0,2026-08-08T08:27:42Z,5
s010997,u0369,c059,mobile,5.3.0,2026-08-08T08:34:30Z,12
s010998,u0700,c048,tv,,2026-08-08T08:35:38Z,83
s010999,u0766,c002,tv,,2026-08-08T08:42:24Z,82
s011000,u0478,c041,mobile,5.3.0,2026-08-08T08:44:08Z,27
s011001,u0209,c001,tv,,2026-08-08T08:44:21Z,22
s011002,u0210,c008,tv,,2026-08-08T08:45:51Z,128
s011003,u0402,c008,mobile,5.3.0,2026-08-08T08:49:49Z,9
s011004,u0097,c034,mobile,5.3.0,2026-08-08T08:55:53Z,14
s011005,u0588,c001,mobile,5.3.0,2026-08-08T12:02:33Z,17
s011006,u0567,c018,mobile,5.3.0,2026-08-08T12:06:02Z,16
s011007,u0209,c020,tv,,2026-08-08T12:16:00Z,50
s011008,u0339,c022,tv,,2026-08-08T12:16:10Z,50
s011009,u0445,c001,mobile,5.3.0,2026-08-08T12:16:21Z,55
s011010,u0396,c002,tv,,2026-08-08T12:19:33Z,57
s011011,u0101,c025,mobile,5.3.0,2026-08-08T12:21:27Z,13
s011012,u0396,c031,mobile,5.3.0,2026-08-08T12:21:56Z,53
s011013,u0227,c002,mobile,5.3.0,2026-08-08T12:22:15Z,10
s011014,u0448,c059,mobile,5.3.0,2026-08-08T12:24:29Z,16
s011015,u0189,c048,tv,,2026-08-08T12:25:29Z,8
s011016,u0806,c015,web,,2026-08-08T12:25:56Z,25
s011017,u0603,c006,tv,,2026-08-08T12:26:14Z,53
s011018,u0351,c037,tv,,2026-08-08T12:27:05Z,114
s011019,u0156,c029,tv,,2026-08-08T12:27:17Z,49
s011020,u0434,c035,mobile,5.3.0,2026-08-08T12:29:23Z,11
s011021,u0060,c012,tv,,2026-08-08T12:29:46Z,166
s011022,u0010,c054,tv,,2026-08-08T12:29:55Z,16
s011023,u0558,c002,tv,,2026-08-08T12:30:59Z,34
s011024,u0081,c001,tv,,2026-08-08T12:35:31Z,116
s011025,u0792,c002,tv,,2026-08-08T12:36:52Z,37
s011026,u0188,c048,mobile,5.3.0,2026-08-08T12:37:09Z,7
s011027,u0517,c029,mobile,5.3.0,2026-08-08T12:40:35Z,21
s011028,u0307,c005,mobile,5.3.0,2026-08-08T12:41:07Z,18
s011029,u0499,c009,tv,,2026-08-08T12:42:00Z,59
s011030,u0346,c002,mobile,5.3.0,2026-08-08T12:44:19Z,33
s011031,u0772,c003,mobile,5.3.0,2026-08-08T12:50:46Z,24
s011032,u0482,c046,web,,2026-08-08T12:50:56Z,36
s011033,u0878,c004,mobile,5.3.0,2026-08-08T12:51:47Z,22
s011034,u0568,c013,mobile,5.3.0,2026-08-08T12:52:53Z,28
s011035,u0769,c006,web,,2026-08-08T12:57:28Z,34
s011036,u0711,c001,mobile,5.3.0,2026-08-08T12:59:46Z,13
s011037,u0292,c008,tv,,2026-08-08T17:00:00Z,53
s011038,u0677,c001,mobile,5.3.0,2026-08-08T17:01:57Z,17
s011039,u0721,c030,web,,2026-08-08T17:04:13Z,26
s011040,u0551,c008,mobile,5.3.0,2026-08-08T17:05:48Z,24
s011041,u0391,c041,web,,2026-08-08T17:07:08Z,34
s011042,u0742,c056,tv,,2026-08-08T17:07:37Z,123
s011043,u0303,c024,mobile,5.3.0,2026-08-08T17:08:55Z,10
s011044,u0593,c001,mobile,5.3.0,2026-08-08T17:09:03Z,15
s011045,u0481,c022,tv,,2026-08-08T17:12:12Z,115
s011046,u0052,c007,web,,2026-08-08T17:13:55Z,18
s011047,u0417,c005,mobile,5.3.0,2026-08-08T17:14:49Z,38
s011048,u0204,c060,mobile,5.3.0,2026-08-08T17:15:05Z,46
s011049,u0266,c003,mobile,5.3.0,2026-08-08T17:15:43Z,46
s011050,u0161,c040,web,,2026-08-08T17:17:16Z,32
s011051,u0676,c001,tv,,2026-08-08T17:20:24Z,65
s011052,u0720,c002,mobile,5.3.0,2026-08-08T17:21:57Z,40
s011053,u0801,c003,web,,2026-08-08T17:22:03Z,23
s011054,u0193,c023,web,,2026-08-08T17:22:46Z,62
s011055,u0525,c008,web,,2026-08-08T17:23:14Z,37
s011056,u0431,c006,mobile,5.3.0,2026-08-08T17:28:13Z,45
s011057,u0755,c034,tv,,2026-08-08T17:31:33Z,69
s011058,u0247,c008,mobile,5.3.0,2026-08-08T17:32:20Z,35
s011059,u0560,c016,mobile,5.3.0,2026-08-08T17:33:20Z,24
s011060,u0137,c002,tv,,2026-08-08T17:33:22Z,24
s011061,u0472,c003,mobile,5.3.0,2026-08-08T17:34:01Z,32
s011062,u0875,c025,mobile,5.3.0,2026-08-08T17:34:46Z,21
s011063,u0612,c001,tv,,2026-08-08T17:36:16Z,37
s011064,u0491,c007,web,,2026-08-08T17:36:52Z,99
s011065,u0161,c046,tv,,2026-08-08T17:37:19Z,23
s011066,u0126,c017,web,,2026-08-08T17:37:23Z,22
s011067,u0451,c010,mobile,5.3.0,2026-08-08T17:37:49Z,8
s011068,u0772,c001,mobile,5.3.0,2026-08-08T17:38:00Z,34
s011069,u0506,c001,mobile,5.3.0,2026-08-08T17:38:10Z,14
s011070,u0274,c040,mobile,5.3.0,2026-08-08T17:38:33Z,74
s011071,u0711,c001,mobile,5.3.0,2026-08-08T17:38:57Z,24
s011072,u0219,c001,mobile,5.3.0,2026-08-08T17:39:54Z,49
s011073,u0562,c007,tv,,2026-08-08T17:40:15Z,52
s011074,u0547,c026,mobile,5.3.0,2026-08-08T17:40:32Z,35
s011075,u0673,c003,mobile,5.3.0,2026-08-08T17:40:36Z,13
s011076,u0744,c019,tv,,2026-08-08T17:44:35Z,137
s011077,u0307,c002,tv,,2026-08-08T17:44:40Z,22
s011078,u0623,c025,web,,2026-08-08T17:44:50Z,44
s011079,u0512,c005,mobile,5.3.0,2026-08-08T17:45:33Z,43
s011080,u0585,c037,mobile,5.3.0,2026-08-08T17:45:39Z,23
s011081,u0709,c034,mobile,5.3.0,2026-08-08T17:47:10Z,19
s011082,u0723,c002,mobile,5.3.0,2026-08-08T17:47:48Z,100
s011083,u0607,c010,tv,,2026-08-08T17:47:52Z,43
s011084,u0251,c001,web,,2026-08-08T17:48:42Z,37
s011085,u0721,c020,web,,2026-08-08T17:49:31Z,14
s011086,u0793,c029,mobile,5.3.0,2026-08-08T17:53:54Z,18
s011087,u0788,c037,tv,,2026-08-08T17:54:22Z,22
s011088,u0758,c002,web,,2026-08-08T17:55:16Z,44
s011089,u0066,c001,web,,2026-08-08T17:56:07Z,56
s011090,u0160,c025,tv,,2026-08-08T17:56:07Z,27
s011091,u0454,c020,tv,,2026-08-08T17:58:18Z,41
s011092,u0083,c024,mobile,5.3.0,2026-08-08T19:00:33Z,13
s011093,u0243,c003,mobile,5.3.0,2026-08-08T19:00:48Z,18
s011094,u0442,c016,tv,,2026-08-08T19:02:09Z,50
s011095,u0105,c001,web,,2026-08-08T19:02:16Z,115
s011096,u0447,c003,mobile,5.3.0,2026-08-08T19:02:19Z,12
s011097,u0029,c002,tv,,2026-08-08T19:02:38Z,89
s011098,u0893,c036,mobile,5.3.0,2026-08-08T19:02:40Z,10
s011099,u0795,c011,mobile,5.3.0,2026-08-08T19:02:51Z,20
s011100,u0171,c032,mobile,5.3.0,2026-08-08T19:03:31Z,24
s011101,u0297,c035,tv,,2026-08-08T19:03:37Z,55
s011102,u0156,c005,tv,,2026-08-08T19:05:09Z,30
s011103,u0545,c046,tv,,2026-08-08T19:05:20Z,171
s011104,u0148,c007,mobile,5.3.0,2026-08-08T19:06:50Z,12
s011105,u0291,c031,web,,2026-08-08T19:06:58Z,25
s011106,u0619,c005,tv,,2026-08-08T19:06:58Z,55
s011107,u0372,c001,mobile,5.3.0,2026-08-08T19:07:06Z,21
s011108,u0723,c010,mobile,5.3.0,2026-08-08T19:07:38Z,49
s011109,u0340,c005,mobile,5.3.0,2026-08-08T19:09:23Z,12
s011110,u0562,c019,tv,,2026-08-08T19:09:33Z,97
s011111,u0027,c041,tv,,2026-08-08T19:09:41Z,51
s011112,u0687,c002,mobile,5.3.0,2026-08-08T19:10:21Z,10
s011113,u0109,c045,mobile,5.3.0,2026-08-08T19:10:26Z,13
s011114,u0308,c005,web,,2026-08-08T19:10:45Z,25
s011115,u0609,c059,mobile,5.3.0,2026-08-08T19:10:48Z,63
s011116,u0711,c003,web,,2026-08-08T19:10:56Z,36
s011117,u0188,c002,mobile,5.3.0,2026-08-08T19:12:01Z,16
s011118,u0324,c007,tv,,2026-08-08T19:13:03Z,44
s011119,u0783,c003,mobile,5.3.0,2026-08-08T19:13:32Z,14
s011120,u0714,c059,mobile,5.3.0,2026-08-08T19:13:53Z,12
s011121,u0126,c005,mobile,5.3.0,2026-08-08T19:13:57Z,24
s011122,u0810,c012,mobile,5.3.0,2026-08-08T19:14:17Z,24
s011123,u0499,c004,web,,2026-08-08T19:15:42Z,59
s011124,u0099,c041,web,,2026-08-08T19:16:35Z,22
s011125,u0109,c011,mobile,5.3.0,2026-08-08T19:16:42Z,22
s011126,u0851,c004,web,,2026-08-08T19:16:46Z,15
s011127,u0011,c008,tv,,2026-08-08T19:17:05Z,29
s011128,u0608,c003,web,,2026-08-08T19:17:11Z,28
s011129,u0808,c024,tv,,2026-08-08T19:17:50Z,34
s011130,u0161,c003,tv,,2026-08-08T19:17:55Z,25
s011131,u0253,c027,mobile,5.3.0,2026-08-08T19:18:59Z,24
s011132,u0183,c006,tv,,2026-08-08T19:19:26Z,90
s011133,u0135,c003,web,,2026-08-08T19:19:27Z,98
s011134,u0800,c001,mobile,5.3.0,2026-08-08T19:20:28Z,17
s011135,u0763,c017,web,,2026-08-08T19:20:47Z,34
s011136,u0042,c028,tv,,2026-08-08T19:21:05Z,26
s011137,u0173,c016,tv,,2026-08-08T19:21:06Z,63
s011138,u0320,c001,web,,2026-08-08T19:21:20Z,23
s011139,u0497,c042,mobile,5.3.0,2026-08-08T19:21:27Z,13
s011140,u0767,c003,tv,,2026-08-08T19:21:35Z,44
s011141,u0204,c057,mobile,5.3.0,2026-08-08T19:22:12Z,32
s011142,u0783,c021,tv,,2026-08-08T19:24:14Z,16
s011143,u0341,c050,mobile,5.3.0,2026-08-08T19:25:04Z,52
s011144,u0738,c035,tv,,2026-08-08T19:25:57Z,68
s011145,u0166,c048,web,,2026-08-08T19:26:12Z,67
s011146,u0216,c012,mobile,5.3.0,2026-08-08T19:26:47Z,13
s011147,u0018,c001,web,,2026-08-08T19:27:05Z,65
s011148,u0659,c001,web,,2026-08-08T19:27:06Z,83
s011149,u0135,c005,web,,2026-08-08T19:27:19Z,54
s011150,u0767,c001,tv,,2026-08-08T19:28:23Z,16
s011151,u0664,c003,mobile,5.3.0,2026-08-08T19:29:48Z,47
s011152,u0355,c027,mobile,5.3.0,2026-08-08T19:30:38Z,29
s011153,u0859,c024,mobile,5.3.0,2026-08-08T19:30:58Z,19
s011154,u0106,c007,web,,2026-08-08T19:31:13Z,43
s011155,u0457,c004,tv,,2026-08-08T19:31:35Z,56
s011156,u0138,c038,mobile,5.3.0,2026-08-08T19:32:01Z,23
s011157,u0861,c011,mobile,5.3.0,2026-08-08T19:32:03Z,21
s011158,u0428,c006,tv,,2026-08-08T19:32:12Z,65
s011159,u0105,c019,web,,2026-08-08T19:32:24Z,25
s011160,u0448,c005,mobile,5.3.0,2026-08-08T19:32:40Z,8
s011161,u0423,c011,mobile,5.3.0,2026-08-08T19:33:06Z,26
s011162,u0760,c008,mobile,5.3.0,2026-08-08T19:33:06Z,41
s011163,u0150,c039,tv,,2026-08-08T19:33:11Z,73
s011164,u0852,c045,web,,2026-08-08T19:33:43Z,8
s011165,u0493,c002,web,,2026-08-08T19:34:01Z,12
s011166,u0677,c001,mobile,5.3.0,2026-08-08T19:34:04Z,36
s011167,u0069,c006,mobile,5.3.0,2026-08-08T19:34:08Z,52
s011168,u0172,c001,web,,2026-08-08T19:35:27Z,24
s011169,u0356,c008,web,,2026-08-08T19:36:16Z,38
s011170,u0309,c017,tv,,2026-08-08T19:37:27Z,86
s011171,u0750,c001,tv,,2026-08-08T19:37:27Z,92
s011172,u0628,c020,tv,,2026-08-08T19:37:49Z,17
s011173,u0309,c006,tv,,2026-08-08T19:38:49Z,40
s011174,u0151,c003,mobile,5.3.0,2026-08-08T19:38:50Z,19
s011175,u0058,c042,mobile,5.3.0,2026-08-08T19:39:58Z,43
s011176,u0209,c001,tv,,2026-08-08T19:40:06Z,113
s011177,u0138,c018,mobile,5.3.0,2026-08-08T19:40:08Z,34
s011178,u0058,c001,mobile,5.3.0,2026-08-08T19:40:17Z,14
s011179,u0460,c002,mobile,5.3.0,2026-08-08T19:40:52Z,22
s011180,u0324,c001,tv,,2026-08-08T19:41:54Z,32
s011181,u0901,c001,web,,2026-08-08T19:42:01Z,8
s011182,u0851,c016,web,,2026-08-08T19:42:32Z,52
s011183,u0122,c011,mobile,5.3.0,2026-08-08T19:42:36Z,25
s011184,u0400,c022,mobile,5.3.0,2026-08-08T19:42:44Z,39
s011185,u0741,c007,tv,,2026-08-08T19:42:44Z,105
s011186,u0129,c003,web,,2026-08-08T19:42:51Z,44
s011187,u0518,c002,mobile,5.3.0,2026-08-08T19:43:10Z,14
s011188,u0735,c012,mobile,5.3.0,2026-08-08T19:44:36Z,55
s011189,u0648,c003,mobile,5.3.0,2026-08-08T19:44:52Z,22
s011190,u0430,c004,web,,2026-08-08T19:46:43Z,31
s011191,u0217,c006,tv,,2026-08-08T19:47:17Z,27
s011192,u0508,c001,web,,2026-08-08T19:48:01Z,44
s011193,u0141,c008,tv,,2026-08-08T19:48:04Z,23
s011194,u0102,c039,mobile,5.3.0,2026-08-08T19:48:42Z,9
s011195,u0110,c016,mobile,5.3.0,2026-08-08T19:48:42Z,40
s011196,u0491,c005,web,,2026-08-08T19:49:15Z,36
s011197,u0218,c003,mobile,5.3.0,2026-08-08T19:51:49Z,9
s011198,u0616,c007,tv,,2026-08-08T19:52:05Z,35
s011199,u0230,c001,mobile,5.3.0,2026-08-08T19:54:22Z,23
s011200,u0538,c005,web,,2026-08-08T19:54:31Z,66
s011201,u0247,c039,mobile,5.3.0,2026-08-08T19:55:38Z,17
s011202,u0591,c007,mobile,5.3.0,2026-08-08T19:55:58Z,47
s011203,u0190,c003,mobile,5.3.0,2026-08-08T19:56:06Z,18
s011204,u0279,c004,mobile,5.3.0,2026-08-08T19:57:06Z,29
s011205,u0124,c021,mobile,5.3.0,2026-08-08T19:57:47Z,14
s011206,u0383,c002,web,,2026-08-08T19:58:04Z,26
s011207,u0794,c001,mobile,5.3.0,2026-08-08T19:58:22Z,49
s011208,u0656,c003,tv,,2026-08-08T19:59:20Z,62
s011209,u0163,c039,mobile,5.3.0,2026-08-08T19:59:27Z,21
s011210,u0140,c033,mobile,5.3.0,2026-08-08T19:59:35Z,61
s011211,u0293,c031,mobile,5.3.0,2026-08-08T19:59:38Z,24
s011212,u0431,c001,mobile,5.3.0,2026-08-08T21:01:58Z,113
s011213,u0283,c002,mobile,5.3.0,2026-08-08T21:05:09Z,17
s011214,u0017,c001,tv,,2026-08-08T21:06:17Z,18
s011215,u0247,c002,mobile,5.3.0,2026-08-08T21:10:09Z,10
s011216,u0576,c010,web,,2026-08-08T21:10:32Z,74
s011217,u0296,c026,mobile,5.3.0,2026-08-08T21:10:37Z,7
s011218,u0461,c007,web,,2026-08-08T21:12:10Z,22
s011219,u0677,c002,mobile,5.3.0,2026-08-08T21:13:12Z,6
s011220,u0626,c001,web,,2026-08-08T21:13:23Z,22
s011221,u0852,c006,tv,,2026-08-08T21:13:50Z,40
s011222,u0897,c059,mobile,5.3.0,2026-08-08T21:14:35Z,26
s011223,u0086,c034,mobile,5.3.0,2026-08-08T21:14:56Z,16
s011224,u0381,c005,web,,2026-08-08T21:16:45Z,71
s011225,u0686,c009,mobile,5.3.0,2026-08-08T21:16:53Z,9
s011226,u0064,c001,mobile,5.3.0,2026-08-08T21:17:11Z,26
s011227,u0279,c024,web,,2026-08-08T21:18:24Z,38
s011228,u0659,c002,mobile,5.3.0,2026-08-08T21:19:12Z,37
s011229,u0673,c003,mobile,5.3.0,2026-08-08T21:20:15Z,13
s011230,u0595,c004,web,,2026-08-08T21:20:23Z,70
s011231,u0171,c035,mobile,5.3.0,2026-08-08T21:20:57Z,37
s011232,u0259,c005,mobile,5.3.0,2026-08-08T21:21:00Z,21
s011233,u0301,c001,mobile,5.3.0,2026-08-08T21:21:51Z,15
s011234,u0330,c048,web,,2026-08-08T21:22:28Z,21
s011235,u0200,c012,mobile,5.3.0,2026-08-08T21:23:05Z,22
s011236,u0111,c010,mobile,5.3.0,2026-08-08T21:23:33Z,11
s011237,u0082,c047,mobile,5.3.0,2026-08-08T21:23:46Z,22
s011238,u0618,c015,tv,,2026-08-08T21:24:04Z,51
s011239,u0780,c051,tv,,2026-08-08T21:24:43Z,129
s011240,u0051,c001,tv,,2026-08-08T21:25:05Z,42
s011241,u0894,c001,mobile,5.3.0,2026-08-08T21:25:35Z,16
s011242,u0584,c009,web,,2026-08-08T21:25:42Z,38
s011243,u0789,c008,mobile,5.3.0,2026-08-08T21:27:37Z,40
s011244,u0018,c040,web,,2026-08-08T21:27:39Z,37
s011245,u0753,c007,tv,,2026-08-08T21:28:49Z,21
s011246,u0265,c057,tv,,2026-08-08T21:28:51Z,73
s011247,u0496,c012,mobile,5.3.0,2026-08-08T21:28:51Z,19
s011248,u0052,c011,web,,2026-08-08T21:29:22Z,17
s011249,u0247,c008,mobile,5.3.0,2026-08-08T21:29:59Z,36
s011250,u0049,c002,web,,2026-08-08T21:31:06Z,47
s011251,u0245,c001,tv,,2026-08-08T21:31:16Z,49
s011252,u0292,c014,mobile,5.3.0,2026-08-08T21:31:35Z,5
s011253,u0029,c010,tv,,2026-08-08T21:32:04Z,84
s011254,u0634,c002,tv,,2026-08-08T21:32:18Z,19
s011255,u0312,c018,mobile,5.3.0,2026-08-08T21:35:09Z,48
s011256,u0271,c040,web,,2026-08-08T21:35:11Z,45
s011257,u0795,c030,mobile,5.3.0,2026-08-08T21:35:35Z,26
s011258,u0279,c034,web,,2026-08-08T21:36:07Z,22
s011259,u0428,c060,tv,,2026-08-08T21:36:21Z,132
s011260,u0085,c042,mobile,5.3.0,2026-08-08T21:36:26Z,38
s011261,u0773,c015,mobile,5.3.0,2026-08-08T21:37:32Z,25
s011262,u0192,c055,tv,,2026-08-08T21:37:47Z,121
s011263,u0565,c001,mobile,5.3.0,2026-08-08T21:38:45Z,22
s011264,u0546,c001,web,,2026-08-08T21:39:26Z,24
s011265,u0289,c029,mobile,5.3.0,2026-08-08T21:39:30Z,12
s011266,u0079,c035,tv,,2026-08-08T21:39:44Z,71
s011267,u0874,c003,mobile,5.3.0,2026-08-08T21:40:11Z,33
s011268,u0469,c003,tv,,2026-08-08T21:40:13Z,25
s011269,u0355,c005,web,,2026-08-08T21:41:59Z,28
s011270,u0396,c004,tv,,2026-08-08T21:41:59Z,96
s011271,u0430,c060,mobile,5.3.0,2026-08-08T21:42:01Z,27
s011272,u0036,c019,web,,2026-08-08T21:42:18Z,20
s011273,u0139,c003,web,,2026-08-08T21:42:23Z,33
s011274,u0645,c001,mobile,5.3.0,2026-08-08T21:43:01Z,16
s011275,u0484,c003,mobile,5.3.0,2026-08-08T21:44:08Z,45
s011276,u0722,c005,mobile,5.3.0,2026-08-08T21:44:37Z,18
s011277,u0697,c003,web,,2026-08-08T21:45:02Z,19
s011278,u0426,c016,mobile,5.3.0,2026-08-08T21:45:32Z,17
s011279,u0181,c001,web,,2026-08-08T21:45:44Z,33
s011280,u0799,c002,tv,,2026-08-08T21:48:01Z,27
s011281,u0027,c016,mobile,5.3.0,2026-08-08T21:50:27Z,13
s011282,u0885,c025,web,,2026-08-08T21:50:39Z,17
s011283,u0707,c047,web,,2026-08-08T21:50:51Z,67
s011284,u0682,c012,web,,2026-08-08T21:51:04Z,26
s011285,u0430,c045,mobile,5.3.0,2026-08-08T21:51:27Z,10
s011286,u0187,c013,web,,2026-08-08T21:52:10Z,18
s011287,u0737,c001,mobile,5.3.0,2026-08-08T21:53:19Z,7
s011288,u0651,c004,tv,,2026-08-08T21:53:34Z,21
s011289,u0518,c035,mobile,5.3.0,2026-08-08T21:54:14Z,12
s011290,u0765,c005,tv,,2026-08-08T21:54:18Z,49
s011291,u0247,c001,mobile,5.3.0,2026-08-08T21:54:28Z,8
s011292,u0035,c003,web,,2026-08-08T21:54:37Z,43
s011293,u0675,c001,tv,,2026-08-08T21:55:23Z,27
s011294,u0205,c052,mobile,5.3.0,2026-08-08T21:55:48Z,66
s011295,u0104,c035,tv,,2026-08-08T21:56:44Z,46
s011296,u0300,c001,mobile,5.3.0,2026-08-08T21:57:52Z,54
s011297,u0534,c024,tv,,2026-08-08T21:58:08Z,13
s011298,u0590,c005,tv,,2026-08-08T21:58:19Z,18
s011299,u0459,c023,mobile,5.3.0,2026-08-08T21:58:38Z,28
s011300,u0028,c001,tv,,2026-08-08T21:58:56Z,51
s011301,u0397,c016,mobile,5.3.0,2026-08-08T21:58:58Z,36
s011302,u0586,c004,mobile,5.3.0,2026-08-08T23:00:30Z,26
s011303,u0139,c013,web,,2026-08-08T23:03:13Z,32
s011304,u0009,c001,web,,2026-08-08T23:04:29Z,63
s011305,u0622,c001,mobile,5.3.0,2026-08-08T23:06:28Z,14
s011306,u0258,c051,mobile,5.3.0,2026-08-08T23:10:57Z,22
s011307,u0202,c013,tv,,2026-08-08T23:15:25Z,62
s011308,u0499,c044,web,,2026-08-08T23:15:51Z,60
s011309,u0865,c012,tv,,2026-08-08T23:15:53Z,24
s011310,u0411,c002,mobile,5.3.0,2026-08-08T23:18:40Z,37
s011311,u0165,c001,tv,,2026-08-08T23:22:32Z,30
s011312,u0389,c010,web,,2026-08-08T23:22:50Z,25
s011313,u0893,c006,mobile,5.3.0,2026-08-08T23:28:44Z,10
s011314,u0008,c002,mobile,5.3.0,2026-08-08T23:31:32Z,21
s011315,u0645,c006,tv,,2026-08-08T23:32:43Z,81
s011316,u0042,c040,mobile,5.3.0,2026-08-08T23:32:48Z,26
s011317,u0601,c004,tv,,2026-08-08T23:33:04Z,34
s011318,u0707,c002,tv,,2026-08-08T23:34:37Z,70
s011319,u0136,c015,mobile,5.3.0,2026-08-08T23:36:00Z,28
s011320,u0499,c009,web,,2026-08-08T23:36:07Z,37
s011321,u0295,c003,web,,2026-08-08T23:36:54Z,13
s011322,u0266,c006,mobile,5.3.0,2026-08-08T23:39:33Z,24
s011323,u0851,c002,web,,2026-08-08T23:39:44Z,54
s011324,u0257,c023,mobile,5.3.0,2026-08-08T23:45:23Z,42
s011325,u0100,c008,web,,2026-08-08T23:45:50Z,44
s011326,u0151,c028,mobile,5.3.0,2026-08-08T23:49:29Z,57
s011327,u0760,c022,mobile,5.3.0,2026-08-08T23:50:51Z,36
s011328,u0566,c002,mobile,5.3.0,2026-08-08T23:51:35Z,17
s011329,u0191,c033,web,,2026-08-08T23:51:39Z,34
s011330,u0612,c028,tv,,2026-08-08T23:51:51Z,17
s011331,u0669,c022,web,,2026-08-08T23:53:21Z,39
s011332,u0415,c002,tv,,2026-08-08T23:54:11Z,69
s011333,u0309,c003,tv,,2026-08-08T23:56:36Z,39
s011334,u0322,c025,mobile,5.3.0,2026-08-08T23:58:23Z,25
s011335,u0122,c002,tv,,2026-08-09T08:03:15Z,22
s011336,u0102,c055,mobile,5.3.0,2026-08-09T08:04:03Z,28
s011337,u0387,c011,web,,2026-08-09T08:08:13Z,7
s011338,u0758,c004,web,,2026-08-09T08:17:31Z,107
s011339,u0608,c012,web,,2026-08-09T08:20:04Z,28
s011340,u0643,c007,tv,,2026-08-09T08:21:00Z,78
s011341,u0092,c006,web,,2026-08-09T08:23:57Z,28
s011342,u0523,c010,web,,2026-08-09T08:24:08Z,19
s011343,u0475,c060,tv,,2026-08-09T08:24:42Z,38
s011344,u0279,c033,web,,2026-08-09T08:28:34Z,14
s011345,u0097,c005,mobile,5.3.0,2026-08-09T08:28:53Z,11
s011346,u0291,c025,web,,2026-08-09T08:29:19Z,25
s011347,u0577,c050,tv,,2026-08-09T08:44:51Z,42
s011348,u0485,c034,tv,,2026-08-09T08:50:47Z,30
s011349,u0247,c005,mobile,5.3.0,2026-08-09T08:52:32Z,12
s011350,u0627,c004,mobile,5.3.0,2026-08-09T08:53:40Z,45
s011351,u0080,c021,tv,,2026-08-09T08:54:51Z,19
s011352,u0178,c028,web,,2026-08-09T08:56:02Z,72
s011353,u0279,c028,web,,2026-08-09T08:58:39Z,31
s011354,u0226,c003,tv,,2026-08-09T12:00:47Z,56
s011355,u0014,c003,web,,2026-08-09T12:02:31Z,88
s011356,u0665,c005,mobile,5.3.0,2026-08-09T12:07:28Z,36
s011357,u0549,c010,tv,,2026-08-09T12:12:12Z,78
s011358,u0175,c001,web,,2026-08-09T12:13:55Z,16
s011359,u0129,c015,web,,2026-08-09T12:15:42Z,41
s011360,u0303,c002,mobile,5.3.0,2026-08-09T12:15:45Z,17
s011361,u0752,c035,tv,,2026-08-09T12:19:11Z,74
s011362,u0411,c002,mobile,5.3.0,2026-08-09T12:19:38Z,16
s011363,u0042,c023,tv,,2026-08-09T12:20:11Z,25
s011364,u0667,c001,web,,2026-08-09T12:27:24Z,48
s011365,u0756,c016,mobile,5.3.0,2026-08-09T12:30:08Z,27
s011366,u0805,c004,mobile,5.3.0,2026-08-09T12:31:52Z,66
s011367,u0569,c005,web,,2026-08-09T12:33:57Z,13
s011368,u0438,c003,tv,,2026-08-09T12:36:55Z,128
s011369,u0135,c008,web,,2026-08-09T12:37:16Z,17
s011370,u0372,c048,mobile,5.3.0,2026-08-09T12:37:53Z,74
s011371,u0534,c020,mobile,5.3.0,2026-08-09T12:39:44Z,10
s011372,u0420,c021,web,,2026-08-09T12:41:45Z,28
s011373,u0689,c035,web,,2026-08-09T12:41:58Z,25
s011374,u0383,c026,web,,2026-08-09T12:44:55Z,49
s011375,u0047,c001,mobile,5.3.0,2026-08-09T12:47:14Z,13
s011376,u0556,c039,tv,,2026-08-09T12:49:16Z,46
s011377,u0596,c046,mobile,5.3.0,2026-08-09T12:49:56Z,35
s011378,u0681,c003,tv,,2026-08-09T12:50:13Z,19
s011379,u0080,c006,tv,,2026-08-09T12:55:15Z,51
s011380,u0583,c009,mobile,5.3.0,2026-08-09T12:55:45Z,9
s011381,u0579,c001,web,,2026-08-09T12:57:18Z,10
s011382,u0754,c019,mobile,5.3.0,2026-08-09T12:57:20Z,24
s011383,u0656,c013,web,,2026-08-09T12:59:38Z,28
s011384,u0004,c025,web,,2026-08-09T12:59:46Z,88
s011385,u0106,c001,web,,2026-08-09T17:00:19Z,55
s011386,u0243,c010,web,,2026-08-09T17:06:38Z,31
s011387,u0719,c022,mobile,5.3.0,2026-08-09T17:06:42Z,18
s011388,u0490,c002,web,,2026-08-09T17:07:14Z,20
s011389,u0138,c004,mobile,5.3.0,2026-08-09T17:09:44Z,21
s011390,u0650,c009,mobile,5.3.0,2026-08-09T17:10:03Z,27
s011391,u0766,c017,mobile,5.3.0,2026-08-09T17:15:25Z,44
s011392,u0744,c001,mobile,5.3.0,2026-08-09T17:16:46Z,18
s011393,u0529,c020,mobile,5.3.0,2026-08-09T17:17:03Z,7
s011394,u0516,c041,mobile,5.3.0,2026-08-09T17:17:25Z,26
s011395,u0410,c006,web,,2026-08-09T17:19:14Z,6
s011396,u0351,c006,tv,,2026-08-09T17:27:25Z,68
s011397,u0512,c014,mobile,5.3.0,2026-08-09T17:28:12Z,89
s011398,u0198,c011,mobile,5.3.0,2026-08-09T17:28:58Z,25
s011399,u0177,c001,mobile,5.3.0,2026-08-09T17:34:26Z,16
s011400,u0250,c040,web,,2026-08-09T17:34:38Z,31
s011401,u0476,c016,tv,,2026-08-09T17:36:16Z,53
s011402,u0469,c049,tv,,2026-08-09T17:36:31Z,9
s011403,u0170,c029,mobile,5.3.0,2026-08-09T17:41:15Z,81
s011404,u0590,c044,tv,,2026-08-09T17:42:59Z,60
s011405,u0564,c055,web,,2026-08-09T17:44:04Z,40
s011406,u0506,c025,mobile,5.3.0,2026-08-09T17:44:46Z,11
s011407,u0333,c003,mobile,5.3.0,2026-08-09T17:45:09Z,33
s011408,u0606,c018,mobile,5.3.0,2026-08-09T17:45:16Z,11
s011409,u0037,c035,web,,2026-08-09T17:46:55Z,36
s011410,u0122,c016,tv,,2026-08-09T17:50:48Z,152
s011411,u0417,c013,mobile,5.3.0,2026-08-09T17:50:48Z,14
s011412,u0501,c025,mobile,5.3.0,2026-08-09T17:52:15Z,11
s011413,u0258,c007,mobile,5.3.0,2026-08-09T17:52:27Z,20
s011414,u0613,c006,web,,2026-08-09T17:52:30Z,13
s011415,u0376,c008,tv,,2026-08-09T17:52:38Z,29
s011416,u0003,c025,mobile,5.3.0,2026-08-09T17:53:01Z,24
s011417,u0218,c002,mobile,5.3.0,2026-08-09T17:53:33Z,74
s011418,u0701,c052,mobile,5.3.0,2026-08-09T17:54:18Z,20
s011419,u0245,c009,mobile,5.3.0,2026-08-09T17:57:05Z,48
s011420,u0478,c007,tv,,2026-08-09T17:57:30Z,44
s011421,u0808,c001,tv,,2026-08-09T17:58:33Z,71
s011422,u0800,c014,mobile,5.3.0,2026-08-09T17:58:45Z,6
s011423,u0736,c021,tv,,2026-08-09T17:59:22Z,19
s011424,u0068,c030,web,,2026-08-09T17:59:23Z,33
s011425,u0444,c015,web,,2026-08-09T17:59:48Z,31
s011426,u0482,c001,tv,,2026-08-09T19:00:15Z,87
s011427,u0340,c005,tv,,2026-08-09T19:01:10Z,92
s011428,u0735,c001,mobile,5.3.0,2026-08-09T19:01:34Z,38
s011429,u0512,c048,mobile,5.3.0,2026-08-09T19:01:42Z,37
s011430,u0014,c004,web,,2026-08-09T19:01:46Z,38
s011431,u0264,c024,web,,2026-08-09T19:02:45Z,121
s011432,u0112,c004,tv,,2026-08-09T19:03:57Z,31
s011433,u0810,c017,mobile,5.3.0,2026-08-09T19:04:34Z,28
s011434,u0346,c007,mobile,5.3.0,2026-08-09T19:05:12Z,55
s011435,u0105,c036,web,,2026-08-09T19:05:24Z,93
s011436,u0072,c055,mobile,5.3.0,2026-08-09T19:05:37Z,13
s011437,u0545,c010,tv,,2026-08-09T19:05:38Z,69
s011438,u0297,c005,mobile,5.3.0,2026-08-09T19:07:27Z,49
s011439,u0229,c028,tv,,2026-08-09T19:07:51Z,28
s011440,u0111,c008,mobile,5.3.0,2026-08-09T19:09:07Z,59
s011441,u0638,c005,web,,2026-08-09T19:10:07Z,9
s011442,u0645,c043,mobile,5.3.0,2026-08-09T19:11:05Z,10
s011443,u0636,c014,mobile,5.3.0,2026-08-09T19:12:26Z,25
s011444,u0411,c001,mobile,5.3.0,2026-08-09T19:12:37Z,33
s011445,u0355,c049,web,,2026-08-09T19:12:57Z,16
s011446,u0474,c001,mobile,5.3.0,2026-08-09T19:13:01Z,15
s011447,u0576,c044,web,,2026-08-09T19:13:22Z,48
s011448,u0793,c053,mobile,5.3.0,2026-08-09T19:13:43Z,17
s011449,u0868,c026,mobile,5.3.0,2026-08-09T19:13:48Z,3
s011450,u0337,c001,tv,,2026-08-09T19:14:21Z,64
s011451,u0663,c036,mobile,5.3.0,2026-08-09T19:17:08Z,30
s011452,u0003,c011,mobile,5.3.0,2026-08-09T19:17:57Z,20
s011453,u0381,c002,tv,,2026-08-09T19:20:09Z,22
s011454,u0500,c006,mobile,5.3.0,2026-08-09T19:20:18Z,12
s011455,u0761,c008,tv,,2026-08-09T19:20:43Z,93
s011456,u0412,c002,web,,2026-08-09T19:21:35Z,43
s011457,u0332,c017,tv,,2026-08-09T19:21:45Z,71
s011458,u0804,c011,tv,,2026-08-09T19:22:18Z,53
s011459,u0017,c016,tv,,2026-08-09T19:22:55Z,21
s011460,u0562,c004,tv,,2026-08-09T19:23:54Z,79
s011461,u0282,c003,mobile,5.3.0,2026-08-09T19:24:06Z,47
s011462,u0080,c004,tv,,2026-08-09T19:24:56Z,21
s011463,u0434,c013,mobile,5.3.0,2026-08-09T19:25:37Z,7
s011464,u0070,c004,web,,2026-08-09T19:25:48Z,60
s011465,u0168,c002,tv,,2026-08-09T19:26:19Z,24
s011466,u0232,c031,tv,,2026-08-09T19:26:28Z,85
s011467,u0881,c052,mobile,5.3.0,2026-08-09T19:27:01Z,4
s011468,u0476,c005,tv,,2026-08-09T19:28:51Z,16
s011469,u0403,c003,mobile,5.3.0,2026-08-09T19:29:03Z,18
s011470,u0236,c056,tv,,2026-08-09T19:29:30Z,109
s011471,u0606,c004,mobile,5.3.0,2026-08-09T19:30:06Z,29
s011472,u0722,c015,mobile,5.3.0,2026-08-09T19:30:12Z,15
s011473,u0121,c001,tv,,2026-08-09T19:30:47Z,27
s011474,u0323,c058,tv,,2026-08-09T19:30:55Z,39
s011475,u0725,c032,mobile,5.3.0,2026-08-09T19:31:16Z,21
s011476,u0206,c054,mobile,5.3.0,2026-08-09T19:32:00Z,30
s011477,u0663,c007,web,,2026-08-09T19:34:51Z,36
s011478,u0666,c004,mobile,5.3.0,2026-08-09T19:35:56Z,35
s011479,u0044,c008,mobile,5.3.0,2026-08-09T19:35:59Z,17
s011480,u0315,c003,web,,2026-08-09T19:36:23Z,24
s011481,u0028,c024,tv,,2026-08-09T19:37:18Z,70
s011482,u0566,c020,mobile,5.3.0,2026-08-09T19:38:05Z,63
s011483,u0045,c009,mobile,5.3.0,2026-08-09T19:38:41Z,41
s011484,u0707,c033,web,,2026-08-09T19:38:57Z,52
s011485,u0028,c001,tv,,2026-08-09T19:39:48Z,101
s011486,u0551,c032,mobile,5.3.0,2026-08-09T19:39:58Z,19
s011487,u0122,c005,web,,2026-08-09T19:41:05Z,53
s011488,u0871,c053,mobile,5.3.0,2026-08-09T19:41:06Z,53
s011489,u0624,c003,mobile,5.3.0,2026-08-09T19:42:34Z,7
s011490,u0666,c031,mobile,5.3.0,2026-08-09T19:43:11Z,7
s011491,u0564,c004,web,,2026-08-09T19:43:24Z,22
s011492,u0469,c060,tv,,2026-08-09T19:43:32Z,37
s011493,u0210,c009,tv,,2026-08-09T19:43:43Z,29
s011494,u0223,c001,tv,,2026-08-09T19:43:51Z,80
s011495,u0545,c013,tv,,2026-08-09T19:44:17Z,17
s011496,u0351,c001,tv,,2026-08-09T19:46:01Z,86
s011497,u0879,c052,mobile,5.3.0,2026-08-09T19:46:43Z,14
s011498,u0247,c019,mobile,5.3.0,2026-08-09T19:47:09Z,10
s011499,u0389,c001,web,,2026-08-09T19:47:46Z,21
s011500,u0094,c001,mobile,5.3.0,2026-08-09T19:49:05Z,23
s011501,u0310,c001,tv,,2026-08-09T19:49:24Z,9
s011502,u0123,c005,web,,2026-08-09T19:50:47Z,94
s011503,u0313,c029,tv,,2026-08-09T19:51:22Z,33
s011504,u0590,c002,tv,,2026-08-09T19:52:09Z,23
s011505,u0312,c033,mobile,5.3.0,2026-08-09T19:52:11Z,35
s011506,u0792,c001,tv,,2026-08-09T19:52:20Z,53
s011507,u0545,c002,tv,,2026-08-09T19:53:12Z,77
s011508,u0599,c006,mobile,5.3.0,2026-08-09T19:56:30Z,33
s011509,u0872,c023,tv,,2026-08-09T19:56:50Z,33
s011510,u0654,c042,mobile,5.3.0,2026-08-09T19:57:28Z,31
s011511,u0524,c019,web,,2026-08-09T19:57:41Z,26
s011512,u0282,c005,mobile,5.3.0,2026-08-09T19:57:56Z,14
s011513,u0710,c010,tv,,2026-08-09T19:59:30Z,29
s011514,u0706,c001,web,,2026-08-09T19:59:44Z,30
s011515,u0701,c032,tv,,2026-08-09T21:00:30Z,75
s011516,u0109,c013,mobile,5.3.0,2026-08-09T21:00:40Z,28
s011517,u0633,c033,tv,,2026-08-09T21:00:55Z,30
s011518,u0046,c045,web,,2026-08-09T21:00:56Z,18
s011519,u0297,c035,tv,,2026-08-09T21:01:09Z,53
s011520,u0027,c044,tv,,2026-08-09T21:02:26Z,15
s011521,u0786,c009,tv,,2026-08-09T21:02:53Z,114
s011522,u0099,c056,web,,2026-08-09T21:03:22Z,26
s011523,u0556,c008,mobile,5.3.0,2026-08-09T21:04:20Z,13
s011524,u0861,c060,mobile,5.3.0,2026-08-09T21:04:51Z,17
s011525,u0523,c008,web,,2026-08-09T21:05:15Z,34
s011526,u0770,c002,tv,,2026-08-09T21:05:29Z,81
s011527,u0411,c021,mobile,5.3.0,2026-08-09T21:05:40Z,31
s011528,u0172,c045,web,,2026-08-09T21:06:21Z,33
s011529,u0265,c011,tv,,2026-08-09T21:06:48Z,76
s011530,u0751,c029,web,,2026-08-09T21:07:24Z,44
s011531,u0351,c025,web,,2026-08-09T21:08:29Z,29
s011532,u0009,c008,web,,2026-08-09T21:08:43Z,35
s011533,u0626,c001,web,,2026-08-09T21:09:31Z,61
s011534,u0439,c018,mobile,5.3.0,2026-08-09T21:10:25Z,25
s011535,u0603,c013,tv,,2026-08-09T21:10:28Z,148
s011536,u0600,c001,web,,2026-08-09T21:13:04Z,84
s011537,u0472,c007,mobile,5.3.0,2026-08-09T21:13:31Z,20
s011538,u0162,c012,mobile,5.3.0,2026-08-09T21:14:07Z,41
s011539,u0695,c003,mobile,5.3.0,2026-08-09T21:15:07Z,76
s011540,u0866,c049,mobile,5.3.0,2026-08-09T21:15:27Z,12
s011541,u0700,c032,tv,,2026-08-09T21:17:20Z,137
s011542,u0304,c001,mobile,5.3.0,2026-08-09T21:17:37Z,24
s011543,u0774,c012,mobile,5.3.0,2026-08-09T21:19:31Z,19
s011544,u0612,c010,web,,2026-08-09T21:23:15Z,100
s011545,u0390,c023,web,,2026-08-09T21:23:54Z,31
s011546,u0018,c026,web,,2026-08-09T21:24:05Z,53
s011547,u0154,c047,web,,2026-08-09T21:25:06Z,41
s011548,u0651,c007,tv,,2026-08-09T21:25:40Z,113
s011549,u0218,c015,mobile,5.3.0,2026-08-09T21:26:19Z,9
s011550,u0862,c057,tv,,2026-08-09T21:26:37Z,9
s011551,u0793,c012,tv,,2026-08-09T21:27:28Z,41
s011552,u0431,c003,mobile,5.3.0,2026-08-09T21:27:33Z,21
s011553,u0782,c059,web,,2026-08-09T21:27:57Z,59
s011554,u0364,c002,web,,2026-08-09T21:28:00Z,21
s011555,u0609,c002,mobile,5.3.0,2026-08-09T21:28:00Z,33
s011556,u0226,c002,mobile,5.3.0,2026-08-09T21:28:39Z,18
s011557,u0459,c024,mobile,5.3.0,2026-08-09T21:29:45Z,47
s011558,u0276,c001,mobile,5.3.0,2026-08-09T21:30:35Z,28
s011559,u0170,c025,mobile,5.3.0,2026-08-09T21:30:37Z,13
s011560,u0304,c006,mobile,5.3.0,2026-08-09T21:32:06Z,15
s011561,u0555,c017,mobile,5.3.0,2026-08-09T21:32:16Z,15
s011562,u0518,c001,mobile,5.3.0,2026-08-09T21:32:20Z,35
s011563,u0400,c009,mobile,5.3.0,2026-08-09T21:32:38Z,42
s011564,u0087,c055,mobile,5.3.0,2026-08-09T21:32:55Z,46
s011565,u0796,c042,tv,,2026-08-09T21:33:25Z,14
s011566,u0106,c001,web,,2026-08-09T21:33:34Z,20
s011567,u0372,c056,mobile,5.3.0,2026-08-09T21:35:03Z,30
s011568,u0160,c034,tv,,2026-08-09T21:38:17Z,48
s011569,u0160,c001,mobile,5.3.0,2026-08-09T21:38:23Z,13
s011570,u0609,c014,mobile,5.3.0,2026-08-09T21:38:54Z,30
s011571,u0146,c019,mobile,5.3.0,2026-08-09T21:39:37Z,24
s011572,u0318,c004,tv,,2026-08-09T21:40:24Z,55
s011573,u0515,c060,tv,,2026-08-09T21:41:38Z,56
s011574,u0741,c001,tv,,2026-08-09T21:41:39Z,65
s011575,u0047,c042,mobile,5.3.0,2026-08-09T21:41:58Z,37
s011576,u0459,c010,mobile,5.3.0,2026-08-09T21:42:08Z,23
s011577,u0488,c001,mobile,5.3.0,2026-08-09T21:42:12Z,113
s011578,u0015,c052,mobile,5.3.0,2026-08-09T21:42:28Z,10
s011579,u0280,c019,web,,2026-08-09T21:42:50Z,110
s011580,u0230,c003,mobile,5.3.0,2026-08-09T21:42:56Z,19
s011581,u0409,c002,web,,2026-08-09T21:43:27Z,66
s011582,u0800,c003,mobile,5.3.0,2026-08-09T21:43:32Z,18
s011583,u0181,c004,mobile,5.3.0,2026-08-09T21:44:33Z,63
s011584,u0075,c021,mobile,5.3.0,2026-08-09T21:45:13Z,42
s011585,u0057,c039,mobile,5.3.0,2026-08-09T21:45:26Z,29
s011586,u0152,c037,web,,2026-08-09T21:47:06Z,53
s011587,u0105,c025,web,,2026-08-09T21:47:33Z,42
s011588,u0155,c017,tv,,2026-08-09T21:47:48Z,30
s011589,u0342,c013,web,,2026-08-09T21:48:05Z,49
s011590,u0688,c055,mobile,5.3.0,2026-08-09T21:49:05Z,19
s011591,u0644,c001,mobile,5.3.0,2026-08-09T21:49:46Z,20
s011592,u0197,c001,tv,,2026-08-09T21:50:00Z,93
s011593,u0667,c030,web,,2026-08-09T21:50:05Z,37
s011594,u0798,c029,mobile,5.3.0,2026-08-09T21:50:15Z,80
s011595,u0199,c051,web,,2026-08-09T21:51:00Z,111
s011596,u0265,c001,tv,,2026-08-09T21:51:19Z,127
s011597,u0593,c031,mobile,5.3.0,2026-08-09T21:51:20Z,49
s011598,u0287,c001,mobile,5.3.0,2026-08-09T21:51:26Z,41
s011599,u0562,c006,tv,,2026-08-09T21:52:12Z,59
s011600,u0393,c006,mobile,5.3.0,2026-08-09T21:52:15Z,21
s011601,u0804,c002,tv,,2026-08-09T21:52:15Z,19
s011602,u0027,c001,tv,,2026-08-09T21:53:34Z,33
s011603,u0530,c002,mobile,5.3.0,2026-08-09T21:54:59Z,12
s011604,u0860,c016,web,,2026-08-09T21:55:56Z,22
s011605,u0738,c011,mobile,5.3.0,2026-08-09T21:56:13Z,16
s011606,u0723,c002,mobile,5.3.0,2026-08-09T21:57:05Z,62
s011607,u0531,c001,tv,,2026-08-09T21:57:23Z,26
s011608,u0371,c005,mobile,5.3.0,2026-08-09T21:58:19Z,48
s011609,u0889,c004,web,,2026-08-09T21:58:51Z,151
s011610,u0188,c008,mobile,5.3.0,2026-08-09T21:59:23Z,27
s011611,u0318,c008,tv,,2026-08-09T23:05:45Z,26
s011612,u0601,c003,mobile,5.3.0,2026-08-09T23:05:51Z,72
s011613,u0300,c016,mobile,5.3.0,2026-08-09T23:06:58Z,18
s011614,u0076,c059,tv,,2026-08-09T23:07:35Z,68
s011615,u0893,c031,mobile,5.3.0,2026-08-09T23:09:06Z,14
s011616,u0522,c012,web,,2026-08-09T23:11:00Z,153
s011617,u0026,c007,mobile,5.3.0,2026-08-09T23:23:34Z,3
s011618,u0756,c002,web,,2026-08-09T23:24:10Z,78
s011619,u0075,c048,mobile,5.3.0,2026-08-09T23:24:28Z,31
s011620,u0289,c003,tv,,2026-08-09T23:25:58Z,35
s011621,u0145,c040,tv,,2026-08-09T23:27:33Z,25
s011622,u0195,c006,web,,2026-08-09T23:28:53Z,26
s011623,u0766,c025,mobile,5.3.0,2026-08-09T23:32:47Z,25
s011624,u0271,c046,web,,2026-08-09T23:37:21Z,51
s011625,u0096,c006,mobile,5.3.0,2026-08-09T23:38:51Z,68
s011626,u0707,c029,web,,2026-08-09T23:38:54Z,30
s011627,u0454,c033,tv,,2026-08-09T23:44:29Z,58
s011628,u0230,c018,mobile,5.3.0,2026-08-09T23:44:45Z,11
s011629,u0057,c013,mobile,5.3.0,2026-08-09T23:46:41Z,24
s011630,u0042,c001,tv,,2026-08-09T23:51:49Z,43
s011631,u0876,c040,mobile,5.3.0,2026-08-09T23:52:19Z,9
s011632,u0257,c001,tv,,2026-08-09T23:52:57Z,19
s011633,u0390,c019,web,,2026-08-09T23:56:52Z,39
s011634,u0247,c002,mobile,5.3.0,2026-08-09T23:59:45Z,9
s011635,u0622,c004,mobile,5.3.0,2026-08-10T08:00:28Z,37
s011636,u0216,c047,mobile,5.3.0,2026-08-10T08:09:02Z,9
s011637,u0298,c006,mobile,5.3.0,2026-08-10T08:11:12Z,8
s011638,u0645,c005,mobile,5.3.0,2026-08-10T08:11:14Z,37
s011639,u0298,c002,web,,2026-08-10T08:11:52Z,45
s011640,u0549,c035,tv,,2026-08-10T08:14:49Z,33
s011641,u0153,c002,web,,2026-08-10T08:18:56Z,19
s011642,u0151,c001,mobile,5.3.0,2026-08-10T08:19:55Z,12
s011643,u0766,c059,mobile,5.3.0,2026-08-10T08:25:12Z,16
s011644,u0070,c008,tv,,2026-08-10T08:27:22Z,50
s011645,u0027,c026,tv,,2026-08-10T08:38:34Z,7
s011646,u0374,c027,web,,2026-08-10T08:45:03Z,30
s011647,u0191,c014,web,,2026-08-10T08:53:45Z,46
s011648,u0714,c041,mobile,5.3.0,2026-08-10T12:00:40Z,9
s011649,u0465,c016,web,,2026-08-10T12:00:53Z,89
s011650,u0681,c058,tv,,2026-08-10T12:02:33Z,91
s011651,u0245,c014,tv,,2026-08-10T12:06:36Z,36
s011652,u0650,c005,mobile,5.3.0,2026-08-10T12:08:03Z,13
s011653,u0564,c001,web,,2026-08-10T12:10:47Z,30
s011654,u0101,c004,tv,,2026-08-10T12:11:00Z,72
s011655,u0345,c007,web,,2026-08-10T12:12:52Z,8
s011656,u0585,c006,mobile,5.3.0,2026-08-10T12:15:05Z,16
s011657,u0697,c008,web,,2026-08-10T12:17:39Z,40
s011658,u0607,c001,tv,,2026-08-10T12:18:11Z,21
s011659,u0895,c006,tv,,2026-08-10T12:21:04Z,26
s011660,u0850,c001,mobile,5.3.0,2026-08-10T12:31:41Z,18
s011661,u0675,c039,mobile,5.3.0,2026-08-10T12:31:50Z,10
s011662,u0052,c001,web,,2026-08-10T12:31:57Z,21
s011663,u0151,c036,mobile,5.3.0,2026-08-10T12:32:15Z,19
s011664,u0271,c007,web,,2026-08-10T12:34:00Z,83
s011665,u0262,c003,mobile,5.3.0,2026-08-10T12:36:02Z,17
s011666,u0198,c008,mobile,5.3.0,2026-08-10T12:37:41Z,31
s011667,u0907,c003,mobile,5.3.0,2026-08-10T12:38:16Z,18
s011668,u0052,c024,web,,2026-08-10T12:40:00Z,19
s011669,u0324,c011,tv,,2026-08-10T12:40:03Z,16
s011670,u0360,c001,tv,,2026-08-10T12:40:38Z,55
s011671,u0741,c021,tv,,2026-08-10T12:41:11Z,99
s011672,u0193,c001,web,,2026-08-10T12:41:35Z,53
s011673,u0185,c046,tv,,2026-08-10T12:43:58Z,47
s011674,u0855,c011,web,,2026-08-10T12:45:00Z,20
s011675,u0448,c025,tv,,2026-08-10T12:45:29Z,25
s011676,u0645,c009,mobile,5.3.0,2026-08-10T12:45:45Z,68
s011677,u0569,c015,tv,,2026-08-10T12:45:47Z,39
s011678,u0737,c012,mobile,5.3.0,2026-08-10T12:46:11Z,8
s011679,u0714,c004,mobile,5.3.0,2026-08-10T12:46:14Z,15
s011680,u0687,c035,web,,2026-08-10T12:48:09Z,73
s011681,u0213,c001,web,,2026-08-10T12:50:56Z,15
s011682,u0503,c006,mobile,5.3.0,2026-08-10T12:51:03Z,13
s011683,u0226,c018,mobile,5.3.0,2026-08-10T12:51:09Z,15
s011684,u0018,c053,web,,2026-08-10T12:55:40Z,44
s011685,u0639,c012,web,,2026-08-10T12:56:43Z,32
s011686,u0295,c051,mobile,5.3.0,2026-08-10T12:57:29Z,13
s011687,u0164,c015,tv,,2026-08-10T12:57:58Z,79
s011688,u0027,c007,tv,,2026-08-10T17:00:47Z,13
s011689,u0330,c002,web,,2026-08-10T17:03:14Z,20
s011690,u0760,c028,mobile,5.3.0,2026-08-10T17:03:27Z,21
s011691,u0757,c035,mobile,5.3.0,2026-08-10T17:04:43Z,40
s011692,u0687,c018,web,,2026-08-10T17:05:05Z,28
s011693,u0245,c026,tv,,2026-08-10T17:05:09Z,43
s011694,u0042,c006,tv,,2026-08-10T17:05:22Z,26
s011695,u0117,c001,mobile,5.3.0,2026-08-10T17:05:53Z,28
s011696,u0348,c006,mobile,5.3.0,2026-08-10T17:06:51Z,22
s011697,u0389,c037,web,,2026-08-10T17:07:44Z,54
s011698,u0903,c005,mobile,5.3.0,2026-08-10T17:07:46Z,31
s011699,u0011,c005,mobile,5.3.0,2026-08-10T17:08:15Z,25
s011700,u0138,c004,mobile,5.3.0,2026-08-10T17:08:50Z,47
s011701,u0647,c001,mobile,5.3.0,2026-08-10T17:08:58Z,18
s011702,u0634,c001,tv,,2026-08-10T17:10:30Z,25
s011703,u0704,c002,tv,,2026-08-10T17:11:03Z,73
s011704,u0080,c008,tv,,2026-08-10T17:11:44Z,26
s011705,u0488,c021,mobile,5.3.0,2026-08-10T17:12:07Z,28
s011706,u0650,c053,mobile,5.3.0,2026-08-10T17:12:12Z,8
s011707,u0413,c001,web,,2026-08-10T17:12:20Z,27
s011708,u0771,c040,mobile,5.3.0,2026-08-10T17:14:12Z,8
s011709,u0247,c002,mobile,5.3.0,2026-08-10T17:16:09Z,23
s011710,u0403,c001,tv,,2026-08-10T17:16:35Z,56
s011711,u0095,c006,web,,2026-08-10T17:16:43Z,61
s011712,u0639,c010,web,,2026-08-10T17:18:08Z,41
s011713,u0506,c004,mobile,5.3.0,2026-08-10T17:21:03Z,29
s011714,u0041,c003,web,,2026-08-10T17:22:10Z,77
s011715,u0158,c005,web,,2026-08-10T17:23:46Z,24
s011716,u0248,c003,mobile,5.3.0,2026-08-10T17:25:43Z,14
s011717,u0021,c009,tv,,2026-08-10T17:26:39Z,68
s011718,u0227,c053,mobile,5.3.0,2026-08-10T17:27:09Z,16
s011719,u0094,c022,tv,,2026-08-10T17:27:19Z,42
s011720,u0152,c001,tv,,2026-08-10T17:29:18Z,59
s011721,u0601,c011,tv,,2026-08-10T17:29:44Z,71
s011722,u0252,c051,mobile,5.3.0,2026-08-10T17:33:15Z,24
s011723,u0087,c007,mobile,5.3.0,2026-08-10T17:34:11Z,9
s011724,u0969,c002,web,,2026-08-10T17:36:13Z,20
s011725,u0032,c007,mobile,5.3.0,2026-08-10T17:36:58Z,41
s011726,u0893,c005,tv,,2026-08-10T17:38:29Z,26
s011727,u0420,c016,web,,2026-08-10T17:39:02Z,51
s011728,u0872,c001,mobile,5.3.0,2026-08-10T17:39:20Z,11
s011729,u0366,c010,mobile,5.3.0,2026-08-10T17:40:53Z,26
s011730,u0644,c054,tv,,2026-08-10T17:41:59Z,76
s011731,u0874,c008,mobile,5.3.0,2026-08-10T17:42:33Z,16
s011732,u0663,c006,tv,,2026-08-10T17:43:35Z,71
s011733,u0471,c047,web,,2026-08-10T17:44:48Z,98
s011734,u0620,c058,mobile,5.3.0,2026-08-10T17:45:07Z,15
s011735,u0426,c027,mobile,5.3.0,2026-08-10T17:54:30Z,15
s011736,u0410,c042,web,,2026-08-10T17:55:32Z,43
s011737,u0301,c001,mobile,5.3.0,2026-08-10T17:57:06Z,15
s011738,u0028,c020,tv,,2026-08-10T17:57:41Z,13
s011739,u0272,c028,mobile,5.3.0,2026-08-10T17:58:40Z,15
s011740,u0675,c026,web,,2026-08-10T19:00:02Z,93
s011741,u0624,c032,tv,,2026-08-10T19:02:11Z,19
s011742,u0741,c054,tv,,2026-08-10T19:03:07Z,30
s011743,u0658,c001,web,,2026-08-10T19:03:21Z,10
s011744,u0275,c004,web,,2026-08-10T19:03:35Z,161
s011745,u0101,c015,tv,,2026-08-10T19:04:02Z,47
s011746,u0359,c006,tv,,2026-08-10T19:04:08Z,135
s011747,u0681,c003,tv,,2026-08-10T19:04:34Z,24
s011748,u0893,c005,mobile,5.3.0,2026-08-10T19:06:40Z,18
s011749,u0154,c005,web,,2026-08-10T19:07:23Z,102
s011750,u0246,c001,mobile,5.3.0,2026-08-10T19:08:35Z,31
s011751,u0586,c003,mobile,5.3.0,2026-08-10T19:08:56Z,53
s011752,u0211,c019,mobile,5.3.0,2026-08-10T19:10:29Z,8
s011753,u0691,c021,web,,2026-08-10T19:10:38Z,50
s011754,u0057,c032,mobile,5.3.0,2026-08-10T19:11:41Z,11
s011755,u0562,c003,web,,2026-08-10T19:11:41Z,60
s011756,u0375,c050,tv,,2026-08-10T19:11:45Z,40
s011757,u0650,c021,mobile,5.3.0,2026-08-10T19:11:52Z,7
s011758,u0444,c001,web,,2026-08-10T19:12:04Z,38
s011759,u0726,c002,web,,2026-08-10T19:13:10Z,22
s011760,u0405,c006,web,,2026-08-10T19:14:21Z,31
s011761,u0027,c001,mobile,5.3.0,2026-08-10T19:16:10Z,4
s011762,u0313,c031,tv,,2026-08-10T19:16:41Z,69
s011763,u0375,c002,tv,,2026-08-10T19:17:53Z,75
s011764,u0092,c001,web,,2026-08-10T19:18:39Z,64
s011765,u0269,c006,web,,2026-08-10T19:18:58Z,68
s011766,u0555,c003,mobile,5.3.0,2026-08-10T19:19:01Z,20
s011767,u0200,c055,mobile,5.3.0,2026-08-10T19:19:41Z,20
s011768,u0160,c014,tv,,2026-08-10T19:20:14Z,33
s011769,u0760,c001,mobile,5.3.0,2026-08-10T19:20:24Z,13
s011770,u0187,c014,web,,2026-08-10T19:20:35Z,64
s011771,u0707,c030,web,,2026-08-10T19:21:29Z,42
s011772,u0650,c012,mobile,5.3.0,2026-08-10T19:21:52Z,10
s011773,u0759,c031,tv,,2026-08-10T19:22:08Z,52
s011774,u0726,c001,mobile,5.3.0,2026-08-10T19:22:12Z,28
s011775,u0772,c003,mobile,5.3.0,2026-08-10T19:22:51Z,61
s011776,u0210,c001,tv,,2026-08-10T19:23:14Z,39
s011777,u0104,c028,web,,2026-08-10T19:24:22Z,32
s011778,u0355,c040,web,,2026-08-10T19:24:28Z,91
s011779,u0047,c007,tv,,2026-08-10T19:26:08Z,73
s011780,u0386,c033,mobile,5.3.0,2026-08-10T19:26:58Z,22
s011781,u0350,c004,web,,2026-08-10T19:26:59Z,30
s011782,u0181,c001,web,,2026-08-10T19:27:01Z,20
s011783,u0126,c009,tv,,2026-08-10T19:27:28Z,71
s011784,u0563,c001,tv,,2026-08-10T19:27:40Z,42
s011785,u0793,c001,tv,,2026-08-10T19:28:58Z,52
s011786,u0893,c017,mobile,5.3.0,2026-08-10T19:29:10Z,13
s011787,u0397,c005,mobile,5.3.0,2026-08-10T19:29:29Z,10
s011788,u0390,c001,web,,2026-08-10T19:30:03Z,21
s011789,u0306,c003,mobile,5.3.0,2026-08-10T19:30:49Z,17
s011790,u0234,c035,mobile,5.3.0,2026-08-10T19:30:54Z,7
s011791,u0339,c015,tv,,2026-08-10T19:32:17Z,23
s011792,u0258,c002,mobile,5.3.0,2026-08-10T19:32:38Z,12
s011793,u0800,c001,mobile,5.3.0,2026-08-10T19:32:42Z,12
s011794,u0041,c005,mobile,5.3.0,2026-08-10T19:32:53Z,28
s011795,u0408,c015,tv,,2026-08-10T19:33:07Z,106
s011796,u0017,c001,tv,,2026-08-10T19:33:14Z,47
s011797,u0013,c001,tv,,2026-08-10T19:33:15Z,72
s011798,u0035,c006,mobile,5.3.0,2026-08-10T19:34:07Z,36
s011799,u0724,c006,mobile,5.3.0,2026-08-10T19:35:00Z,9
s011800,u0849,c009,mobile,5.3.0,2026-08-10T19:35:42Z,4
s011801,u0265,c001,tv,,2026-08-10T19:35:51Z,104
s011802,u0183,c003,tv,,2026-08-10T19:36:18Z,48
s011803,u0222,c003,mobile,5.3.0,2026-08-10T19:36:49Z,14
s011804,u0207,c008,web,,2026-08-10T19:37:51Z,36
s011805,u0744,c006,web,,2026-08-10T19:38:27Z,47
s011806,u0307,c019,mobile,5.3.0,2026-08-10T19:39:11Z,20
s011807,u0808,c003,tv,,2026-08-10T19:40:03Z,49
s011808,u0257,c030,mobile,5.3.0,2026-08-10T19:40:15Z,89
s011809,u0229,c007,tv,,2026-08-10T19:41:27Z,87
s011810,u0448,c001,mobile,5.3.0,2026-08-10T19:41:39Z,14
s011811,u0061,c001,tv,,2026-08-10T19:42:20Z,92
s011812,u0669,c001,mobile,5.3.0,2026-08-10T19:42:29Z,30
s011813,u0204,c001,mobile,5.3.0,2026-08-10T19:43:13Z,32
s011814,u0204,c024,mobile,5.3.0,2026-08-10T19:44:05Z,38
s011815,u0503,c042,mobile,5.3.0,2026-08-10T19:44:36Z,55
s011816,u0097,c006,mobile,5.3.0,2026-08-10T19:44:39Z,25
s011817,u0568,c002,mobile,5.3.0,2026-08-10T19:45:15Z,28
s011818,u0719,c001,web,,2026-08-10T19:45:31Z,18
s011819,u0038,c001,tv,,2026-08-10T19:45:49Z,93
s011820,u0436,c017,mobile,5.3.0,2026-08-10T19:46:39Z,25
s011821,u0047,c003,mobile,5.3.0,2026-08-10T19:46:42Z,13
s011822,u0401,c002,web,,2026-08-10T19:47:12Z,22
s011823,u0045,c054,mobile,5.3.0,2026-08-10T19:47:13Z,16
s011824,u0232,c034,web,,2026-08-10T19:47:29Z,82
s011825,u0659,c001,web,,2026-08-10T19:47:42Z,35
s011826,u0740,c005,mobile,5.3.0,2026-08-10T19:48:01Z,31
s011827,u0266,c001,mobile,5.3.0,2026-08-10T19:48:46Z,11
s011828,u0420,c059,web,,2026-08-10T19:49:41Z,43
s011829,u0888,c015,web,,2026-08-10T19:50:39Z,33
s011830,u0042,c026,tv,,2026-08-10T19:50:45Z,40
s011831,u0707,c024,web,,2026-08-10T19:52:27Z,76
s011832,u0230,c057,mobile,5.3.0,2026-08-10T19:52:32Z,13
s011833,u0866,c012,mobile,5.3.0,2026-08-10T19:52:52Z,9
s011834,u0442,c052,mobile,5.3.0,2026-08-10T19:53:32Z,51
s011835,u0697,c058,tv,,2026-08-10T19:54:40Z,58
s011836,u0247,c060,mobile,5.3.0,2026-08-10T19:54:53Z,16
s011837,u0734,c022,tv,,2026-08-10T19:54:57Z,140
s011838,u0660,c009,mobile,5.3.0,2026-08-10T19:55:05Z,13
s011839,u0527,c049,tv,,2026-08-10T19:55:17Z,24
s011840,u0332,c045,mobile,5.3.0,2026-08-10T19:55:27Z,5
s011841,u0560,c002,mobile,5.3.0,2026-08-10T19:55:53Z,6
s011842,u0765,c002,mobile,5.3.0,2026-08-10T19:56:08Z,27
s011843,u0166,c010,mobile,5.3.0,2026-08-10T19:56:09Z,22
s011844,u0512,c002,mobile,5.3.0,2026-08-10T19:57:29Z,40
s011845,u0383,c001,web,,2026-08-10T19:58:23Z,78
s011846,u0266,c007,mobile,5.3.0,2026-08-10T19:59:03Z,33
s011847,u0403,c014,tv,,2026-08-10T19:59:05Z,40
s011848,u0628,c055,tv,,2026-08-10T19:59:35Z,59
s011849,u0650,c001,mobile,5.3.0,2026-08-10T19:59:46Z,32
s011850,u0600,c020,mobile,5.3.0,2026-08-10T21:00:29Z,11
s011851,u0326,c003,web,,2026-08-10T21:01:04Z,47
s011852,u0277,c029,web,,2026-08-10T21:03:30Z,37
s011853,u0739,c020,mobile,5.3.0,2026-08-10T21:03:39Z,52
s011854,u0047,c004,mobile,5.3.0,2026-08-10T21:03:54Z,24
s011855,u0110,c003,mobile,5.3.0,2026-08-10T21:03:57Z,26
s011856,u0409,c038,web,,2026-08-10T21:04:06Z,36
s011857,u0010,c001,tv,,2026-08-10T21:05:45Z,75
s011858,u0246,c005,mobile,5.3.0,2026-08-10T21:07:15Z,12
s011859,u0216,c021,mobile,5.3.0,2026-08-10T21:07:31Z,15
s011860,u0600,c052,web,,2026-08-10T21:08:01Z,112
s011861,u0066,c001,web,,2026-08-10T21:09:51Z,46
s011862,u0629,c001,tv,,2026-08-10T21:10:14Z,63
s011863,u0797,c004,mobile,5.3.0,2026-08-10T21:10:19Z,25
s011864,u0306,c001,mobile,5.3.0,2026-08-10T21:10:32Z,12
s011865,u0370,c050,mobile,5.3.0,2026-08-10T21:10:44Z,26
s011866,u0723,c015,mobile,5.3.0,2026-08-10T21:11:02Z,48
s011867,u0155,c008,tv,,2026-08-10T21:11:12Z,15
s011868,u0515,c005,tv,,2026-08-10T21:11:49Z,71
s011869,u0110,c001,mobile,5.3.0,2026-08-10T21:12:20Z,31
s011870,u0087,c001,mobile,5.3.0,2026-08-10T21:12:57Z,54
s011871,u0518,c003,mobile,5.3.0,2026-08-10T21:13:30Z,17
s011872,u0966,c001,mobile,5.3.0,2026-08-10T21:15:00Z,5
s011873,u0187,c002,web,,2026-08-10T21:15:10Z,46
s011874,u0419,c001,web,,2026-08-10T21:16:47Z,112
s011875,u0146,c009,mobile,5.3.0,2026-08-10T21:17:05Z,80
s011876,u0105,c008,mobile,5.3.0,2026-08-10T21:17:24Z,29
s011877,u0221,c034,mobile,5.3.0,2026-08-10T21:17:34Z,9
s011878,u0216,c020,mobile,5.3.0,2026-08-10T21:19:04Z,13
s011879,u0247,c027,mobile,5.3.0,2026-08-10T21:19:41Z,13
s011880,u0872,c002,tv,,2026-08-10T21:21:30Z,16
s011881,u0741,c046,web,,2026-08-10T21:22:50Z,11
s011882,u0017,c004,tv,,2026-08-10T21:23:04Z,33
s011883,u0317,c005,web,,2026-08-10T21:23:13Z,58
s011884,u0929,c004,mobile,5.3.0,2026-08-10T21:23:45Z,34
s011885,u0126,c004,tv,,2026-08-10T21:24:56Z,70
s011886,u0189,c001,mobile,5.3.0,2026-08-10T21:25:15Z,14
s011887,u0706,c002,web,,2026-08-10T21:25:20Z,23
s011888,u0191,c005,web,,2026-08-10T21:26:18Z,41
s011889,u0368,c032,mobile,5.3.0,2026-08-10T21:26:19Z,37
s011890,u0297,c055,tv,,2026-08-10T21:26:46Z,86
s011891,u0355,c032,web,,2026-08-10T21:27:29Z,120
s011892,u0024,c026,mobile,5.3.0,2026-08-10T21:28:49Z,10
s011893,u0771,c001,mobile,5.3.0,2026-08-10T21:29:46Z,19
s011894,u0761,c009,tv,,2026-08-10T21:29:49Z,196
s011895,u0138,c027,mobile,5.3.0,2026-08-10T21:30:00Z,19
s011896,u0272,c002,mobile,5.3.0,2026-08-10T21:30:37Z,19
s011897,u0717,c004,web,,2026-08-10T21:30:41Z,23
s011898,u0624,c035,mobile,5.3.0,2026-08-10T21:30:46Z,14
s011899,u0524,c003,mobile,5.3.0,2026-08-10T21:31:01Z,38
s011900,u0089,c045,web,,2026-08-10T21:31:06Z,9
s011901,u0493,c001,web,,2026-08-10T21:31:23Z,16
s011902,u0541,c001,tv,,2026-08-10T21:31:34Z,30
s011903,u0703,c022,web,,2026-08-10T21:31:38Z,45
s011904,u0138,c021,mobile,5.3.0,2026-08-10T21:31:44Z,26
s011905,u0581,c028,mobile,5.3.0,2026-08-10T21:33:05Z,29
s011906,u0098,c001,tv,,2026-08-10T21:33:16Z,100
s011907,u0439,c004,mobile,5.3.0,2026-08-10T21:33:16Z,8
s011908,u0112,c021,tv,,2026-08-10T21:33:30Z,26
s011909,u0258,c002,mobile,5.3.0,2026-08-10T21:33:54Z,25
s011910,u0295,c012,mobile,5.3.0,2026-08-10T21:34:02Z,45
s011911,u0880,c019,mobile,5.3.0,2026-08-10T21:34:44Z,64
s011912,u0070,c003,tv,,2026-08-10T21:35:07Z,28
s011913,u0430,c003,mobile,5.3.0,2026-08-10T21:36:00Z,17
s011914,u0196,c015,tv,,2026-08-10T21:38:20Z,48
s011915,u0288,c033,web,,2026-08-10T21:38:58Z,40
s011916,u0524,c001,mobile,5.3.0,2026-08-10T21:39:15Z,8
s011917,u0220,c010,tv,,2026-08-10T21:41:14Z,83
s011918,u0066,c001,web,,2026-08-10T21:41:45Z,71
s011919,u0645,c005,web,,2026-08-10T21:45:13Z,70
s011920,u0624,c001,mobile,5.3.0,2026-08-10T21:45:39Z,11
s011921,u0396,c041,tv,,2026-08-10T21:45:53Z,85
s011922,u0362,c013,tv,,2026-08-10T21:45:55Z,94
s011923,u0681,c017,tv,,2026-08-10T21:47:32Z,22
s011924,u0188,c001,mobile,5.3.0,2026-08-10T21:49:05Z,22
s011925,u0005,c006,tv,,2026-08-10T21:49:50Z,85
s011926,u0027,c006,tv,,2026-08-10T21:51:01Z,46
s011927,u0189,c028,mobile,5.3.0,2026-08-10T21:52:53Z,58
s011928,u0252,c016,mobile,5.3.0,2026-08-10T21:54:07Z,20
s011929,u0023,c002,mobile,5.3.0,2026-08-10T21:54:46Z,17
s011930,u0102,c006,mobile,5.3.0,2026-08-10T21:55:46Z,7
s011931,u0149,c001,tv,,2026-08-10T21:56:03Z,46
s011932,u0346,c014,mobile,5.3.0,2026-08-10T21:56:59Z,44
s011933,u0204,c001,mobile,5.3.0,2026-08-10T21:57:07Z,13
s011934,u0230,c059,mobile,5.3.0,2026-08-10T21:59:58Z,122
s011935,u0407,c001,mobile,5.3.0,2026-08-10T23:02:13Z,21
s011936,u0499,c038,web,,2026-08-10T23:03:19Z,20
s011937,u0763,c002,web,,2026-08-10T23:03:41Z,50
s011938,u0283,c002,mobile,5.3.0,2026-08-10T23:05:38Z,26
s011939,u0162,c001,mobile,5.3.0,2026-08-10T23:09:40Z,11
s011940,u0448,c019,mobile,5.3.0,2026-08-10T23:12:06Z,43
s011941,u0755,c026,tv,,2026-08-10T23:12:44Z,121
s011942,u0138,c056,web,,2026-08-10T23:12:58Z,26
s011943,u0238,c007,mobile,5.3.0,2026-08-10T23:13:46Z,23
s011944,u0604,c009,tv,,2026-08-10T23:15:48Z,19
s011945,u0099,c011,mobile,5.3.0,2026-08-10T23:15:57Z,47
s011946,u0049,c029,web,,2026-08-10T23:15:59Z,21
s011947,u0659,c003,web,,2026-08-10T23:16:14Z,76
s011948,u0258,c001,mobile,5.3.0,2026-08-10T23:19:17Z,27
s011949,u0301,c028,mobile,5.3.0,2026-08-10T23:22:47Z,8
s011950,u0282,c011,mobile,5.3.0,2026-08-10T23:31:10Z,15
s011951,u0262,c001,mobile,5.3.0,2026-08-10T23:36:39Z,7
s011952,u0879,c024,mobile,5.3.0,2026-08-10T23:36:56Z,24
s011953,u0882,c008,web,,2026-08-10T23:40:30Z,51
s011954,u0190,c002,mobile,5.3.0,2026-08-10T23:42:27Z,42
s011955,u0011,c007,tv,,2026-08-10T23:42:33Z,31
s011956,u0590,c036,web,,2026-08-10T23:42:58Z,25
s011957,u0182,c001,web,,2026-08-10T23:45:50Z,68
s011958,u0018,c001,web,,2026-08-10T23:46:57Z,50
s011959,u0688,c010,mobile,5.3.0,2026-08-10T23:48:07Z,24
s011960,u0551,c054,mobile,5.3.0,2026-08-10T23:53:01Z,33
s011961,u0160,c021,tv,,2026-08-10T23:55:13Z,32
s011962,u0315,c003,tv,,2026-08-10T23:57:19Z,99
s011963,u0498,c004,mobile,5.3.0,2026-08-10T23:57:54Z,22
s011964,u0688,c029,mobile,5.3.0,2026-08-10T23:58:20Z,12
s011965,u0737,c005,mobile,5.3.0,2026-08-10T23:59:11Z,29
s011966,u0426,c018,tv,,2026-08-11T08:01:41Z,84
s011967,u0590,c010,tv,,2026-08-11T08:02:38Z,35
s011968,u0659,c003,web,,2026-08-11T08:02:54Z,89
s011969,u0279,c001,mobile,5.3.0,2026-08-11T08:07:44Z,37
s011970,u0407,c015,mobile,5.3.0,2026-08-11T08:10:35Z,45
s011971,u0780,c014,tv,,2026-08-11T08:15:29Z,170
s011972,u0752,c026,tv,,2026-08-11T08:15:48Z,55
s011973,u0187,c002,web,,2026-08-11T08:17:50Z,62
s011974,u0139,c051,web,,2026-08-11T08:19:09Z,41
s011975,u0210,c006,tv,,2026-08-11T08:19:49Z,23
s011976,u0442,c054,tv,,2026-08-11T08:22:08Z,28
s011977,u0534,c005,tv,,2026-08-11T08:23:22Z,79
s011978,u0018,c008,web,,2026-08-11T08:32:56Z,35
s011979,u0497,c041,mobile,5.3.0,2026-08-11T08:36:45Z,22
s011980,u0523,c055,web,,2026-08-11T08:43:17Z,11
s011981,u0659,c019,web,,2026-08-11T08:44:21Z,33
s011982,u0751,c003,mobile,5.3.0,2026-08-11T08:46:26Z,27
s011983,u0289,c006,mobile,5.3.0,2026-08-11T08:52:36Z,23
s011984,u0804,c001,tv,,2026-08-11T08:59:12Z,40
s011985,u0063,c008,mobile,5.3.0,2026-08-11T12:02:58Z,30
s011986,u0235,c051,web,,2026-08-11T12:04:06Z,61
s011987,u0400,c007,web,,2026-08-11T12:05:26Z,33
s011988,u0675,c004,tv,,2026-08-11T12:06:51Z,13
s011989,u0368,c033,mobile,5.3.0,2026-08-11T12:06:57Z,107
s011990,u0779,c042,web,,2026-08-11T12:07:01Z,92
s011991,u0322,c011,mobile,5.3.0,2026-08-11T12:08:57Z,45
s011992,u0423,c002,mobile,5.3.0,2026-08-11T12:08:57Z,17
s011993,u0221,c018,web,,2026-08-11T12:09:42Z,17
s011994,u0780,c003,tv,,2026-08-11T12:11:32Z,25
s011995,u0282,c007,mobile,5.3.0,2026-08-11T12:11:56Z,29
s011996,u0541,c012,tv,,2026-08-11T12:12:09Z,13
s011997,u0211,c008,mobile,5.3.0,2026-08-11T12:18:55Z,9
s011998,u0282,c024,mobile,5.3.0,2026-08-11T12:22:51Z,11
s011999,u0070,c017,tv,,2026-08-11T12:24:30Z,9
s012000,u0042,c002,tv,,2026-08-11T12:29:23Z,53
s012001,u0265,c057,tv,,2026-08-11T12:30:15Z,39
s012002,u0191,c059,web,,2026-08-11T12:30:25Z,23
s012003,u0697,c005,web,,2026-08-11T12:32:29Z,29
s012004,u0857,c010,tv,,2026-08-11T12:34:58Z,9
s012005,u0217,c033,tv,,2026-08-11T12:35:26Z,45
s012006,u0204,c052,mobile,5.3.0,2026-08-11T12:36:21Z,56
s012007,u0189,c051,mobile,5.3.0,2026-08-11T12:38:35Z,14
s012008,u0009,c050,mobile,5.3.0,2026-08-11T12:40:06Z,16
s012009,u0102,c004,mobile,5.3.0,2026-08-11T12:40:47Z,22
s012010,u0468,c019,tv,,2026-08-11T12:42:03Z,82
s012011,u0234,c001,mobile,5.3.0,2026-08-11T12:42:31Z,9
s012012,u0574,c008,mobile,5.3.0,2026-08-11T12:50:31Z,15
s012013,u0787,c001,mobile,5.3.0,2026-08-11T12:51:07Z,16
s012014,u0189,c001,mobile,5.3.0,2026-08-11T12:52:22Z,76
s012015,u0304,c004,tv,,2026-08-11T12:56:46Z,71
s012016,u0294,c013,mobile,5.3.0,2026-08-11T17:00:09Z,50
s012017,u0310,c033,tv,,2026-08-11T17:02:39Z,72
s012018,u0853,c014,mobile,5.3.0,2026-08-11T17:05:13Z,10
s012019,u0050,c001,web,,2026-08-11T17:05:37Z,60
s012020,u0607,c054,tv,,2026-08-11T17:08:38Z,39
s012021,u0027,c003,tv,,2026-08-11T17:09:19Z,62
s012022,u0166,c008,web,,2026-08-11T17:09:57Z,57
s012023,u0782,c045,web,,2026-08-11T17:15:52Z,34
s012024,u0872,c003,mobile,5.3.0,2026-08-11T17:16:52Z,15
s012025,u0083,c046,mobile,5.3.0,2026-08-11T17:16:58Z,19
s012026,u0700,c005,tv,,2026-08-11T17:17:47Z,108
s012027,u0584,c001,web,,2026-08-11T17:18:19Z,9
s012028,u0700,c029,tv,,2026-08-11T17:19:13Z,79
s012029,u0187,c013,mobile,5.3.0,2026-08-11T17:21:08Z,21
s012030,u0088,c030,mobile,5.3.0,2026-08-11T17:22:04Z,18
s012031,u0512,c001,mobile,5.3.0,2026-08-11T17:26:24Z,29
s012032,u0604,c001,tv,,2026-08-11T17:27:24Z,92
s012033,u0856,c014,mobile,5.3.0,2026-08-11T17:28:24Z,10
s012034,u0447,c001,mobile,5.3.0,2026-08-11T17:29:26Z,9
s012035,u0383,c043,mobile,5.3.0,2026-08-11T17:31:06Z,42
s012036,u0616,c015,mobile,5.3.0,2026-08-11T17:31:45Z,38
s012037,u0512,c035,mobile,5.3.0,2026-08-11T17:33:03Z,88
s012038,u0157,c005,mobile,5.3.0,2026-08-11T17:33:17Z,44
s012039,u0791,c001,mobile,5.3.0,2026-08-11T17:33:52Z,12
s012040,u0682,c002,web,,2026-08-11T17:34:19Z,82
s012041,u0194,c008,web,,2026-08-11T17:36:23Z,32
s012042,u0122,c014,web,,2026-08-11T17:38:03Z,67
s012043,u0365,c002,tv,,2026-08-11T17:40:38Z,20
s012044,u0447,c044,mobile,5.3.0,2026-08-11T17:40:57Z,5
s012045,u0617,c058,tv,,2026-08-11T17:41:40Z,46
s012046,u0083,c059,mobile,5.3.0,2026-08-11T17:42:31Z,15
s012047,u0876,c044,mobile,5.3.0,2026-08-11T17:42:47Z,20
s012048,u0744,c031,tv,,2026-08-11T17:42:48Z,54
s012049,u0635,c035,web,,2026-08-11T17:43:07Z,30
s012050,u0804,c017,tv,,2026-08-11T17:43:12Z,17
s012051,u0783,c028,mobile,5.3.0,2026-08-11T17:47:40Z,41
s012052,u0383,c001,mobile,5.3.0,2026-08-11T17:48:38Z,23
s012053,u0358,c031,mobile,5.3.0,2026-08-11T17:49:54Z,8
s012054,u0710,c001,tv,,2026-08-11T17:50:07Z,20
s012055,u0247,c023,mobile,5.3.0,2026-08-11T17:53:15Z,13
s012056,u0667,c001,web,,2026-08-11T17:55:11Z,30
s012057,u0366,c002,mobile,5.3.0,2026-08-11T17:55:16Z,13
s012058,u0779,c013,web,,2026-08-11T17:55:56Z,25
s012059,u0156,c013,mobile,5.3.0,2026-08-11T17:57:14Z,16
s012060,u0655,c001,mobile,5.3.0,2026-08-11T17:58:07Z,25
s012061,u0133,c007,mobile,5.3.0,2026-08-11T17:58:39Z,32
s012062,u0133,c045,mobile,5.3.0,2026-08-11T19:01:02Z,38
s012063,u0476,c027,tv,,2026-08-11T19:01:20Z,32
s012064,u0106,c014,web,,2026-08-11T19:01:30Z,22
s012065,u0549,c001,tv,,2026-08-11T19:03:07Z,20
s012066,u0412,c011,web,,2026-08-11T19:03:24Z,75
s012067,u0248,c005,web,,2026-08-11T19:04:44Z,27
s012068,u0037,c001,tv,,2026-08-11T19:05:29Z,108
s012069,u0541,c055,tv,,2026-08-11T19:06:00Z,74
s012070,u0079,c003,tv,,2026-08-11T19:06:39Z,24
s012071,u0421,c013,tv,,2026-08-11T19:07:27Z,20
s012072,u0650,c036,mobile,5.3.0,2026-08-11T19:07:40Z,31
s012073,u0652,c009,tv,,2026-08-11T19:08:10Z,22
s012074,u0480,c055,web,,2026-08-11T19:08:34Z,17
s012075,u0744,c014,tv,,2026-08-11T19:08:38Z,25
s012076,u0293,c001,mobile,5.3.0,2026-08-11T19:08:48Z,13
s012077,u0220,c004,tv,,2026-08-11T19:09:05Z,39
s012078,u0464,c036,tv,,2026-08-11T19:09:14Z,43
s012079,u0252,c012,mobile,5.3.0,2026-08-11T19:09:41Z,26
s012080,u0674,c004,mobile,5.3.0,2026-08-11T19:09:48Z,29
s012081,u0922,c022,mobile,5.3.0,2026-08-11T19:09:53Z,14
s012082,u0288,c041,web,,2026-08-11T19:09:57Z,22
s012083,u0166,c008,web,,2026-08-11T19:11:01Z,224
s012084,u0699,c024,web,,2026-08-11T19:12:34Z,105
s012085,u0172,c001,web,,2026-08-11T19:12:38Z,46
s012086,u0117,c052,mobile,5.3.0,2026-08-11T19:12:49Z,13
s012087,u0169,c032,tv,,2026-08-11T19:12:51Z,47
s012088,u0700,c004,mobile,5.3.0,2026-08-11T19:13:13Z,29
s012089,u0352,c009,tv,,2026-08-11T19:13:38Z,16
s012090,u0783,c007,tv,,2026-08-11T19:13:53Z,67
s012091,u0133,c011,mobile,5.3.0,2026-08-11T19:16:20Z,74
s012092,u0180,c032,tv,,2026-08-11T19:16:32Z,53
s012093,u0715,c002,mobile,5.3.0,2026-08-11T19:17:08Z,16
s012094,u0022,c035,mobile,5.3.0,2026-08-11T19:17:24Z,10
s012095,u0691,c001,web,,2026-08-11T19:17:52Z,30
s012096,u0396,c012,mobile,5.3.0,2026-08-11T19:18:18Z,126
s012097,u0011,c005,tv,,2026-08-11T19:18:42Z,39
s012098,u0618,c006,tv,,2026-08-11T19:19:26Z,85
s012099,u0815,c023,mobile,5.3.0,2026-08-11T19:19:36Z,99
s012100,u0086,c046,mobile,5.3.0,2026-08-11T19:19:42Z,10
s012101,u0687,c001,mobile,5.3.0,2026-08-11T19:20:07Z,15
s012102,u0881,c024,mobile,5.3.0,2026-08-11T19:23:48Z,41
s012103,u0187,c007,web,,2026-08-11T19:24:02Z,73
s012104,u0737,c003,mobile,5.3.0,2026-08-11T19:24:45Z,31
s012105,u0330,c011,web,,2026-08-11T19:24:47Z,18
s012106,u0862,c005,mobile,5.3.0,2026-08-11T19:25:34Z,3
s012107,u0245,c037,tv,,2026-08-11T19:25:45Z,45
s012108,u0636,c001,mobile,5.3.0,2026-08-11T19:25:56Z,33
s012109,u0655,c001,mobile,5.3.0,2026-08-11T19:26:50Z,13
s012110,u0687,c003,mobile,5.3.0,2026-08-11T19:26:52Z,51
s012111,u0095,c011,web,,2026-08-11T19:27:08Z,56
s012112,u0744,c049,tv,,2026-08-11T19:27:56Z,65
s012113,u0027,c028,mobile,5.3.0,2026-08-11T19:27:59Z,45
s012114,u0614,c037,mobile,5.3.0,2026-08-11T19:28:06Z,20
s012115,u0172,c002,web,,2026-08-11T19:28:56Z,30
s012116,u0447,c001,mobile,5.3.0,2026-08-11T19:29:04Z,13
s012117,u0409,c040,web,,2026-08-11T19:29:40Z,68
s012118,u0338,c041,tv,,2026-08-11T19:29:42Z,22
s012119,u0622,c040,mobile,5.3.0,2026-08-11T19:30:45Z,9
s012120,u0115,c001,tv,,2026-08-11T19:31:14Z,32
s012121,u0178,c037,web,,2026-08-11T19:31:18Z,16
s012122,u0247,c007,tv,,2026-08-11T19:31:54Z,81
s012123,u0782,c007,web,,2026-08-11T19:32:07Z,14
s012124,u0351,c001,tv,,2026-08-11T19:32:53Z,66
s012125,u0289,c004,tv,,2026-08-11T19:33:17Z,38
s012126,u0138,c030,web,,2026-08-11T19:34:34Z,65
s012127,u0607,c022,mobile,5.3.0,2026-08-11T19:34:43Z,31
s012128,u0306,c002,web,,2026-08-11T19:34:49Z,21
s012129,u0083,c002,mobile,5.3.0,2026-08-11T19:35:02Z,14
s012130,u0350,c001,mobile,5.3.0,2026-08-11T19:35:27Z,41
s012131,u0883,c016,mobile,5.3.0,2026-08-11T19:36:53Z,12
s012132,u0929,c003,mobile,5.3.0,2026-08-11T19:36:59Z,16
s012133,u0664,c001,tv,,2026-08-11T19:37:20Z,25
s012134,u0631,c010,mobile,5.3.0,2026-08-11T19:37:33Z,14
s012135,u0248,c027,mobile,5.3.0,2026-08-11T19:37:39Z,20
s012136,u0224,c011,web,,2026-08-11T19:38:38Z,29
s012137,u0178,c011,web,,2026-08-11T19:39:22Z,60
s012138,u0069,c020,mobile,5.3.0,2026-08-11T19:40:44Z,23
s012139,u0500,c001,mobile,5.3.0,2026-08-11T19:41:17Z,19
s012140,u0366,c043,mobile,5.3.0,2026-08-11T19:41:28Z,12
s012141,u0750,c002,tv,,2026-08-11T19:42:14Z,64
s012142,u0688,c004,mobile,5.3.0,2026-08-11T19:42:15Z,13
s012143,u0874,c002,mobile,5.3.0,2026-08-11T19:42:16Z,51
s012144,u0658,c035,mobile,5.3.0,2026-08-11T19:44:14Z,27
s012145,u0539,c001,web,,2026-08-11T19:44:21Z,72
s012146,u0075,c043,mobile,5.3.0,2026-08-11T19:45:52Z,16
s012147,u0725,c028,mobile,5.3.0,2026-08-11T19:46:38Z,20
s012148,u0385,c012,web,,2026-08-11T19:46:55Z,56
s012149,u0151,c002,tv,,2026-08-11T19:48:16Z,72
s012150,u0621,c006,mobile,5.3.0,2026-08-11T19:48:21Z,17
s012151,u0382,c001,tv,,2026-08-11T19:48:32Z,78
s012152,u0888,c006,web,,2026-08-11T19:49:43Z,13
s012153,u0366,c002,mobile,5.3.0,2026-08-11T19:50:40Z,8
s012154,u0502,c001,tv,,2026-08-11T19:50:55Z,11
s012155,u0327,c026,mobile,5.3.0,2026-08-11T19:51:01Z,32
s012156,u0132,c003,tv,,2026-08-11T19:51:36Z,52
s012157,u0279,c027,web,,2026-08-11T19:52:29Z,19
s012158,u0300,c001,mobile,5.3.0,2026-08-11T19:52:46Z,22
s012159,u0631,c001,mobile,5.3.0,2026-08-11T19:53:09Z,52
s012160,u0471,c040,web,,2026-08-11T19:53:53Z,34
s012161,u0854,c037,web,,2026-08-11T19:53:54Z,9
s012162,u0018,c006,web,,2026-08-11T19:54:24Z,10
s012163,u0715,c002,mobile,5.3.0,2026-08-11T19:54:52Z,13
s012164,u0230,c001,mobile,5.3.0,2026-08-11T19:55:29Z,12
s012165,u0184,c005,tv,,2026-08-11T19:56:49Z,36
s012166,u0189,c002,mobile,5.3.0,2026-08-11T19:56:49Z,33
s012167,u0210,c003,web,,2026-08-11T19:56:57Z,45
s012168,u0635,c002,web,,2026-08-11T19:57:15Z,20
s012169,u0732,c059,web,,2026-08-11T19:57:15Z,65
s012170,u0201,c016,tv,,2026-08-11T19:57:28Z,57
s012171,u0579,c003,mobile,5.3.0,2026-08-11T19:57:40Z,17
s012172,u0172,c010,web,,2026-08-11T19:58:27Z,92
s012173,u0657,c027,web,,2026-08-11T19:59:08Z,44
s012174,u0322,c010,mobile,5.3.0,2026-08-11T19:59:14Z,11
s012175,u0322,c002,mobile,5.3.0,2026-08-11T19:59:42Z,11
s012176,u0770,c006,tv,,2026-08-11T21:00:21Z,28
s012177,u0774,c002,mobile,5.3.0,2026-08-11T21:00:33Z,12
s012178,u0536,c008,tv,,2026-08-11T21:00:45Z,27
s012179,u0452,c001,mobile,5.3.0,2026-08-11T21:01:36Z,37
s012180,u0005,c006,tv,,2026-08-11T21:01:51Z,113
s012181,u0157,c040,web,,2026-08-11T21:02:04Z,26
s012182,u0585,c001,mobile,5.3.0,2026-08-11T21:02:07Z,16
s012183,u0530,c005,mobile,5.3.0,2026-08-11T21:02:10Z,11
s012184,u0260,c035,mobile,5.3.0,2026-08-11T21:02:19Z,21
s012185,u0226,c031,mobile,5.3.0,2026-08-11T21:03:57Z,20
s012186,u0638,c002,web,,2026-08-11T21:03:57Z,50
s012187,u0595,c001,web,,2026-08-11T21:04:01Z,46
s012188,u0421,c001,tv,,2026-08-11T21:04:46Z,16
s012189,u0804,c028,tv,,2026-08-11T21:05:33Z,56
s012190,u0327,c001,mobile,5.3.0,2026-08-11T21:05:42Z,18
s012191,u0286,c006,mobile,5.3.0,2026-08-11T21:06:11Z,18
s012192,u0862,c003,mobile,5.3.0,2026-08-11T21:07:38Z,3
s012193,u0800,c001,web,,2026-08-11T21:10:12Z,39
s012194,u0272,c002,mobile,5.3.0,2026-08-11T21:10:45Z,17
s012195,u0479,c050,mobile,5.3.0,2026-08-11T21:11:38Z,17
s012196,u0199,c005,web,,2026-08-11T21:11:52Z,25
s012197,u0120,c003,mobile,5.3.0,2026-08-11T21:12:05Z,19
s012198,u0694,c015,mobile,5.3.0,2026-08-11T21:12:30Z,34
s012199,u0022,c002,mobile,5.3.0,2026-08-11T21:12:41Z,40
s012200,u0377,c016,tv,,2026-08-11T21:12:41Z,49
s012201,u0409,c004,web,,2026-08-11T21:12:51Z,16
s012202,u0751,c025,mobile,5.3.0,2026-08-11T21:13:54Z,19
s012203,u0138,c048,mobile,5.3.0,2026-08-11T21:14:30Z,35
s012204,u0189,c004,mobile,5.3.0,2026-08-11T21:15:06Z,7
s012205,u0538,c037,web,,2026-08-11T21:15:17Z,70
s012206,u0248,c016,mobile,5.3.0,2026-08-11T21:15:23Z,50
s012207,u0631,c004,mobile,5.3.0,2026-08-11T21:16:02Z,32
s012208,u0604,c015,tv,,2026-08-11T21:16:36Z,64
s012209,u0620,c046,tv,,2026-08-11T21:16:39Z,49
s012210,u0423,c005,mobile,5.3.0,2026-08-11T21:16:44Z,30
s012211,u0463,c008,mobile,5.3.0,2026-08-11T21:17:00Z,10
s012212,u0787,c006,mobile,5.3.0,2026-08-11T21:17:08Z,8
s012213,u0208,c001,tv,,2026-08-11T21:17:19Z,40
s012214,u0510,c055,mobile,5.3.0,2026-08-11T21:17:44Z,34
s012215,u0658,c016,mobile,5.3.0,2026-08-11T21:17:50Z,16
s012216,u0664,c001,mobile,5.3.0,2026-08-11T21:17:53Z,16
s012217,u0487,c004,tv,,2026-08-11T21:18:08Z,157
s012218,u0655,c035,mobile,5.3.0,2026-08-11T21:18:37Z,16
s012219,u0887,c001,mobile,5.3.0,2026-08-11T21:18:39Z,7
s012220,u0372,c001,mobile,5.3.0,2026-08-11T21:19:00Z,20
s012221,u0430,c006,mobile,5.3.0,2026-08-11T21:19:47Z,31
s012222,u0628,c002,tv,,2026-08-11T21:19:49Z,64
s012223,u0744,c003,mobile,5.3.0,2026-08-11T21:19:49Z,30
s012224,u0770,c003,tv,,2026-08-11T21:20:37Z,26
s012225,u0028,c004,tv,,2026-08-11T21:21:34Z,22
s012226,u0524,c005,mobile,5.3.0,2026-08-11T21:21:44Z,52
s012227,u0786,c008,tv,,2026-08-11T21:22:59Z,44
s012228,u0279,c001,web,,2026-08-11T21:24:02Z,33
s012229,u0371,c001,mobile,5.3.0,2026-08-11T21:24:32Z,18
s012230,u0018,c012,web,,2026-08-11T21:24:39Z,25
s012231,u0349,c006,tv,,2026-08-11T21:24:44Z,26
s012232,u0704,c014,web,,2026-08-11T21:25:07Z,29
s012233,u0115,c001,mobile,5.3.0,2026-08-11T21:26:24Z,12
s012234,u0458,c046,web,,2026-08-11T21:28:05Z,36
s012235,u0308,c002,web,,2026-08-11T21:28:20Z,67
s012236,u0450,c022,mobile,5.3.0,2026-08-11T21:28:56Z,35
s012237,u0099,c039,web,,2026-08-11T21:29:04Z,29
s012238,u0503,c002,mobile,5.3.0,2026-08-11T21:29:21Z,16
s012239,u0500,c002,tv,,2026-08-11T21:29:28Z,50
s012240,u0075,c020,web,,2026-08-11T21:30:01Z,24
s012241,u0165,c001,tv,,2026-08-11T21:30:59Z,41
s012242,u0590,c021,tv,,2026-08-11T21:34:20Z,35
s012243,u0583,c038,mobile,5.3.0,2026-08-11T21:34:39Z,11
s012244,u0062,c002,web,,2026-08-11T21:34:59Z,11
s012245,u0861,c002,mobile,5.3.0,2026-08-11T21:35:14Z,25
s012246,u0332,c003,tv,,2026-08-11T21:37:15Z,13
s012247,u0952,c034,mobile,5.3.0,2026-08-11T21:37:20Z,17
s012248,u0441,c007,tv,,2026-08-11T21:37:54Z,67
s012249,u0577,c022,tv,,2026-08-11T21:38:21Z,64
s012250,u0864,c008,mobile,5.3.0,2026-08-11T21:38:37Z,10
s012251,u0426,c004,mobile,5.3.0,2026-08-11T21:39:08Z,8
s012252,u0620,c004,tv,,2026-08-11T21:39:35Z,153
s012253,u0860,c057,web,,2026-08-11T21:40:03Z,11
s012254,u0467,c029,tv,,2026-08-11T21:40:22Z,20
s012255,u0745,c037,mobile,5.3.0,2026-08-11T21:41:00Z,37
s012256,u0750,c001,tv,,2026-08-11T21:41:29Z,76
s012257,u0445,c021,mobile,5.3.0,2026-08-11T21:42:09Z,15
s012258,u0395,c005,tv,,2026-08-11T21:42:49Z,33
s012259,u0434,c028,mobile,5.3.0,2026-08-11T21:42:51Z,14
s012260,u0562,c017,tv,,2026-08-11T21:45:13Z,103
s012261,u0699,c023,web,,2026-08-11T21:45:19Z,41
s012262,u0283,c030,mobile,5.3.0,2026-08-11T21:46:17Z,16
s012263,u0744,c003,web,,2026-08-11T21:47:03Z,47
s012264,u0186,c024,mobile,5.3.0,2026-08-11T21:47:11Z,15
s012265,u0211,c035,web,,2026-08-11T21:50:45Z,14
s012266,u0707,c014,web,,2026-08-11T21:51:11Z,29
s012267,u0155,c001,mobile,5.3.0,2026-08-11T21:51:23Z,47
s012268,u0506,c003,mobile,5.3.0,2026-08-11T21:51:49Z,29
s012269,u0005,c004,mobile,5.3.0,2026-08-11T21:53:23Z,10
s012270,u0688,c046,mobile,5.3.0,2026-08-11T21:53:56Z,45
s012271,u0744,c060,tv,,2026-08-11T21:54:39Z,70
s012272,u0687,c042,mobile,5.3.0,2026-08-11T21:55:29Z,19
s012273,u0495,c018,web,,2026-08-11T21:56:20Z,24
s012274,u0790,c031,mobile,5.3.0,2026-08-11T21:56:21Z,17
s012275,u0234,c001,mobile,5.3.0,2026-08-11T21:56:23Z,10
s012276,u0774,c016,tv,,2026-08-11T21:57:20Z,29
s012277,u0675,c001,mobile,5.3.0,2026-08-11T21:57:55Z,8
s012278,u0267,c001,mobile,5.3.0,2026-08-11T21:58:15Z,9
s012279,u0138,c045,mobile,5.3.0,2026-08-11T21:58:25Z,29
s012280,u0129,c006,web,,2026-08-11T21:58:38Z,73
s012281,u0249,c004,tv,,2026-08-11T21:59:09Z,52
s012282,u0715,c029,mobile,5.3.0,2026-08-11T21:59:16Z,30
s012283,u0262,c024,mobile,5.3.0,2026-08-11T21:59:32Z,22
s012284,u0139,c005,web,,2026-08-11T23:01:45Z,35
s012285,u0575,c032,tv,,2026-08-11T23:03:16Z,35
s012286,u0430,c053,mobile,5.3.0,2026-08-11T23:05:33Z,65
s012287,u0506,c010,mobile,5.3.0,2026-08-11T23:06:33Z,27
s012288,u0178,c003,mobile,5.3.0,2026-08-11T23:07:13Z,12
s012289,u0219,c009,mobile,5.3.0,2026-08-11T23:10:13Z,17
s012290,u0627,c043,mobile,5.3.0,2026-08-11T23:10:39Z,4
s012291,u0330,c004,web,,2026-08-11T23:12:08Z,73
s012292,u0591,c038,mobile,5.3.0,2026-08-11T23:15:32Z,57
s012293,u0673,c009,mobile,5.3.0,2026-08-11T23:16:11Z,43
s012294,u0770,c001,tv,,2026-08-11T23:18:20Z,47
s012295,u0055,c024,mobile,5.3.0,2026-08-11T23:18:45Z,23
s012296,u0806,c010,tv,,2026-08-11T23:22:11Z,66
s012297,u0217,c001,tv,,2026-08-11T23:26:00Z,35
s012298,u0371,c059,mobile,5.3.0,2026-08-11T23:26:51Z,29
s012299,u0699,c006,mobile,5.3.0,2026-08-11T23:29:29Z,32
s012300,u0032,c001,mobile,5.3.0,2026-08-11T23:29:47Z,64
s012301,u0070,c041,tv,,2026-08-11T23:29:53Z,17
s012302,u0096,c056,mobile,5.3.0,2026-08-11T23:30:10Z,59
s012303,u0017,c042,web,,2026-08-11T23:30:44Z,43
s012304,u0322,c053,mobile,5.3.0,2026-08-11T23:32:44Z,13
s012305,u0024,c022,web,,2026-08-11T23:34:01Z,15
s012306,u0272,c030,mobile,5.3.0,2026-08-11T23:34:10Z,40
s012307,u0654,c005,web,,2026-08-11T23:34:26Z,34
s012308,u0061,c009,tv,,2026-08-11T23:36:11Z,169
s012309,u0617,c004,mobile,5.3.0,2026-08-11T23:36:15Z,76
s012310,u0030,c003,web,,2026-08-11T23:48:10Z,45
s012311,u0286,c017,mobile,5.3.0,2026-08-11T23:49:38Z,18
s012312,u0775,c002,mobile,5.3.0,2026-08-11T23:50:27Z,16
s012313,u0266,c007,mobile,5.3.0,2026-08-11T23:52:43Z,14
s012314,u0346,c002,mobile,5.3.0,2026-08-11T23:53:03Z,24
s012315,u0265,c015,tv,,2026-08-11T23:54:45Z,83
s012316,u0083,c035,mobile,5.3.0,2026-08-12T08:12:11Z,31
s012317,u0800,c029,mobile,5.3.0,2026-08-12T08:16:18Z,16
s012318,u0881,c023,mobile,5.3.0,2026-08-12T08:17:25Z,11
s012319,u0359,c001,mobile,5.3.0,2026-08-12T08:17:53Z,38
s012320,u0309,c002,mobile,5.3.0,2026-08-12T08:20:55Z,22
s012321,u0377,c028,mobile,5.3.0,2026-08-12T08:22:45Z,26
s012322,u0026,c005,mobile,5.3.0,2026-08-12T08:25:09Z,8
s012323,u0478,c056,tv,,2026-08-12T08:27:53Z,28
s012324,u0217,c060,tv,,2026-08-12T08:30:35Z,9
s012325,u0421,c001,mobile,5.3.0,2026-08-12T08:33:53Z,17
s012326,u0810,c037,mobile,5.3.0,2026-08-12T08:35:27Z,18
s012327,u0694,c003,mobile,5.3.0,2026-08-12T08:42:56Z,33
s012328,u0930,c001,mobile,5.3.0,2026-08-12T08:48:19Z,11
s012329,u0278,c003,mobile,5.3.0,2026-08-12T08:48:34Z,27
s012330,u0873,c006,mobile,5.3.0,2026-08-12T08:55:01Z,6
s012331,u0355,c014,web,,2026-08-12T08:55:23Z,49
s012332,u0222,c035,mobile,5.3.0,2026-08-12T08:56:40Z,10
s012333,u0075,c038,mobile,5.3.0,2026-08-12T12:02:12Z,14
s012334,u0063,c034,mobile,5.3.0,2026-08-12T12:05:20Z,20
s012335,u0271,c001,web,,2026-08-12T12:08:01Z,84
s012336,u0137,c001,tv,,2026-08-12T12:08:23Z,46
s012337,u0602,c001,mobile,5.3.0,2026-08-12T12:09:09Z,15
s012338,u0004,c053,web,,2026-08-12T12:11:47Z,37
s012339,u0667,c004,web,,2026-08-12T12:13:21Z,24
s012340,u0529,c034,mobile,5.3.0,2026-08-12T12:13:56Z,30
s012341,u0487,c033,tv,,2026-08-12T12:14:12Z,94
s012342,u0399,c042,mobile,5.3.0,2026-08-12T12:15:46Z,13
s012343,u0193,c006,web,,2026-08-12T12:16:38Z,89
s012344,u0741,c035,tv,,2026-08-12T12:16:38Z,107
s012345,u0527,c004,tv,,2026-08-12T12:18:11Z,36
s012346,u0802,c001,mobile,5.3.0,2026-08-12T12:18:12Z,14
s012347,u0803,c008,mobile,5.3.0,2026-08-12T12:19:10Z,26
s012348,u0130,c023,mobile,5.3.0,2026-08-12T12:19:47Z,25
s012349,u0129,c004,mobile,5.3.0,2026-08-12T12:23:56Z,15
s012350,u0867,c060,mobile,5.3.0,2026-08-12T12:24:29Z,19
s012351,u0800,c002,mobile,5.3.0,2026-08-12T12:26:18Z,9
s012352,u0601,c043,tv,,2026-08-12T12:29:10Z,43
s012353,u0575,c002,tv,,2026-08-12T12:30:54Z,48
s012354,u0185,c001,mobile,5.3.0,2026-08-12T12:32:07Z,21
s012355,u0741,c012,tv,,2026-08-12T12:33:30Z,90
s012356,u0682,c001,web,,2026-08-12T12:34:32Z,87
s012357,u0714,c004,mobile,5.3.0,2026-08-12T12:34:34Z,27
s012358,u0226,c013,mobile,5.3.0,2026-08-12T12:36:32Z,54
s012359,u0266,c032,web,,2026-08-12T12:36:47Z,24
s012360,u0050,c041,web,,2026-08-12T12:40:46Z,167
s012361,u0027,c002,tv,,2026-08-12T12:41:15Z,89
s012362,u0772,c046,mobile,5.3.0,2026-08-12T12:41:32Z,46
s012363,u0893,c031,mobile,5.3.0,2026-08-12T12:46:26Z,27
s012364,u0138,c002,mobile,5.3.0,2026-08-12T12:48:55Z,39
s012365,u0300,c007,mobile,5.3.0,2026-08-12T12:52:07Z,65
s012366,u0469,c013,tv,,2026-08-12T12:54:28Z,57
s012367,u0788,c004,tv,,2026-08-12T12:56:08Z,29
s012368,u0671,c020,mobile,5.3.0,2026-08-12T12:57:24Z,15
s012369,u0391,c018,web,,2026-08-12T12:57:47Z,51
s012370,u0243,c009,web,,2026-08-12T12:59:41Z,51
s012371,u0199,c005,web,,2026-08-12T12:59:44Z,36
s012372,u0323,c013,tv,,2026-08-12T12:59:53Z,123
s012373,u0541,c051,tv,,2026-08-12T17:00:54Z,91
s012374,u0082,c006,mobile,5.3.0,2026-08-12T17:01:02Z,28
s012375,u0625,c001,web,,2026-08-12T17:01:34Z,21
s012376,u0763,c050,web,,2026-08-12T17:03:15Z,25
s012377,u0540,c023,tv,,2026-08-12T17:07:04Z,48
s012378,u0418,c004,mobile,5.3.0,2026-08-12T17:07:58Z,28
s012379,u0030,c001,web,,2026-08-12T17:08:09Z,90
s012380,u0596,c047,mobile,5.3.0,2026-08-12T17:10:24Z,18
s012381,u0106,c045,web,,2026-08-12T17:11:27Z,16
s012382,u0596,c055,mobile,5.3.0,2026-08-12T17:12:52Z,28
s012383,u0766,c058,web,,2026-08-12T17:13:08Z,102
s012384,u0804,c028,tv,,2026-08-12T17:13:58Z,60
s012385,u0654,c032,web,,2026-08-12T17:14:51Z,47
s012386,u0382,c001,mobile,5.3.0,2026-08-12T17:16:43Z,55
s012387,u0245,c005,tv,,2026-08-12T17:16:56Z,31
s012388,u0682,c002,web,,2026-08-12T17:17:40Z,39
s012389,u0598,c019,web,,2026-08-12T17:18:54Z,21
s012390,u0551,c007,mobile,5.3.0,2026-08-12T17:20:45Z,26
s012391,u0212,c054,web,,2026-08-12T17:21:04Z,19
s012392,u0216,c001,mobile,5.3.0,2026-08-12T17:22:30Z,25
s012393,u0755,c006,tv,,2026-08-12T17:22:59Z,28
s012394,u0964,c004,web,,2026-08-12T17:24:48Z,16
s012395,u0779,c001,web,,2026-08-12T17:26:54Z,14
s012396,u0617,c018,tv,,2026-08-12T17:26:57Z,21
s012397,u0178,c060,web,,2026-08-12T17:30:48Z,10
s012398,u0541,c004,tv,,2026-08-12T17:31:22Z,9
s012399,u0623,c042,web,,2026-08-12T17:32:37Z,33
s012400,u0138,c011,mobile,5.3.0,2026-08-12T17:33:49Z,28
s012401,u0204,c001,mobile,5.3.0,2026-08-12T17:34:32Z,76
s012402,u0231,c001,mobile,5.3.0,2026-08-12T17:35:24Z,21
s012403,u0743,c016,tv,,2026-08-12T17:36:17Z,28
s012404,u0340,c008,tv,,2026-08-12T17:37:40Z,122
s012405,u0283,c013,mobile,5.3.0,2026-08-12T17:39:23Z,8
s012406,u0662,c001,web,,2026-08-12T17:41:35Z,65
s012407,u0372,c007,mobile,5.3.0,2026-08-12T17:43:03Z,10
s012408,u0488,c002,mobile,5.3.0,2026-08-12T17:43:47Z,48
s012409,u0711,c024,mobile,5.3.0,2026-08-12T17:44:08Z,7
s012410,u0027,c012,tv,,2026-08-12T17:44:13Z,24
s012411,u0654,c053,web,,2026-08-12T17:47:08Z,32
s012412,u0944,c044,tv,,2026-08-12T17:48:38Z,68
s012413,u0066,c008,web,,2026-08-12T17:48:50Z,20
s012414,u0555,c050,web,,2026-08-12T17:49:00Z,63
s012415,u0565,c027,mobile,5.3.0,2026-08-12T17:49:35Z,18
s012416,u0037,c043,tv,,2026-08-12T17:52:05Z,77
s012417,u0355,c004,web,,2026-08-12T17:54:38Z,54
s012418,u0725,c050,mobile,5.3.0,2026-08-12T17:55:47Z,45
s012419,u0002,c006,mobile,5.3.0,2026-08-12T17:59:07Z,24
s012420,u0878,c005,mobile,5.3.0,2026-08-12T19:00:24Z,27
s012421,u0665,c002,mobile,5.3.0,2026-08-12T19:00:50Z,33
s012422,u0117,c004,mobile,5.3.0,2026-08-12T19:00:54Z,37
s012423,u0570,c001,mobile,5.3.0,2026-08-12T19:01:45Z,37
s012424,u0510,c002,mobile,5.3.0,2026-08-12T19:02:04Z,28
s012425,u0076,c003,mobile,5.3.0,2026-08-12T19:02:57Z,30
s012426,u0741,c025,tv,,2026-08-12T19:03:19Z,45
s012427,u0704,c032,tv,,2026-08-12T19:04:47Z,25
s012428,u0725,c008,mobile,5.3.0,2026-08-12T19:05:28Z,72
s012429,u0161,c032,tv,,2026-08-12T19:05:37Z,32
s012430,u0802,c053,mobile,5.3.0,2026-08-12T19:05:41Z,27
s012431,u0239,c004,tv,,2026-08-12T19:07:51Z,90
s012432,u0061,c010,tv,,2026-08-12T19:08:03Z,72
s012433,u0012,c010,web,,2026-08-12T19:08:18Z,21
s012434,u0217,c013,tv,,2026-08-12T19:08:20Z,95
s012435,u0216,c002,mobile,5.3.0,2026-08-12T19:08:27Z,19
s012436,u0253,c055,tv,,2026-08-12T19:10:20Z,103
s012437,u0111,c001,mobile,5.3.0,2026-08-12T19:10:49Z,13
s012438,u0014,c001,web,,2026-08-12T19:11:09Z,46
s012439,u0171,c008,mobile,5.3.0,2026-08-12T19:11:22Z,20
s012440,u0430,c019,mobile,5.3.0,2026-08-12T19:12:13Z,17
s012441,u0589,c001,tv,,2026-08-12T19:13:25Z,7
s012442,u0771,c027,tv,,2026-08-12T19:13:43Z,18
s012443,u0208,c016,tv,,2026-08-12T19:14:00Z,20
s012444,u0930,c021,tv,,2026-08-12T19:14:08Z,33
s012445,u0245,c002,tv,,2026-08-12T19:14:30Z,34
s012446,u0710,c011,tv,,2026-08-12T19:16:11Z,16
s012447,u0412,c042,web,,2026-08-12T19:16:14Z,136
s012448,u0502,c004,tv,,2026-08-12T19:16:44Z,57
s012449,u0740,c037,mobile,5.3.0,2026-08-12T19:18:49Z,23
s012450,u0861,c002,tv,,2026-08-12T19:19:53Z,24
s012451,u0872,c023,mobile,5.3.0,2026-08-12T19:20:00Z,28
s012452,u0682,c009,web,,2026-08-12T19:20:40Z,18
s012453,u0410,c016,web,,2026-08-12T19:20:46Z,29
s012454,u0699,c009,web,,2026-08-12T19:21:09Z,51
s012455,u0076,c030,tv,,2026-08-12T19:21:17Z,31
s012456,u0434,c004,mobile,5.3.0,2026-08-12T19:21:22Z,13
s012457,u0855,c002,web,,2026-08-12T19:21:38Z,18
s012458,u0508,c002,web,,2026-08-12T19:22:43Z,81
s012459,u0619,c008,tv,,2026-08-12T19:24:53Z,22
s012460,u0508,c001,web,,2026-08-12T19:25:09Z,240
s012461,u0086,c027,mobile,5.3.0,2026-08-12T19:25:14Z,36
s012462,u0774,c032,mobile,5.3.0,2026-08-12T19:25:22Z,23
s012463,u0789,c054,mobile,5.3.0,2026-08-12T19:25:44Z,11
s012464,u0253,c011,tv,,2026-08-12T19:26:01Z,49
s012465,u0758,c008,tv,,2026-08-12T19:26:32Z,39
s012466,u0429,c002,tv,,2026-08-12T19:26:56Z,32
s012467,u0584,c059,web,,2026-08-12T19:27:48Z,25
s012468,u0555,c048,mobile,5.3.0,2026-08-12T19:28:57Z,13
s012469,u0793,c002,tv,,2026-08-12T19:29:33Z,39
s012470,u0670,c008,tv,,2026-08-12T19:29:38Z,50
s012471,u0665,c014,mobile,5.3.0,2026-08-12T19:29:52Z,51
s012472,u0266,c022,mobile,5.3.0,2026-08-12T19:30:08Z,32
s012473,u0703,c011,web,,2026-08-12T19:31:48Z,47
s012474,u0156,c006,tv,,2026-08-12T19:32:15Z,75
s012475,u0049,c001,web,,2026-08-12T19:33:17Z,14
s012476,u0221,c014,mobile,5.3.0,2026-08-12T19:34:56Z,9
s012477,u0877,c008,mobile,5.3.0,2026-08-12T19:35:37Z,22
s012478,u0178,c008,web,,2026-08-12T19:35:56Z,75
s012479,u0782,c010,web,,2026-08-12T19:36:26Z,52
s012480,u0780,c002,tv,,2026-08-12T19:36:44Z,59
s012481,u0369,c025,tv,,2026-08-12T19:36:48Z,52
s012482,u0416,c026,tv,,2026-08-12T19:37:58Z,32
s012483,u0222,c008,mobile,5.3.0,2026-08-12T19:38:19Z,13
s012484,u0274,c022,mobile,5.3.0,2026-08-12T19:39:23Z,13
s012485,u0535,c042,mobile,5.3.0,2026-08-12T19:40:33Z,49
s012486,u0377,c007,mobile,5.3.0,2026-08-12T19:40:34Z,13
s012487,u0583,c005,mobile,5.3.0,2026-08-12T19:41:03Z,10
s012488,u0651,c003,tv,,2026-08-12T19:41:07Z,42
s012489,u0230,c027,mobile,5.3.0,2026-08-12T19:41:14Z,45
s012490,u0172,c011,web,,2026-08-12T19:41:23Z,22
s012491,u0317,c002,web,,2026-08-12T19:42:20Z,25
s012492,u0744,c060,tv,,2026-08-12T19:42:32Z,59
s012493,u0547,c003,mobile,5.3.0,2026-08-12T19:42:51Z,10
s012494,u0079,c024,tv,,2026-08-12T19:43:01Z,9
s012495,u0189,c009,mobile,5.3.0,2026-08-12T19:43:09Z,6
s012496,u0508,c016,web,,2026-08-12T19:43:18Z,40
s012497,u0602,c025,mobile,5.3.0,2026-08-12T19:44:06Z,14
s012498,u0688,c003,mobile,5.3.0,2026-08-12T19:44:32Z,44
s012499,u0864,c004,mobile,5.3.0,2026-08-12T19:44:41Z,17
s012500,u0370,c001,mobile,5.3.0,2026-08-12T19:46:14Z,55
s012501,u0189,c002,mobile,5.3.0,2026-08-12T19:46:33Z,18
s012502,u0651,c004,tv,,2026-08-12T19:47:52Z,58
s012503,u0464,c059,tv,,2026-08-12T19:47:58Z,61
s012504,u0631,c036,mobile,5.3.0,2026-08-12T19:48:04Z,47
s012505,u0159,c043,mobile,5.3.0,2026-08-12T19:48:22Z,18
s012506,u0371,c011,tv,,2026-08-12T19:48:40Z,50
s012507,u0434,c012,mobile,5.3.0,2026-08-12T19:49:25Z,16
s012508,u0042,c057,tv,,2026-08-12T19:49:51Z,75
s012509,u0359,c001,mobile,5.3.0,2026-08-12T19:50:10Z,27
s012510,u0454,c001,tv,,2026-08-12T19:50:45Z,16
s012511,u0012,c006,web,,2026-08-12T19:51:12Z,32
s012512,u0179,c051,tv,,2026-08-12T19:51:17Z,67
s012513,u0792,c013,tv,,2026-08-12T19:52:18Z,38
s012514,u0059,c012,tv,,2026-08-12T19:52:40Z,28
s012515,u0714,c001,mobile,5.3.0,2026-08-12T19:54:47Z,11
s012516,u0545,c001,tv,,2026-08-12T19:55:32Z,31
s012517,u0313,c001,tv,,2026-08-12T19:56:45Z,17
s012518,u0296,c014,mobile,5.3.0,2026-08-12T19:57:11Z,39
s012519,u0430,c020,mobile,5.3.0,2026-08-12T19:58:20Z,51
s012520,u0186,c001,mobile,5.3.0,2026-08-12T21:01:16Z,18
s012521,u0191,c027,web,,2026-08-12T21:01:28Z,8
s012522,u0742,c021,mobile,5.3.0,2026-08-12T21:01:36Z,43
s012523,u0025,c002,mobile,5.3.0,2026-08-12T21:01:55Z,17
s012524,u0681,c037,web,,2026-08-12T21:02:27Z,62
s012525,u0221,c002,mobile,5.3.0,2026-08-12T21:03:00Z,10
s012526,u0343,c025,web,,2026-08-12T21:03:09Z,34
s012527,u0674,c060,web,,2026-08-12T21:03:28Z,31
s012528,u0496,c001,mobile,5.3.0,2026-08-12T21:03:41Z,5
s012529,u0475,c009,tv,,2026-08-12T21:03:57Z,85
s012530,u0178,c015,web,,2026-08-12T21:04:27Z,51
s012531,u0811,c004,web,,2026-08-12T21:05:12Z,12
s012532,u0475,c024,tv,,2026-08-12T21:05:47Z,58
s012533,u0637,c025,mobile,5.3.0,2026-08-12T21:06:12Z,12
s012534,u0083,c047,tv,,2026-08-12T21:06:38Z,65
s012535,u0774,c029,mobile,5.3.0,2026-08-12T21:08:19Z,28
s012536,u0418,c017,mobile,5.3.0,2026-08-12T21:09:05Z,44
s012537,u0671,c029,tv,,2026-08-12T21:09:15Z,40
s012538,u0166,c050,web,,2026-08-12T21:09:18Z,11
s012539,u0173,c060,tv,,2026-08-12T21:09:26Z,27
s012540,u0413,c011,web,,2026-08-12T21:09:45Z,40
s012541,u0719,c031,mobile,5.3.0,2026-08-12T21:10:25Z,23
s012542,u0574,c002,mobile,5.3.0,2026-08-12T21:10:29Z,9
s012543,u0358,c004,mobile,5.3.0,2026-08-12T21:11:13Z,14
s012544,u0226,c001,mobile,5.3.0,2026-08-12T21:11:43Z,15
s012545,u0158,c008,web,,2026-08-12T21:12:37Z,30
s012546,u0968,c004,mobile,5.3.0,2026-08-12T21:12:41Z,9
s012547,u0673,c007,mobile,5.3.0,2026-08-12T21:12:57Z,31
s012548,u0398,c012,mobile,5.3.0,2026-08-12T21:13:17Z,14
s012549,u0565,c001,web,,2026-08-12T21:13:31Z,51
s012550,u0792,c059,tv,,2026-08-12T21:13:32Z,57
s012551,u0485,c032,tv,,2026-08-12T21:14:07Z,35
s012552,u0409,c002,web,,2026-08-12T21:14:18Z,39
s012553,u0741,c033,mobile,5.3.0,2026-08-12T21:14:32Z,23
s012554,u0105,c003,web,,2026-08-12T21:14:52Z,36
s012555,u0216,c002,mobile,5.3.0,2026-08-12T21:16:05Z,9
s012556,u0655,c047,mobile,5.3.0,2026-08-12T21:16:45Z,16
s012557,u0890,c004,mobile,5.3.0,2026-08-12T21:18:02Z,12
s012558,u0692,c001,mobile,5.3.0,2026-08-12T21:19:23Z,36
s012559,u0037,c051,tv,,2026-08-12T21:21:00Z,199
s012560,u0253,c011,tv,,2026-08-12T21:21:21Z,24
s012561,u0723,c043,mobile,5.3.0,2026-08-12T21:21:25Z,36
s012562,u0197,c005,tv,,2026-08-12T21:21:54Z,45
s012563,u0617,c019,tv,,2026-08-12T21:22:36Z,43
s012564,u0160,c024,web,,2026-08-12T21:24:21Z,20
s012565,u0168,c013,mobile,5.3.0,2026-08-12T21:24:28Z,31
s012566,u0659,c025,web,,2026-08-12T21:24:55Z,43
s012567,u0624,c024,mobile,5.3.0,2026-08-12T21:25:21Z,26
s012568,u0356,c039,mobile,5.3.0,2026-08-12T21:25:44Z,23
s012569,u0339,c011,tv,,2026-08-12T21:26:37Z,151
s012570,u0330,c011,web,,2026-08-12T21:26:39Z,28
s012571,u0179,c017,tv,,2026-08-12T21:26:43Z,33
s012572,u0753,c003,tv,,2026-08-12T21:27:49Z,40
s012573,u0395,c001,tv,,2026-08-12T21:30:12Z,90
s012574,u0420,c001,web,,2026-08-12T21:30:27Z,28
s012575,u0099,c003,web,,2026-08-12T21:31:45Z,55
s012576,u0703,c009,web,,2026-08-12T21:31:46Z,13
s012577,u0245,c014,tv,,2026-08-12T21:32:12Z,64
s012578,u0771,c003,tv,,2026-08-12T21:33:38Z,65
s012579,u0313,c010,tv,,2026-08-12T21:34:13Z,47
s012580,u0214,c022,mobile,5.3.0,2026-08-12T21:34:38Z,41
s012581,u0763,c045,web,,2026-08-12T21:34:39Z,35
s012582,u0172,c001,web,,2026-08-12T21:34:44Z,17
s012583,u0263,c055,mobile,5.3.0,2026-08-12T21:35:31Z,10
s012584,u0124,c015,mobile,5.3.0,2026-08-12T21:37:25Z,27
s012585,u0234,c031,mobile,5.3.0,2026-08-12T21:38:53Z,10
s012586,u0723,c023,mobile,5.3.0,2026-08-12T21:39:48Z,11
s012587,u0580,c008,mobile,5.3.0,2026-08-12T21:40:16Z,35
s012588,u0346,c010,mobile,5.3.0,2026-08-12T21:40:20Z,18
s012589,u0362,c001,tv,,2026-08-12T21:41:10Z,34
s012590,u0028,c006,tv,,2026-08-12T21:41:25Z,32
s012591,u0807,c004,mobile,5.3.0,2026-08-12T21:43:34Z,15
s012592,u0944,c026,mobile,5.3.0,2026-08-12T21:44:23Z,39
s012593,u0650,c003,mobile,5.3.0,2026-08-12T21:44:54Z,11
s012594,u0630,c017,mobile,5.3.0,2026-08-12T21:44:57Z,28
s012595,u0175,c023,web,,2026-08-12T21:45:27Z,33
s012596,u0782,c003,tv,,2026-08-12T21:46:02Z,137
s012597,u0929,c007,mobile,5.3.0,2026-08-12T21:46:29Z,27
s012598,u0066,c003,web,,2026-08-12T21:47:12Z,31
s012599,u0204,c026,mobile,5.3.0,2026-08-12T21:47:59Z,7
s012600,u0322,c001,mobile,5.3.0,2026-08-12T21:49:00Z,24
s012601,u0039,c018,tv,,2026-08-12T21:49:16Z,47
s012602,u0412,c003,web,,2026-08-12T21:50:20Z,70
s012603,u0076,c048,tv,,2026-08-12T21:50:32Z,48
s012604,u0433,c036,mobile,5.3.0,2026-08-12T21:52:33Z,29
s012605,u0031,c004,mobile,5.3.0,2026-08-12T21:53:22Z,5
s012606,u0391,c003,mobile,5.3.0,2026-08-12T21:53:23Z,58
s012607,u0695,c002,web,,2026-08-12T21:54:27Z,62
s012608,u0217,c025,tv,,2026-08-12T21:54:33Z,14
s012609,u0689,c038,tv,,2026-08-12T21:54:47Z,33
s012610,u0497,c020,mobile,5.3.0,2026-08-12T21:54:52Z,23
s012611,u0704,c001,tv,,2026-08-12T21:55:28Z,35
s012612,u0496,c013,mobile,5.3.0,2026-08-12T21:56:22Z,28
s012613,u0018,c001,tv,,2026-08-12T21:56:43Z,49
s012614,u0362,c015,tv,,2026-08-12T21:58:29Z,89
s012615,u0099,c050,web,,2026-08-12T21:59:00Z,22
s012616,u0436,c003,mobile,5.3.0,2026-08-12T21:59:02Z,10
s012617,u0702,c001,tv,,2026-08-12T21:59:04Z,24
s012618,u0770,c008,tv,,2026-08-12T21:59:38Z,33
s012619,u0106,c010,web,,2026-08-12T23:01:19Z,27
s012620,u0726,c003,web,,2026-08-12T23:04:29Z,23
s012621,u0128,c021,tv,,2026-08-12T23:09:17Z,35
s012622,u0136,c034,mobile,5.3.0,2026-08-12T23:09:17Z,11
s012623,u0512,c047,web,,2026-08-12T23:12:46Z,71
s012624,u0225,c006,web,,2026-08-12T23:14:46Z,25
s012625,u0216,c033,mobile,5.3.0,2026-08-12T23:16:55Z,14
s012626,u0612,c048,tv,,2026-08-12T23:18:17Z,21
s012627,u0658,c012,mobile,5.3.0,2026-08-12T23:18:34Z,36
s012628,u0594,c005,mobile,5.3.0,2026-08-12T23:18:41Z,35
s012629,u0697,c001,tv,,2026-08-12T23:22:07Z,46
s012630,u0520,c013,tv,,2026-08-12T23:24:05Z,34
s012631,u0437,c023,mobile,5.3.0,2026-08-12T23:27:13Z,13
s012632,u0606,c005,mobile,5.3.0,2026-08-12T23:30:44Z,13
s012633,u0609,c002,mobile,5.3.0,2026-08-12T23:32:02Z,31
s012634,u0187,c014,web,,2026-08-12T23:34:00Z,36
s012635,u0491,c001,web,,2026-08-12T23:34:04Z,31
s012636,u0499,c035,web,,2026-08-12T23:35:26Z,117
s012637,u0273,c003,web,,2026-08-12T23:51:17Z,22
s012638,u0332,c002,mobile,5.3.0,2026-08-12T23:53:26Z,10
s012639,u0382,c001,tv,,2026-08-12T23:53:55Z,107
s012640,u0196,c006,tv,,2026-08-13T08:04:23Z,69
s012641,u0042,c001,tv,,2026-08-13T08:07:30Z,46
s012642,u0887,c023,mobile,5.3.0,2026-08-13T08:11:45Z,18
s012643,u0476,c025,tv,,2026-08-13T08:11:52Z,29
s012644,u0707,c003,mobile,5.3.0,2026-08-13T08:19:13Z,11
s012645,u0815,c001,mobile,5.3.0,2026-08-13T08:19:56Z,17
s012646,u0396,c005,tv,,2026-08-13T08:22:13Z,26
s012647,u0122,c003,web,,2026-08-13T08:23:22Z,82
s012648,u0658,c001,mobile,5.3.0,2026-08-13T08:23:48Z,30
s012649,u0783,c002,tv,,2026-08-13T08:32:05Z,15
s012650,u0312,c004,tv,,2026-08-13T08:32:53Z,83
s012651,u0774,c006,mobile,5.3.0,2026-08-13T08:33:35Z,26
s012652,u0518,c016,tv,,2026-08-13T08:36:00Z,26
s012653,u0434,c007,mobile,5.3.0,2026-08-13T08:36:06Z,10
s012654,u0015,c011,tv,,2026-08-13T08:40:33Z,41
s012655,u0562,c001,tv,,2026-08-13T08:48:36Z,74
s012656,u0905,c014,mobile,5.3.0,2026-08-13T08:49:32Z,7
s012657,u0704,c018,tv,,2026-08-13T08:50:54Z,24
s012658,u0031,c049,mobile,5.3.0,2026-08-13T08:53:52Z,10
s012659,u0103,c025,tv,,2026-08-13T08:55:23Z,72
s012660,u0682,c001,web,,2026-08-13T12:02:27Z,87
s012661,u0641,c025,web,,2026-08-13T12:02:51Z,14
s012662,u0177,c001,mobile,5.3.0,2026-08-13T12:05:50Z,36
s012663,u0495,c008,web,,2026-08-13T12:07:59Z,31
s012664,u0386,c033,mobile,5.3.0,2026-08-13T12:08:34Z,18
s012665,u0671,c001,mobile,5.3.0,2026-08-13T12:09:53Z,53
s012666,u0545,c002,tv,,2026-08-13T12:10:33Z,41
s012667,u0349,c001,tv,,2026-08-13T12:12:34Z,51
s012668,u0427,c001,web,,2026-08-13T12:13:03Z,26
s012669,u0444,c002,mobile,5.3.0,2026-08-13T12:15:04Z,34
s012670,u0523,c020,web,,2026-08-13T12:16:23Z,30
s012671,u0386,c001,mobile,5.3.0,2026-08-13T12:17:30Z,87
s012672,u0447,c018,mobile,5.3.0,2026-08-13T12:18:07Z,36
s012673,u0128,c032,tv,,2026-08-13T12:18:45Z,34
s012674,u0265,c001,tv,,2026-08-13T12:21:19Z,67
s012675,u0395,c004,tv,,2026-08-13T12:25:14Z,92
s012676,u0451,c006,mobile,5.3.0,2026-08-13T12:26:54Z,22
s012677,u0357,c012,mobile,5.3.0,2026-08-13T12:27:59Z,7
s012678,u0651,c002,tv,,2026-08-13T12:33:58Z,86
s012679,u0283,c008,mobile,5.3.0,2026-08-13T12:34:15Z,16
s012680,u0484,c005,mobile,5.3.0,2026-08-13T12:35:32Z,12
s012681,u0151,c025,mobile,5.3.0,2026-08-13T12:39:09Z,23
s012682,u0735,c002,mobile,5.3.0,2026-08-13T12:39:48Z,26
s012683,u0194,c005,web,,2026-08-13T12:42:52Z,30
s012684,u0478,c015,mobile,5.3.0,2026-08-13T12:46:35Z,16
s012685,u0757,c002,mobile,5.3.0,2026-08-13T12:47:16Z,25
s012686,u0195,c001,web,,2026-08-13T12:49:55Z,22
s012687,u0607,c052,tv,,2026-08-13T12:55:41Z,28
s012688,u0600,c051,web,,2026-08-13T12:56:32Z,23
s012689,u0056,c008,tv,,2026-08-13T12:57:26Z,44
s012690,u0639,c005,web,,2026-08-13T12:58:43Z,13
s012691,u0430,c009,mobile,5.3.0,2026-08-13T12:59:17Z,22
s012692,u0636,c007,tv,,2026-08-13T17:00:47Z,40
s012693,u0211,c005,mobile,5.3.0,2026-08-13T17:01:56Z,21
s012694,u0629,c017,tv,,2026-08-13T17:02:37Z,10
s012695,u0650,c008,mobile,5.3.0,2026-08-13T17:05:56Z,40
s012696,u0635,c012,web,,2026-08-13T17:07:25Z,20
s012697,u0806,c007,web,,2026-08-13T17:09:51Z,21
s012698,u0099,c004,web,,2026-08-13T17:10:19Z,38
s012699,u0385,c053,web,,2026-08-13T17:10:36Z,55
s012700,u0097,c003,mobile,5.3.0,2026-08-13T17:10:51Z,19
s012701,u0457,c015,tv,,2026-08-13T17:10:53Z,79
s012702,u0198,c005,mobile,5.3.0,2026-08-13T17:13:00Z,18
s012703,u0478,c050,tv,,2026-08-13T17:14:11Z,29
s012704,u0273,c057,web,,2026-08-13T17:15:20Z,37
s012705,u0883,c032,mobile,5.3.0,2026-08-13T17:15:37Z,6
s012706,u0737,c001,mobile,5.3.0,2026-08-13T17:15:56Z,22
s012707,u0408,c035,tv,,2026-08-13T17:18:30Z,71
s012708,u0656,c056,web,,2026-08-13T17:19:28Z,6
s012709,u0669,c042,tv,,2026-08-13T17:21:45Z,106
s012710,u0777,c001,tv,,2026-08-13T17:22:53Z,66
s012711,u0677,c033,mobile,5.3.0,2026-08-13T17:24:19Z,8
s012712,u0011,c017,tv,,2026-08-13T17:29:44Z,17
s012713,u0202,c035,web,,2026-08-13T17:30:16Z,134
s012714,u0585,c005,mobile,5.3.0,2026-08-13T17:30:38Z,13
s012715,u0624,c017,mobile,5.3.0,2026-08-13T17:31:18Z,42
s012716,u0748,c012,mobile,5.3.0,2026-08-13T17:31:29Z,18
s012717,u0366,c002,mobile,5.3.0,2026-08-13T17:31:49Z,25
s012718,u0275,c033,web,,2026-08-13T17:32:09Z,65
s012719,u0629,c001,tv,,2026-08-13T17:34:22Z,120
s012720,u0806,c054,web,,2026-08-13T17:34:36Z,15
s012721,u0057,c007,mobile,5.3.0,2026-08-13T17:37:03Z,29
s012722,u0113,c032,web,,2026-08-13T17:38:10Z,39
s012723,u0820,c005,mobile,5.3.0,2026-08-13T17:40:37Z,9
s012724,u0426,c001,mobile,5.3.0,2026-08-13T17:43:56Z,13
s012725,u0434,c002,mobile,5.3.0,2026-08-13T17:45:35Z,13
s012726,u0601,c033,tv,,2026-08-13T17:46:32Z,240
s012727,u0892,c009,tv,,2026-08-13T17:47:12Z,6
s012728,u0082,c045,mobile,5.3.0,2026-08-13T17:47:37Z,21
s012729,u0482,c023,web,,2026-08-13T17:49:02Z,60
s012730,u0046,c001,web,,2026-08-13T17:49:09Z,71
s012731,u0291,c003,web,,2026-08-13T17:49:11Z,114
s012732,u0263,c002,mobile,5.3.0,2026-08-13T17:51:08Z,17
s012733,u0650,c008,tv,,2026-08-13T17:51:12Z,24
s012734,u0161,c013,tv,,2026-08-13T17:52:41Z,35
s012735,u0119,c021,mobile,5.3.0,2026-08-13T17:53:04Z,14
s012736,u0431,c011,mobile,5.3.0,2026-08-13T17:54:00Z,14
s012737,u0782,c006,web,,2026-08-13T17:54:44Z,26
s012738,u0399,c011,mobile,5.3.0,2026-08-13T17:57:43Z,22
s012739,u0340,c015,web,,2026-08-13T17:59:42Z,25
s012740,u0097,c008,mobile,5.3.0,2026-08-13T19:00:24Z,8
s012741,u0524,c012,mobile,5.3.0,2026-08-13T19:01:45Z,50
s012742,u0346,c032,mobile,5.3.0,2026-08-13T19:02:34Z,16
s012743,u0479,c052,mobile,5.3.0,2026-08-13T19:04:44Z,23
s012744,u0622,c022,mobile,5.3.0,2026-08-13T19:05:35Z,45
s012745,u0733,c003,web,,2026-08-13T19:05:38Z,27
s012746,u0134,c001,tv,,2026-08-13T19:06:07Z,29
s012747,u0454,c005,web,,2026-08-13T19:06:24Z,57
s012748,u0607,c004,mobile,5.3.0,2026-08-13T19:06:58Z,10
s012749,u0332,c014,mobile,5.3.0,2026-08-13T19:07:07Z,19
s012750,u0766,c009,mobile,5.3.0,2026-08-13T19:08:11Z,43
s012751,u0705,c039,tv,,2026-08-13T19:08:21Z,66
s012752,u0945,c019,mobile,5.3.0,2026-08-13T19:08:27Z,4
s012753,u0185,c005,mobile,5.3.0,2026-08-13T19:10:12Z,23
s012754,u0478,c009,web,,2026-08-13T19:11:20Z,38
s012755,u0774,c008,tv,,2026-08-13T19:12:15Z,33
s012756,u0939,c029,mobile,5.3.0,2026-08-13T19:12:44Z,7
s012757,u0792,c003,tv,,2026-08-13T19:12:58Z,41
s012758,u0415,c005,tv,,2026-08-13T19:13:06Z,84
s012759,u0509,c009,mobile,5.3.0,2026-08-13T19:13:48Z,25
s012760,u0453,c001,mobile,5.3.0,2026-08-13T19:15:36Z,22
s012761,u0710,c001,tv,,2026-08-13T19:16:28Z,11
s012762,u0245,c008,mobile,5.3.0,2026-08-13T19:16:38Z,9
s012763,u0375,c003,tv,,2026-08-13T19:18:02Z,51
s012764,u0195,c015,web,,2026-08-13T19:18:39Z,31
s012765,u0199,c036,web,,2026-08-13T19:20:32Z,21
s012766,u0967,c050,mobile,5.3.0,2026-08-13T19:20:48Z,13
s012767,u0808,c011,tv,,2026-08-13T19:20:58Z,173
s012768,u0628,c001,tv,,2026-08-13T19:20:59Z,26
s012769,u0018,c016,tv,,2026-08-13T19:21:04Z,32
s012770,u0704,c039,tv,,2026-08-13T19:21:18Z,59
s012771,u0359,c010,mobile,5.3.0,2026-08-13T19:21:19Z,16
s012772,u0105,c012,web,,2026-08-13T19:21:57Z,23
s012773,u0358,c012,mobile,5.3.0,2026-08-13T19:22:31Z,21
s012774,u0727,c005,mobile,5.3.0,2026-08-13T19:22:57Z,10
s012775,u0158,c001,web,,2026-08-13T19:23:05Z,46
s012776,u0413,c001,mobile,5.3.0,2026-08-13T19:23:05Z,24
s012777,u0390,c016,web,,2026-08-13T19:23:56Z,34
s012778,u0771,c024,tv,,2026-08-13T19:25:35Z,54
s012779,u0029,c059,tv,,2026-08-13T19:25:43Z,200
s012780,u0085,c035,mobile,5.3.0,2026-08-13T19:26:48Z,31
s012781,u0420,c003,web,,2026-08-13T19:26:53Z,20
s012782,u0165,c006,mobile,5.3.0,2026-08-13T19:27:13Z,31
s012783,u0590,c006,tv,,2026-08-13T19:27:32Z,35
s012784,u0560,c001,mobile,5.3.0,2026-08-13T19:27:46Z,19
s012785,u0748,c019,tv,,2026-08-13T19:28:36Z,240
s012786,u0087,c001,mobile,5.3.0,2026-08-13T19:28:52Z,51
s012787,u0763,c004,web,,2026-08-13T19:28:55Z,44
s012788,u0251,c003,web,,2026-08-13T19:29:16Z,40
s012789,u0426,c004,mobile,5.3.0,2026-08-13T19:29:49Z,16
s012790,u0083,c010,mobile,5.3.0,2026-08-13T19:30:39Z,22
s012791,u0859,c007,mobile,5.3.0,2026-08-13T19:31:09Z,4
s012792,u0459,c017,mobile,5.3.0,2026-08-13T19:32:27Z,12
s012793,u0423,c034,mobile,5.3.0,2026-08-13T19:32:34Z,9
s012794,u0930,c027,mobile,5.3.0,2026-08-13T19:32:54Z,23
s012795,u0248,c043,mobile,5.3.0,2026-08-13T19:33:14Z,74
s012796,u0663,c022,web,,2026-08-13T19:33:57Z,13
s012797,u0229,c020,tv,,2026-08-13T19:34:56Z,142
s012798,u0613,c002,web,,2026-08-13T19:35:25Z,39
s012799,u0226,c005,mobile,5.3.0,2026-08-13T19:37:26Z,31
s012800,u0302,c001,tv,,2026-08-13T19:37:39Z,61
s012801,u0538,c033,web,,2026-08-13T19:37:41Z,45
s012802,u0957,c012,mobile,5.3.0,2026-08-13T19:39:19Z,14
s012803,u0694,c010,mobile,5.3.0,2026-08-13T19:41:11Z,11
s012804,u0309,c010,tv,,2026-08-13T19:42:58Z,114
s012805,u0030,c017,web,,2026-08-13T19:43:15Z,64
s012806,u0253,c001,mobile,5.3.0,2026-08-13T19:44:35Z,19
s012807,u0453,c045,mobile,5.3.0,2026-08-13T19:45:53Z,20
s012808,u0400,c012,mobile,5.3.0,2026-08-13T19:46:05Z,32
s012809,u0272,c001,mobile,5.3.0,2026-08-13T19:46:23Z,16
s012810,u0606,c030,mobile,5.3.0,2026-08-13T19:48:49Z,19
s012811,u0448,c028,mobile,5.3.0,2026-08-13T19:50:25Z,20
s012812,u0699,c003,mobile,5.3.0,2026-08-13T19:51:31Z,17
s012813,u0579,c015,web,,2026-08-13T19:52:13Z,31
s012814,u0230,c001,mobile,5.3.0,2026-08-13T19:52:37Z,11
s012815,u0687,c004,mobile,5.3.0,2026-08-13T19:52:59Z,40
s012816,u0528,c027,web,,2026-08-13T19:55:12Z,47
s012817,u0185,c001,mobile,5.3.0,2026-08-13T19:55:13Z,13
s012818,u0013,c002,tv,,2026-08-13T19:55:17Z,22
s012819,u0780,c001,mobile,5.3.0,2026-08-13T19:56:48Z,24
s012820,u0329,c022,web,,2026-08-13T19:57:59Z,56
s012821,u0539,c002,web,,2026-08-13T21:00:32Z,69
s012822,u0857,c052,mobile,5.3.0,2026-08-13T21:01:02Z,7
s012823,u0249,c040,tv,,2026-08-13T21:01:42Z,32
s012824,u0661,c023,tv,,2026-08-13T21:02:43Z,45
s012825,u0804,c030,tv,,2026-08-13T21:02:47Z,22
s012826,u0015,c050,web,,2026-08-13T21:03:06Z,43
s012827,u0532,c025,web,,2026-08-13T21:03:06Z,26
s012828,u0901,c042,web,,2026-08-13T21:03:32Z,55
s012829,u0359,c003,mobile,5.3.0,2026-08-13T21:03:36Z,47
s012830,u0168,c019,tv,,2026-08-13T21:03:53Z,14
s012831,u0169,c033,tv,,2026-08-13T21:04:00Z,58
s012832,u0324,c001,tv,,2026-08-13T21:04:07Z,240
s012833,u0671,c027,mobile,5.3.0,2026-08-13T21:04:43Z,16
s012834,u0168,c031,tv,,2026-08-13T21:04:53Z,5
s012835,u0430,c050,mobile,5.3.0,2026-08-13T21:05:09Z,27
s012836,u0540,c004,tv,,2026-08-13T21:05:46Z,32
s012837,u0366,c001,mobile,5.3.0,2026-08-13T21:06:02Z,28
s012838,u0867,c032,mobile,5.3.0,2026-08-13T21:06:35Z,15
s012839,u0026,c051,web,,2026-08-13T21:06:53Z,10
s012840,u0608,c003,web,,2026-08-13T21:07:20Z,17
s012841,u0344,c023,web,,2026-08-13T21:07:55Z,30
s012842,u0591,c001,mobile,5.3.0,2026-08-13T21:09:04Z,11
s012843,u0166,c031,tv,,2026-08-13T21:09:41Z,81
s012844,u0329,c034,web,,2026-08-13T21:09:42Z,12
s012845,u0449,c001,mobile,5.3.0,2026-08-13T21:10:43Z,48
s012846,u0377,c011,mobile,5.3.0,2026-08-13T21:10:58Z,27
s012847,u0810,c012,mobile,5.3.0,2026-08-13T21:11:24Z,11
s012848,u0423,c009,mobile,5.3.0,2026-08-13T21:11:59Z,8
s012849,u0695,c035,web,,2026-08-13T21:12:35Z,33
s012850,u0396,c009,tv,,2026-08-13T21:12:57Z,77
s012851,u0359,c049,mobile,5.3.0,2026-08-13T21:13:36Z,32
s012852,u0783,c004,tv,,2026-08-13T21:14:07Z,127
s012853,u0569,c049,mobile,5.3.0,2026-08-13T21:16:37Z,6
s012854,u0190,c020,mobile,5.3.0,2026-08-13T21:18:16Z,40
s012855,u0004,c015,mobile,5.3.0,2026-08-13T21:19:23Z,7
s012856,u0334,c019,mobile,5.3.0,2026-08-13T21:19:55Z,16
s012857,u0396,c016,tv,,2026-08-13T21:20:11Z,86
s012858,u0508,c001,tv,,2026-08-13T21:20:15Z,66
s012859,u0785,c017,mobile,5.3.0,2026-08-13T21:20:31Z,72
s012860,u0466,c018,tv,,2026-08-13T21:20:57Z,40
s012861,u0621,c008,mobile,5.3.0,2026-08-13T21:20:57Z,15
s012862,u0624,c009,mobile,5.3.0,2026-08-13T21:22:34Z,9
s012863,u0334,c002,mobile,5.3.0,2026-08-13T21:23:38Z,23
s012864,u0941,c022,mobile,5.3.0,2026-08-13T21:26:35Z,17
s012865,u0861,c003,mobile,5.3.0,2026-08-13T21:27:40Z,3
s012866,u0138,c004,mobile,5.3.0,2026-08-13T21:27:49Z,44
s012867,u0512,c038,mobile,5.3.0,2026-08-13T21:28:02Z,25
s012868,u0976,c046,mobile,5.3.0,2026-08-13T21:28:55Z,14
s012869,u0422,c044,tv,,2026-08-13T21:29:06Z,12
s012870,u0895,c011,mobile,5.3.0,2026-08-13T21:31:11Z,24
s012871,u0249,c001,mobile,5.3.0,2026-08-13T21:32:02Z,21
s012872,u0218,c010,mobile,5.3.0,2026-08-13T21:33:00Z,14
s012873,u0522,c007,web,,2026-08-13T21:33:10Z,55
s012874,u0420,c050,web,,2026-08-13T21:33:11Z,24
s012875,u0473,c025,web,,2026-08-13T21:33:34Z,61
s012876,u0718,c002,web,,2026-08-13T21:34:46Z,35
s012877,u0766,c022,mobile,5.3.0,2026-08-13T21:37:21Z,53
s012878,u0719,c001,mobile,5.3.0,2026-08-13T21:37:32Z,24
s012879,u0266,c017,web,,2026-08-13T21:38:20Z,59
s012880,u0189,c015,mobile,5.3.0,2026-08-13T21:41:30Z,6
s012881,u0028,c011,web,,2026-08-13T21:42:04Z,10
s012882,u0122,c013,web,,2026-08-13T21:42:04Z,61
s012883,u0783,c001,tv,,2026-08-13T21:42:24Z,43
s012884,u0057,c007,mobile,5.3.0,2026-08-13T21:42:57Z,31
s012885,u0178,c001,web,,2026-08-13T21:44:31Z,50
s012886,u0056,c003,web,,2026-08-13T21:44:33Z,61
s012887,u0852,c060,web,,2026-08-13T21:45:26Z,17
s012888,u0719,c057,mobile,5.3.0,2026-08-13T21:45:58Z,37
s012889,u0451,c001,mobile,5.3.0,2026-08-13T21:46:25Z,21
s012890,u0151,c053,mobile,5.3.0,2026-08-13T21:46:44Z,20
s012891,u0239,c020,tv,,2026-08-13T21:47:40Z,16
s012892,u0783,c029,tv,,2026-08-13T21:47:47Z,96
s012893,u0076,c058,tv,,2026-08-13T21:49:31Z,60
s012894,u0182,c002,web,,2026-08-13T21:50:19Z,40
s012895,u0945,c014,mobile,5.3.0,2026-08-13T21:51:12Z,11
s012896,u0580,c006,mobile,5.3.0,2026-08-13T21:51:24Z,73
s012897,u0752,c007,tv,,2026-08-13T21:53:06Z,65
s012898,u0198,c001,mobile,5.3.0,2026-08-13T21:53:53Z,28
s012899,u0197,c006,tv,,2026-08-13T21:53:54Z,36
s012900,u0466,c027,tv,,2026-08-13T21:53:57Z,40
s012901,u0259,c001,mobile,5.3.0,2026-08-13T21:55:23Z,9
s012902,u0164,c036,tv,,2026-08-13T21:56:01Z,24
s012903,u0485,c001,tv,,2026-08-13T21:56:20Z,71
s012904,u0025,c029,mobile,5.3.0,2026-08-13T21:57:01Z,63
s012905,u0548,c008,tv,,2026-08-13T21:57:49Z,25
s012906,u0793,c002,web,,2026-08-13T21:58:47Z,39
s012907,u0771,c001,tv,,2026-08-13T21:59:06Z,60
s012908,u0227,c003,web,,2026-08-13T21:59:17Z,45
s012909,u0184,c005,mobile,5.3.0,2026-08-13T21:59:20Z,16
s012910,u0707,c009,web,,2026-08-13T23:09:47Z,69
s012911,u0876,c001,web,,2026-08-13T23:10:30Z,26
s012912,u0655,c003,mobile,5.3.0,2026-08-13T23:10:49Z,8
s012913,u0196,c017,tv,,2026-08-13T23:11:19Z,30
s012914,u0009,c019,web,,2026-08-13T23:11:37Z,24
s012915,u0374,c027,web,,2026-08-13T23:12:40Z,63
s012916,u0535,c002,tv,,2026-08-13T23:13:34Z,58
s012917,u0226,c003,mobile,5.3.0,2026-08-13T23:16:31Z,12
s012918,u0795,c002,mobile,5.3.0,2026-08-13T23:16:49Z,8
s012919,u0853,c017,mobile,5.3.0,2026-08-13T23:18:22Z,16
s012920,u0623,c017,web,,2026-08-13T23:28:54Z,26
s012921,u0710,c006,tv,,2026-08-13T23:30:04Z,31
s012922,u0244,c058,mobile,5.3.0,2026-08-13T23:30:46Z,17
s012923,u0677,c044,mobile,5.3.0,2026-08-13T23:35:05Z,20
s012924,u0634,c025,tv,,2026-08-13T23:36:43Z,16
s012925,u0199,c029,web,,2026-08-13T23:37:22Z,33
s012926,u0305,c027,tv,,2026-08-13T23:40:17Z,26
s012927,u0714,c012,tv,,2026-08-13T23:40:56Z,19
s012928,u0569,c054,web,,2026-08-13T23:41:09Z,88
s012929,u0421,c023,mobile,5.3.0,2026-08-13T23:41:26Z,19
s012930,u0129,c001,web,,2026-08-13T23:45:34Z,114
s012931,u0958,c007,mobile,5.3.0,2026-08-13T23:46:42Z,4
s012932,u0080,c022,tv,,2026-08-13T23:47:32Z,28
s012933,u0683,c003,mobile,5.3.0,2026-08-13T23:48:03Z,60
s012934,u0028,c002,tv,,2026-08-13T23:48:28Z,22
s012935,u0061,c033,tv,,2026-08-13T23:48:32Z,240
s012936,u0469,c001,mobile,5.3.0,2026-08-13T23:49:45Z,16
s012937,u0345,c002,web,,2026-08-13T23:50:56Z,53
s012938,u0485,c020,tv,,2026-08-13T23:51:18Z,91
s012939,u0328,c009,web,,2026-08-13T23:55:29Z,35
s012940,u0306,c003,mobile,5.3.0,2026-08-13T23:59:07Z,62
s012941,u0302,c008,tv,,2026-08-14T08:06:26Z,9
s012942,u0165,c021,tv,,2026-08-14T08:09:55Z,76
s012943,u0490,c001,web,,2026-08-14T08:11:44Z,35
s012944,u0357,c056,mobile,5.3.0,2026-08-14T08:15:41Z,18
s012945,u0077,c034,mobile,5.3.0,2026-08-14T08:18:42Z,37
s012946,u0754,c002,mobile,5.3.0,2026-08-14T08:22:17Z,16
s012947,u0711,c032,tv,,2026-08-14T08:24:04Z,59
s012948,u0181,c006,mobile,5.3.0,2026-08-14T08:24:44Z,36
s012949,u0659,c044,web,,2026-08-14T08:27:18Z,44
s012950,u0183,c022,tv,,2026-08-14T08:33:08Z,27
s012951,u0138,c007,tv,,2026-08-14T08:33:59Z,9
s012952,u0723,c017,web,,2026-08-14T08:41:08Z,42
s012953,u0083,c005,tv,,2026-08-14T08:44:19Z,23
s012954,u0725,c052,mobile,5.3.0,2026-08-14T08:45:14Z,17
s012955,u0650,c002,mobile,5.3.0,2026-08-14T08:48:20Z,6
s012956,u0637,c011,mobile,5.3.0,2026-08-14T08:55:02Z,20
s012957,u0418,c002,mobile,5.3.0,2026-08-14T08:55:55Z,56
s012958,u0085,c003,mobile,5.3.0,2026-08-14T08:58:05Z,11
s012959,u0436,c012,mobile,5.3.0,2026-08-14T08:58:19Z,5
s012960,u0808,c010,mobile,5.3.0,2026-08-14T12:00:16Z,10
s012961,u0198,c001,mobile,5.3.0,2026-08-14T12:00:44Z,16
s012962,u0793,c001,tv,,2026-08-14T12:09:12Z,71
s012963,u0138,c036,mobile,5.3.0,2026-08-14T12:14:31Z,21
s012964,u0158,c014,web,,2026-08-14T12:17:36Z,68
s012965,u0106,c001,web,,2026-08-14T12:19:48Z,45
s012966,u0226,c004,web,,2026-08-14T12:20:51Z,19
s012967,u0562,c049,tv,,2026-08-14T12:22:06Z,49
s012968,u0501,c001,mobile,5.3.0,2026-08-14T12:22:15Z,11
s012969,u0530,c001,mobile,5.3.0,2026-08-14T12:24:16Z,9
s012970,u0051,c009,mobile,5.3.0,2026-08-14T12:24:53Z,30
s012971,u0356,c011,web,,2026-08-14T12:28:39Z,87
s012972,u0660,c001,mobile,5.3.0,2026-08-14T12:29:13Z,21
s012973,u0418,c019,mobile,5.3.0,2026-08-14T12:31:42Z,28
s012974,u0006,c008,web,,2026-08-14T12:33:09Z,61
s012975,u0663,c009,web,,2026-08-14T12:38:16Z,132
s012976,u0626,c007,web,,2026-08-14T12:43:21Z,14
s012977,u0394,c015,tv,,2026-08-14T12:44:16Z,45
s012978,u0430,c006,mobile,5.3.0,2026-08-14T12:47:01Z,12
s012979,u0568,c025,mobile,5.3.0,2026-08-14T12:52:30Z,27
s012980,u0288,c013,web,,2026-08-14T12:52:40Z,24
s012981,u0721,c021,tv,,2026-08-14T12:53:11Z,97
s012982,u0330,c014,web,,2026-08-14T12:56:55Z,107
s012983,u0247,c009,tv,,2026-08-14T12:57:40Z,33
s012984,u0628,c001,tv,,2026-08-14T17:02:59Z,42
s012985,u0029,c015,tv,,2026-08-14T17:08:03Z,51
s012986,u0956,c012,web,,2026-08-14T17:09:06Z,26
s012987,u0217,c001,tv,,2026-08-14T17:09:09Z,61
s012988,u0243,c002,web,,2026-08-14T17:10:45Z,26
s012989,u0383,c026,mobile,5.3.0,2026-08-14T17:11:43Z,36
s012990,u0770,c018,tv,,2026-08-14T17:14:00Z,88
s012991,u0468,c014,mobile,5.3.0,2026-08-14T17:14:19Z,8
s012992,u0430,c006,mobile,5.3.0,2026-08-14T17:14:33Z,36
s012993,u0265,c002,tv,,2026-08-14T17:15:44Z,152
s012994,u0896,c006,mobile,5.3.0,2026-08-14T17:16:48Z,5
s012995,u0805,c022,mobile,5.3.0,2026-08-14T17:17:03Z,19
s012996,u0365,c031,tv,,2026-08-14T17:17:50Z,29
s012997,u0570,c037,mobile,5.3.0,2026-08-14T17:20:48Z,19
s012998,u0624,c028,tv,,2026-08-14T17:21:06Z,26
s012999,u0869,c045,tv,,2026-08-14T17:24:26Z,39
s013000,u0006,c001,web,,2026-08-14T17:26:20Z,58
s013001,u0744,c008,tv,,2026-08-14T17:27:12Z,63
s013002,u0064,c001,web,,2026-08-14T17:27:27Z,82
s013003,u0109,c025,mobile,5.3.0,2026-08-14T17:27:44Z,18
s013004,u0868,c039,mobile,5.3.0,2026-08-14T17:30:40Z,33
s013005,u0945,c013,mobile,5.3.0,2026-08-14T17:31:15Z,5
s013006,u0760,c050,mobile,5.3.0,2026-08-14T17:33:57Z,11
s013007,u0255,c030,web,,2026-08-14T17:34:21Z,34
s013008,u0485,c005,mobile,5.3.0,2026-08-14T17:35:40Z,27
s013009,u0541,c002,tv,,2026-08-14T17:36:22Z,47
s013010,u0370,c031,mobile,5.3.0,2026-08-14T17:36:28Z,22
s013011,u0596,c004,mobile,5.3.0,2026-08-14T17:37:11Z,39
s013012,u0959,c026,mobile,5.3.0,2026-08-14T17:41:49Z,8
s013013,u0337,c002,mobile,5.3.0,2026-08-14T17:44:05Z,5
s013014,u0741,c001,tv,,2026-08-14T17:44:05Z,165
s013015,u0128,c002,mobile,5.3.0,2026-08-14T17:44:25Z,14
s013016,u0012,c025,web,,2026-08-14T17:45:07Z,29
s013017,u0747,c002,web,,2026-08-14T17:47:06Z,44
s013018,u0363,c034,web,,2026-08-14T17:47:14Z,122
s013019,u0036,c007,web,,2026-08-14T17:48:48Z,18
s013020,u0323,c012,tv,,2026-08-14T17:49:33Z,87
s013021,u0209,c024,tv,,2026-08-14T17:49:39Z,68
s013022,u0441,c022,mobile,5.3.0,2026-08-14T17:49:48Z,7
s013023,u0393,c021,mobile,5.3.0,2026-08-14T17:52:17Z,15
s013024,u0211,c024,mobile,5.3.0,2026-08-14T17:53:56Z,10
s013025,u0740,c001,mobile,5.3.0,2026-08-14T17:54:13Z,13
s013026,u0229,c001,tv,,2026-08-14T17:56:05Z,25
s013027,u0324,c022,tv,,2026-08-14T17:57:14Z,35
s013028,u0226,c004,mobile,5.3.0,2026-08-14T17:57:22Z,19
s013029,u0922,c014,tv,,2026-08-14T19:00:22Z,23
s013030,u0225,c001,web,,2026-08-14T19:00:48Z,24
s013031,u0781,c032,mobile,5.3.0,2026-08-14T19:00:53Z,41
s013032,u0244,c002,mobile,5.3.0,2026-08-14T19:01:14Z,27
s013033,u0452,c018,mobile,5.3.0,2026-08-14T19:01:41Z,38
s013034,u0570,c001,mobile,5.3.0,2026-08-14T19:01:49Z,39
s013035,u0366,c027,tv,,2026-08-14T19:02:39Z,50
s013036,u0935,c002,tv,,2026-08-14T19:03:02Z,110
s013037,u0528,c001,mobile,5.3.0,2026-08-14T19:03:08Z,71
s013038,u0444,c013,web,,2026-08-14T19:03:56Z,34
s013039,u0324,c001,tv,,2026-08-14T19:04:41Z,98
s013040,u0295,c042,mobile,5.3.0,2026-08-14T19:05:13Z,30
s013041,u0222,c039,mobile,5.3.0,2026-08-14T19:05:51Z,5
s013042,u0122,c001,web,,2026-08-14T19:06:50Z,19
s013043,u0724,c007,mobile,5.3.0,2026-08-14T19:07:08Z,54
s013044,u0469,c038,tv,,2026-08-14T19:07:26Z,48
s013045,u0137,c001,tv,,2026-08-14T19:07:42Z,24
s013046,u0306,c017,mobile,5.3.0,2026-08-14T19:07:49Z,24
s013047,u0663,c048,web,,2026-08-14T19:08:15Z,74
s013048,u0620,c003,tv,,2026-08-14T19:08:19Z,56
s013049,u0871,c035,mobile,5.3.0,2026-08-14T19:08:49Z,28
s013050,u0541,c007,tv,,2026-08-14T19:09:00Z,30
s013051,u0771,c003,tv,,2026-08-14T19:13:33Z,52
s013052,u0246,c012,mobile,5.3.0,2026-08-14T19:14:51Z,27
s013053,u0485,c018,tv,,2026-08-14T19:15:34Z,54
s013054,u0225,c027,web,,2026-08-14T19:16:22Z,49
s013055,u0714,c002,mobile,5.3.0,2026-08-14T19:17:58Z,14
s013056,u0155,c007,tv,,2026-08-14T19:18:04Z,114
s013057,u0612,c001,tv,,2026-08-14T19:18:44Z,72
s013058,u0920,c001,mobile,5.3.0,2026-08-14T19:19:31Z,24
s013059,u0382,c005,tv,,2026-08-14T19:19:38Z,46
s013060,u0050,c044,web,,2026-08-14T19:19:40Z,44
s013061,u0341,c012,mobile,5.3.0,2026-08-14T19:20:11Z,21
s013062,u0929,c045,mobile,5.3.0,2026-08-14T19:20:47Z,9
s013063,u0724,c001,mobile,5.3.0,2026-08-14T19:23:07Z,26
s013064,u0473,c029,web,,2026-08-14T19:23:48Z,23
s013065,u0614,c001,mobile,5.3.0,2026-08-14T19:24:30Z,27
s013066,u0147,c005,mobile,5.3.0,2026-08-14T19:24:37Z,18
s013067,u0737,c030,mobile,5.3.0,2026-08-14T19:25:17Z,31
s013068,u0532,c005,web,,2026-08-14T19:26:27Z,28
s013069,u0409,c001,web,,2026-08-14T19:31:10Z,58
s013070,u0631,c008,mobile,5.3.0,2026-08-14T19:32:03Z,47
s013071,u0252,c004,mobile,5.3.0,2026-08-14T19:32:45Z,5
s013072,u0716,c014,tv,,2026-08-14T19:33:00Z,58
s013073,u0875,c021,mobile,5.3.0,2026-08-14T19:33:01Z,10
s013074,u0288,c057,web,,2026-08-14T19:33:38Z,26
s013075,u0629,c056,tv,,2026-08-14T19:33:57Z,30
s013076,u0695,c003,web,,2026-08-14T19:36:27Z,48
s013077,u0217,c013,tv,,2026-08-14T19:36:30Z,22
s013078,u0126,c002,tv,,2026-08-14T19:37:44Z,68
s013079,u0448,c034,mobile,5.3.0,2026-08-14T19:38:37Z,26
s013080,u0245,c040,mobile,5.3.0,2026-08-14T19:38:47Z,30
s013081,u0790,c006,mobile,5.3.0,2026-08-14T19:39:51Z,24
s013082,u0650,c002,mobile,5.3.0,2026-08-14T19:40:02Z,15
s013083,u0105,c004,web,,2026-08-14T19:40:30Z,88
s013084,u0754,c046,tv,,2026-08-14T19:41:19Z,96
s013085,u0761,c002,tv,,2026-08-14T19:41:36Z,40
s013086,u0689,c010,tv,,2026-08-14T19:42:05Z,49
s013087,u0941,c002,mobile,5.3.0,2026-08-14T19:42:21Z,6
s013088,u0903,c001,mobile,5.3.0,2026-08-14T19:42:45Z,17
s013089,u0801,c007,web,,2026-08-14T19:42:48Z,8
s013090,u0860,c003,mobile,5.3.0,2026-08-14T19:43:09Z,20
s013091,u0564,c002,web,,2026-08-14T19:43:10Z,29
s013092,u0599,c049,tv,,2026-08-14T19:43:23Z,61
s013093,u0523,c001,tv,,2026-08-14T19:43:37Z,21
s013094,u0312,c001,mobile,5.3.0,2026-08-14T19:43:43Z,64
s013095,u0617,c009,tv,,2026-08-14T19:44:30Z,31
s013096,u0447,c007,mobile,5.3.0,2026-08-14T19:44:39Z,39
s013097,u0663,c011,web,,2026-08-14T19:45:03Z,222
s013098,u0647,c001,mobile,5.3.0,2026-08-14T19:45:09Z,8
s013099,u0043,c041,mobile,5.3.0,2026-08-14T19:45:23Z,31
s013100,u0137,c004,tv,,2026-08-14T19:45:36Z,20
s013101,u0382,c006,tv,,2026-08-14T19:45:49Z,70
s013102,u0047,c003,web,,2026-08-14T19:46:42Z,34
s013103,u0188,c054,mobile,5.3.0,2026-08-14T19:46:43Z,18
s013104,u0895,c006,tv,,2026-08-14T19:47:23Z,36
s013105,u0123,c021,web,,2026-08-14T19:47:39Z,26
s013106,u0707,c005,web,,2026-08-14T19:47:41Z,93
s013107,u0864,c002,mobile,5.3.0,2026-08-14T19:49:56Z,20
s013108,u0247,c002,tv,,2026-08-14T19:50:07Z,17
s013109,u0512,c058,mobile,5.3.0,2026-08-14T19:50:32Z,44
s013110,u0665,c051,mobile,5.3.0,2026-08-14T19:50:50Z,27
s013111,u0179,c002,tv,,2026-08-14T19:51:22Z,65
s013112,u0251,c009,web,,2026-08-14T19:53:40Z,41
s013113,u0288,c001,web,,2026-08-14T19:53:59Z,13
s013114,u0744,c008,tv,,2026-08-14T19:54:03Z,37
s013115,u0562,c008,tv,,2026-08-14T19:55:05Z,45
s013116,u0109,c004,mobile,5.3.0,2026-08-14T19:55:17Z,35
s013117,u0536,c014,tv,,2026-08-14T19:56:37Z,34
s013118,u0462,c005,mobile,5.3.0,2026-08-14T19:56:40Z,10
s013119,u0148,c003,tv,,2026-08-14T19:58:25Z,33
s013120,u0291,c001,web,,2026-08-14T19:58:31Z,24
s013121,u0344,c027,mobile,5.3.0,2026-08-14T19:59:21Z,11
s013122,u0216,c002,mobile,5.3.0,2026-08-14T19:59:45Z,34
s013123,u0743,c020,tv,,2026-08-14T19:59:57Z,21
s013124,u0415,c019,tv,,2026-08-14T19:59:58Z,43
s013125,u0576,c011,web,,2026-08-14T21:03:00Z,112
s013126,u0654,c001,mobile,5.3.0,2026-08-14T21:04:02Z,11
s013127,u0588,c011,web,,2026-08-14T21:04:21Z,39
s013128,u0549,c016,tv,,2026-08-14T21:04:44Z,116
s013129,u0239,c011,tv,,2026-08-14T21:04:51Z,115
s013130,u0230,c008,mobile,5.3.0,2026-08-14T21:05:45Z,40
s013131,u0524,c004,tv,,2026-08-14T21:06:33Z,41
s013132,u0372,c009,mobile,5.3.0,2026-08-14T21:07:05Z,50
s013133,u0320,c023,web,,2026-08-14T21:07:06Z,14
s013134,u0037,c013,tv,,2026-08-14T21:07:30Z,32
s013135,u0390,c018,mobile,5.3.0,2026-08-14T21:07:41Z,19
s013136,u0617,c037,tv,,2026-08-14T21:07:50Z,51
s013137,u0737,c004,tv,,2026-08-14T21:08:42Z,143
s013138,u0139,c001,mobile,5.3.0,2026-08-14T21:08:56Z,23
s013139,u0476,c043,tv,,2026-08-14T21:11:09Z,83
s013140,u0027,c013,tv,,2026-08-14T21:11:30Z,23
s013141,u0893,c012,mobile,5.3.0,2026-08-14T21:12:37Z,8
s013142,u0809,c003,tv,,2026-08-14T21:14:04Z,108
s013143,u0953,c012,tv,,2026-08-14T21:14:26Z,63
s013144,u0247,c001,mobile,5.3.0,2026-08-14T21:14:45Z,21
s013145,u0580,c026,mobile,5.3.0,2026-08-14T21:15:04Z,18
s013146,u0362,c001,tv,,2026-08-14T21:15:18Z,62
s013147,u0183,c037,tv,,2026-08-14T21:16:10Z,43
s013148,u0852,c014,web,,2026-08-14T21:17:11Z,29
s013149,u0019,c002,mobile,5.3.0,2026-08-14T21:18:23Z,20
s013150,u0161,c018,tv,,2026-08-14T21:18:23Z,68
s013151,u0695,c001,web,,2026-08-14T21:19:43Z,92
s013152,u0196,c044,tv,,2026-08-14T21:20:23Z,75
s013153,u0954,c003,mobile,5.3.0,2026-08-14T21:20:48Z,35
s013154,u0193,c002,web,,2026-08-14T21:21:19Z,97
s013155,u0613,c035,mobile,5.3.0,2026-08-14T21:21:39Z,17
s013156,u0044,c002,mobile,5.3.0,2026-08-14T21:22:13Z,14
s013157,u0329,c028,web,,2026-08-14T21:23:44Z,33
s013158,u0432,c008,tv,,2026-08-14T21:26:07Z,67
s013159,u0252,c001,mobile,5.3.0,2026-08-14T21:27:37Z,27
s013160,u0601,c003,tv,,2026-08-14T21:28:28Z,63
s013161,u0710,c001,tv,,2026-08-14T21:29:13Z,15
s013162,u0699,c013,mobile,5.3.0,2026-08-14T21:29:28Z,31
s013163,u0190,c040,mobile,5.3.0,2026-08-14T21:29:49Z,51
s013164,u0694,c032,mobile,5.3.0,2026-08-14T21:30:45Z,21
s013165,u0173,c001,web,,2026-08-14T21:31:08Z,41
s013166,u0177,c012,tv,,2026-08-14T21:31:32Z,41
s013167,u0102,c057,mobile,5.3.0,2026-08-14T21:32:21Z,18
s013168,u0355,c005,web,,2026-08-14T21:32:26Z,78
s013169,u0524,c004,mobile,5.3.0,2026-08-14T21:32:29Z,194
s013170,u0601,c031,tv,,2026-08-14T21:33:51Z,71
s013171,u0743,c008,tv,,2026-08-14T21:34:30Z,29
s013172,u0771,c023,web,,2026-08-14T21:34:37Z,19
s013173,u0628,c043,tv,,2026-08-14T21:34:55Z,33
s013174,u0878,c008,mobile,5.3.0,2026-08-14T21:35:35Z,5
s013175,u0320,c017,web,,2026-08-14T21:35:36Z,64
s013176,u0599,c039,tv,,2026-08-14T21:35:42Z,44
s013177,u0115,c038,mobile,5.3.0,2026-08-14T21:35:57Z,12
s013178,u0225,c006,web,,2026-08-14T21:35:58Z,66
s013179,u0171,c005,mobile,5.3.0,2026-08-14T21:36:12Z,15
s013180,u0075,c016,mobile,5.3.0,2026-08-14T21:36:42Z,109
s013181,u0820,c001,mobile,5.3.0,2026-08-14T21:37:12Z,21
s013182,u0279,c036,mobile,5.3.0,2026-08-14T21:37:26Z,13
s013183,u0430,c001,mobile,5.3.0,2026-08-14T21:37:46Z,35
s013184,u0640,c009,mobile,5.3.0,2026-08-14T21:37:50Z,40
s013185,u0271,c012,web,,2026-08-14T21:38:56Z,28
s013186,u0814,c023,web,,2026-08-14T21:39:02Z,27
s013187,u0586,c001,mobile,5.3.0,2026-08-14T21:39:17Z,51
s013188,u0391,c011,web,,2026-08-14T21:39:42Z,104
s013189,u0733,c003,tv,,2026-08-14T21:40:32Z,29
s013190,u0690,c039,web,,2026-08-14T21:40:52Z,27
s013191,u0409,c009,web,,2026-08-14T21:42:14Z,36
s013192,u0939,c055,mobile,5.3.0,2026-08-14T21:42:18Z,17
s013193,u0313,c021,tv,,2026-08-14T21:42:20Z,25
s013194,u0338,c007,mobile,5.3.0,2026-08-14T21:42:53Z,18
s013195,u0469,c043,tv,,2026-08-14T21:43:19Z,27
s013196,u0448,c011,mobile,5.3.0,2026-08-14T21:43:33Z,35
s013197,u0309,c040,tv,,2026-08-14T21:44:26Z,46
s013198,u0431,c014,mobile,5.3.0,2026-08-14T21:45:16Z,25
s013199,u0793,c009,mobile,5.3.0,2026-08-14T21:45:19Z,36
s013200,u0567,c002,mobile,5.3.0,2026-08-14T21:45:35Z,89
s013201,u0159,c033,mobile,5.3.0,2026-08-14T21:45:44Z,12
s013202,u0128,c019,tv,,2026-08-14T21:46:00Z,47
s013203,u0601,c002,mobile,5.3.0,2026-08-14T21:47:03Z,15
s013204,u0225,c001,tv,,2026-08-14T21:47:17Z,13
s013205,u0247,c004,mobile,5.3.0,2026-08-14T21:47:21Z,44
s013206,u0629,c002,mobile,5.3.0,2026-08-14T21:47:24Z,16
s013207,u0908,c008,web,,2026-08-14T21:47:31Z,12
s013208,u0692,c003,mobile,5.3.0,2026-08-14T21:47:45Z,15
s013209,u0861,c017,mobile,5.3.0,2026-08-14T21:48:10Z,12
s013210,u0182,c001,mobile,5.3.0,2026-08-14T21:48:19Z,9
s013211,u0491,c001,web,,2026-08-14T21:48:29Z,19
s013212,u0187,c011,mobile,5.3.0,2026-08-14T21:48:55Z,19
s013213,u0888,c018,web,,2026-08-14T21:50:31Z,19
s013214,u0184,c022,tv,,2026-08-14T21:50:44Z,22
s013215,u0190,c009,mobile,5.3.0,2026-08-14T21:51:06Z,50
s013216,u0503,c012,mobile,5.3.0,2026-08-14T21:52:59Z,5
s013217,u0076,c002,tv,,2026-08-14T21:53:17Z,33
s013218,u0195,c003,web,,2026-08-14T21:53:19Z,69
s013219,u0818,c002,mobile,5.3.0,2026-08-14T21:53:46Z,41
s013220,u0279,c028,web,,2026-08-14T21:54:12Z,22
s013221,u0887,c001,mobile,5.3.0,2026-08-14T21:54:19Z,25
s013222,u0522,c041,web,,2026-08-14T21:55:54Z,26
s013223,u0258,c033,mobile,5.3.0,2026-08-14T21:56:24Z,46
s013224,u0505,c001,web,,2026-08-14T21:56:32Z,81
s013225,u0522,c015,web,,2026-08-14T21:57:09Z,18
s013226,u0298,c007,web,,2026-08-14T21:57:11Z,25
s013227,u0689,c042,tv,,2026-08-14T21:57:12Z,185
s013228,u0631,c011,mobile,5.3.0,2026-08-14T21:58:13Z,18
s013229,u0212,c021,web,,2026-08-14T21:58:23Z,30
s013230,u0292,c005,tv,,2026-08-14T21:59:23Z,44
s013231,u0541,c003,tv,,2026-08-14T23:01:29Z,26
s013232,u0230,c001,mobile,5.3.0,2026-08-14T23:02:39Z,29
s013233,u0395,c017,mobile,5.3.0,2026-08-14T23:02:47Z,15
s013234,u0383,c038,web,,2026-08-14T23:02:55Z,44
s013235,u0374,c037,web,,2026-08-14T23:04:37Z,18
s013236,u0609,c020,mobile,5.3.0,2026-08-14T23:05:03Z,45
s013237,u0523,c026,web,,2026-08-14T23:05:43Z,8
s013238,u0432,c004,tv,,2026-08-14T23:07:30Z,52
s013239,u0248,c047,mobile,5.3.0,2026-08-14T23:08:55Z,15
s013240,u0118,c003,web,,2026-08-14T23:11:12Z,36
s013241,u0629,c001,tv,,2026-08-14T23:15:12Z,89
s013242,u0208,c002,mobile,5.3.0,2026-08-14T23:17:14Z,26
s013243,u0117,c008,mobile,5.3.0,2026-08-14T23:17:37Z,15
s013244,u0189,c024,mobile,5.3.0,2026-08-14T23:19:25Z,35
s013245,u0402,c001,mobile,5.3.0,2026-08-14T23:19:43Z,50
s013246,u0102,c014,mobile,5.3.0,2026-08-14T23:20:56Z,7
s013247,u0517,c001,mobile,5.3.0,2026-08-14T23:20:59Z,29
s013248,u0307,c037,web,,2026-08-14T23:28:47Z,61
s013249,u0399,c016,tv,,2026-08-14T23:28:51Z,67
s013250,u0556,c007,tv,,2026-08-14T23:28:51Z,106
s013251,u0788,c041,tv,,2026-08-14T23:30:50Z,62
s013252,u0396,c001,mobile,5.3.0,2026-08-14T23:33:40Z,26
s013253,u0809,c001,mobile,5.3.0,2026-08-14T23:35:01Z,28
s013254,u0761,c010,tv,,2026-08-14T23:38:43Z,37
s013255,u0495,c038,web,,2026-08-14T23:39:55Z,7
s013256,u0704,c002,tv,,2026-08-14T23:42:13Z,23
s013257,u0209,c030,tv,,2026-08-14T23:44:11Z,77
s013258,u0230,c001,mobile,5.3.0,2026-08-14T23:44:53Z,20
s013259,u0258,c018,mobile,5.3.0,2026-08-14T23:48:21Z,35
s013260,u0148,c022,mobile,5.3.0,2026-08-14T23:54:34Z,9
s013261,u0623,c001,web,,2026-08-14T23:54:44Z,52
s013262,u0945,c007,mobile,5.3.0,2026-08-14T23:54:51Z,15
s013263,u0954,c007,mobile,5.3.0,2026-08-14T23:55:10Z,32
s013264,u0295,c003,mobile,5.3.0,2026-08-14T23:57:37Z,16
s013265,u0028,c001,tv,,2026-08-14T23:59:44Z,40
s013266,u0658,c001,tv,,2026-08-15T08:05:06Z,136
s013267,u0146,c023,mobile,5.3.0,2026-08-15T08:06:07Z,22
s013268,u0262,c019,mobile,5.3.0,2026-08-15T08:07:29Z,14
s013269,u0357,c009,mobile,5.3.0,2026-08-15T08:09:35Z,11
s013270,u0455,c033,web,,2026-08-15T08:15:54Z,29
s013271,u0102,c007,web,,2026-08-15T08:17:02Z,26
s013272,u0291,c004,web,,2026-08-15T08:20:07Z,21
s013273,u0772,c032,mobile,5.3.0,2026-08-15T08:20:25Z,50
s013274,u0603,c001,tv,,2026-08-15T08:46:12Z,53
s013275,u0175,c007,web,,2026-08-15T08:50:24Z,38
s013276,u0434,c027,mobile,5.3.0,2026-08-15T08:55:06Z,16
s013277,u0176,c013,web,,2026-08-15T08:55:31Z,26
s013278,u0917,c006,mobile,5.3.0,2026-08-15T08:56:08Z,6
s013279,u0929,c037,mobile,5.3.0,2026-08-15T12:00:32Z,27
s013280,u0505,c030,web,,2026-08-15T12:01:30Z,47
s013281,u0368,c012,mobile,5.3.0,2026-08-15T12:05:56Z,31
s013282,u0765,c002,tv,,2026-08-15T12:06:29Z,58
s013283,u0408,c028,tv,,2026-08-15T12:06:34Z,65
s013284,u0168,c002,mobile,5.3.0,2026-08-15T12:08:37Z,11
s013285,u0279,c001,web,,2026-08-15T12:14:45Z,14
s013286,u0799,c003,tv,,2026-08-15T12:15:15Z,60
s013287,u0704,c002,tv,,2026-08-15T12:15:17Z,42
s013288,u0366,c028,mobile,5.3.0,2026-08-15T12:15:24Z,11
s013289,u0516,c017,mobile,5.3.0,2026-08-15T12:17:08Z,4
s013290,u0912,c002,mobile,5.3.0,2026-08-15T12:17:55Z,55
s013291,u0235,c006,tv,,2026-08-15T12:18:06Z,88
s013292,u0136,c001,mobile,5.3.0,2026-08-15T12:22:04Z,30
s013293,u0378,c004,mobile,5.3.0,2026-08-15T12:23:16Z,14
s013294,u0183,c034,tv,,2026-08-15T12:24:41Z,34
s013295,u0012,c014,web,,2026-08-15T12:25:11Z,83
s013296,u0087,c029,mobile,5.3.0,2026-08-15T12:27:00Z,30
s013297,u0257,c002,mobile,5.3.0,2026-08-15T12:27:17Z,43
s013298,u0078,c005,mobile,5.3.0,2026-08-15T12:29:15Z,41
s013299,u0196,c021,mobile,5.3.0,2026-08-15T12:30:58Z,46
s013300,u0220,c032,tv,,2026-08-15T12:34:09Z,76
s013301,u0182,c036,web,,2026-08-15T12:35:23Z,67
s013302,u0638,c006,mobile,5.3.0,2026-08-15T12:37:40Z,22
s013303,u0564,c056,web,,2026-08-15T12:44:36Z,25
s013304,u0321,c014,web,,2026-08-15T12:50:17Z,20
s013305,u0814,c001,web,,2026-08-15T12:52:21Z,23
s013306,u0257,c037,mobile,5.3.0,2026-08-15T12:55:26Z,64
s013307,u0086,c023,mobile,5.3.0,2026-08-15T12:55:43Z,8
s013308,u0946,c001,mobile,5.3.0,2026-08-15T12:58:33Z,23
s013309,u0571,c002,mobile,5.3.0,2026-08-15T12:58:35Z,26
s013310,u0197,c019,tv,,2026-08-15T12:59:31Z,91
s013311,u0244,c006,mobile,5.3.0,2026-08-15T12:59:47Z,24
s013312,u0585,c002,tv,,2026-08-15T17:00:14Z,14
s013313,u0779,c011,web,,2026-08-15T17:01:14Z,48
s013314,u0402,c008,mobile,5.3.0,2026-08-15T17:01:49Z,40
s013315,u0883,c017,mobile,5.3.0,2026-08-15T17:01:58Z,14
s013316,u0097,c001,mobile,5.3.0,2026-08-15T17:02:59Z,15
s013317,u0407,c001,mobile,5.3.0,2026-08-15T17:04:20Z,16
s013318,u0314,c019,tv,,2026-08-15T17:05:24Z,41
s013319,u0045,c001,mobile,5.3.0,2026-08-15T17:05:42Z,13
s013320,u0530,c014,mobile,5.3.0,2026-08-15T17:07:47Z,8
s013321,u0248,c009,mobile,5.3.0,2026-08-15T17:09:07Z,37
s013322,u0117,c030,mobile,5.3.0,2026-08-15T17:09:23Z,27
s013323,u0881,c001,mobile,5.3.0,2026-08-15T17:10:20Z,9
s013324,u0681,c033,tv,,2026-08-15T17:10:50Z,35
s013325,u0718,c053,mobile,5.3.0,2026-08-15T17:12:25Z,42
s013326,u0366,c009,mobile,5.3.0,2026-08-15T17:12:26Z,26
s013327,u0821,c031,mobile,5.3.0,2026-08-15T17:13:50Z,27
s013328,u0598,c001,web,,2026-08-15T17:14:21Z,15
s013329,u0410,c003,web,,2026-08-15T17:15:23Z,44
s013330,u0183,c006,tv,,2026-08-15T17:16:25Z,20
s013331,u0564,c004,web,,2026-08-15T17:16:51Z,45
s013332,u0202,c027,tv,,2026-08-15T17:18:04Z,21
s013333,u0030,c002,web,,2026-08-15T17:18:38Z,39
s013334,u0442,c001,tv,,2026-08-15T17:19:02Z,14
s013335,u0634,c003,tv,,2026-08-15T17:19:49Z,24
s013336,u0247,c043,mobile,5.3.0,2026-08-15T17:21:54Z,20
s013337,u0305,c001,tv,,2026-08-15T17:23:38Z,22
s013338,u0122,c002,web,,2026-08-15T17:24:15Z,38
s013339,u0799,c056,tv,,2026-08-15T17:27:11Z,62
s013340,u0776,c013,mobile,5.3.0,2026-08-15T17:28:09Z,41
s013341,u0737,c008,mobile,5.3.0,2026-08-15T17:29:10Z,11
s013342,u0073,c007,mobile,5.3.0,2026-08-15T17:30:13Z,16
s013343,u0520,c002,tv,,2026-08-15T17:31:29Z,129
s013344,u0190,c001,mobile,5.3.0,2026-08-15T17:33:05Z,45
s013345,u0216,c018,mobile,5.3.0,2026-08-15T17:33:17Z,13
s013346,u0229,c003,tv,,2026-08-15T17:34:51Z,179
s013347,u0460,c005,mobile,5.3.0,2026-08-15T17:35:34Z,36
s013348,u0039,c054,mobile,5.3.0,2026-08-15T17:37:03Z,13
s013349,u0226,c013,mobile,5.3.0,2026-08-15T17:38:42Z,10
s013350,u0813,c018,web,,2026-08-15T17:39:11Z,50
s013351,u0394,c003,tv,,2026-08-15T17:40:31Z,43
s013352,u0313,c052,mobile,5.3.0,2026-08-15T17:40:56Z,32
s013353,u0151,c001,mobile,5.3.0,2026-08-15T17:41:00Z,26
s013354,u0789,c012,mobile,5.3.0,2026-08-15T17:41:09Z,9
s013355,u0053,c019,tv,,2026-08-15T17:41:15Z,32
s013356,u0564,c005,web,,2026-08-15T17:42:38Z,16
s013357,u0716,c001,tv,,2026-08-15T17:44:18Z,55
s013358,u0547,c018,tv,,2026-08-15T17:45:19Z,33
s013359,u0279,c014,web,,2026-08-15T17:45:20Z,28
s013360,u0216,c047,mobile,5.3.0,2026-08-15T17:46:09Z,18
s013361,u0525,c003,web,,2026-08-15T17:46:42Z,86
s013362,u0138,c043,mobile,5.3.0,2026-08-15T17:46:50Z,34
s013363,u0791,c020,tv,,2026-08-15T17:47:00Z,38
s013364,u0545,c001,web,,2026-08-15T17:47:49Z,75
s013365,u0291,c032,web,,2026-08-15T17:48:42Z,36
s013366,u0510,c001,mobile,5.3.0,2026-08-15T17:48:42Z,8
s013367,u0665,c001,mobile,5.3.0,2026-08-15T17:50:01Z,42
s013368,u0500,c008,web,,2026-08-15T17:50:06Z,16
s013369,u0202,c049,tv,,2026-08-15T17:51:54Z,32
s013370,u0530,c042,mobile,5.3.0,2026-08-15T17:53:12Z,11
s013371,u0314,c001,tv,,2026-08-15T17:54:17Z,28
s013372,u0475,c011,tv,,2026-08-15T17:57:46Z,20
s013373,u0415,c001,tv,,2026-08-15T17:58:13Z,21
s013374,u0480,c040,tv,,2026-08-15T17:59:01Z,23
s013375,u0515,c058,tv,,2026-08-15T17:59:59Z,68
s013376,u0077,c002,tv,,2026-08-15T19:00:28Z,48
s013377,u0929,c015,mobile,5.3.0,2026-08-15T19:01:29Z,26
s013378,u0959,c001,mobile,5.3.0,2026-08-15T19:02:41Z,8
s013379,u0355,c034,web,,2026-08-15T19:02:49Z,37
s013380,u0166,c003,tv,,2026-08-15T19:05:03Z,34
s013381,u0133,c002,mobile,5.3.0,2026-08-15T19:05:15Z,24
s013382,u0735,c003,mobile,5.3.0,2026-08-15T19:06:27Z,27
s013383,u0314,c006,tv,,2026-08-15T19:08:51Z,21
s013384,u0373,c034,web,,2026-08-15T19:09:14Z,26
s013385,u0138,c005,mobile,5.3.0,2026-08-15T19:10:38Z,19
s013386,u0210,c003,tv,,2026-08-15T19:10:40Z,40
s013387,u0736,c056,tv,,2026-08-15T19:10:53Z,47
s013388,u0564,c001,web,,2026-08-15T19:11:36Z,50
s013389,u0650,c001,web,,2026-08-15T19:12:26Z,19
s013390,u0042,c013,tv,,2026-08-15T19:12:46Z,72
s013391,u0329,c005,mobile,5.3.0,2026-08-15T19:12:55Z,37
s013392,u0065,c035,mobile,5.3.0,2026-08-15T19:13:19Z,26
s013393,u0598,c001,web,,2026-08-15T19:13:28Z,42
s013394,u0971,c008,mobile,5.3.0,2026-08-15T19:13:30Z,9
s013395,u0264,c014,mobile,5.3.0,2026-08-15T19:14:34Z,6
s013396,u0609,c004,mobile,5.3.0,2026-08-15T19:15:52Z,11
s013397,u0884,c018,mobile,5.3.0,2026-08-15T19:16:05Z,21
s013398,u0943,c004,tv,,2026-08-15T19:16:14Z,14
s013399,u0762,c003,tv,,2026-08-15T19:16:34Z,41
s013400,u0252,c057,web,,2026-08-15T19:17:24Z,59
s013401,u0415,c055,tv,,2026-08-15T19:17:26Z,61
s013402,u0157,c004,web,,2026-08-15T19:17:34Z,20
s013403,u0053,c023,tv,,2026-08-15T19:19:45Z,67
s013404,u0414,c016,mobile,5.3.0,2026-08-15T19:19:46Z,13
s013405,u0585,c019,mobile,5.3.0,2026-08-15T19:20:27Z,15
s013406,u0671,c006,mobile,5.3.0,2026-08-15T19:21:09Z,84
s013407,u0584,c026,web,,2026-08-15T19:21:22Z,29
s013408,u0159,c012,tv,,2026-08-15T19:22:04Z,71
s013409,u0871,c021,mobile,5.3.0,2026-08-15T19:22:42Z,36
s013410,u0275,c001,web,,2026-08-15T19:23:06Z,240
s013411,u0355,c051,web,,2026-08-15T19:23:49Z,32
s013412,u0184,c022,tv,,2026-08-15T19:24:19Z,42
s013413,u0525,c055,web,,2026-08-15T19:24:37Z,54
s013414,u0049,c028,web,,2026-08-15T19:25:53Z,41
s013415,u0315,c037,web,,2026-08-15T19:26:29Z,74
s013416,u0360,c036,mobile,5.3.0,2026-08-15T19:26:37Z,20
s013417,u0642,c006,mobile,5.3.0,2026-08-15T19:27:08Z,25
s013418,u0115,c030,mobile,5.3.0,2026-08-15T19:27:45Z,59
s013419,u0469,c027,mobile,5.3.0,2026-08-15T19:28:04Z,26
s013420,u0760,c053,mobile,5.3.0,2026-08-15T19:28:56Z,23
s013421,u0599,c003,tv,,2026-08-15T19:29:15Z,42
s013422,u0111,c020,mobile,5.3.0,2026-08-15T19:30:55Z,34
s013423,u0283,c045,mobile,5.3.0,2026-08-15T19:31:21Z,28
s013424,u0004,c015,web,,2026-08-15T19:31:59Z,33
s013425,u0042,c014,tv,,2026-08-15T19:32:53Z,15
s013426,u0745,c011,mobile,5.3.0,2026-08-15T19:33:03Z,11
s013427,u0601,c005,tv,,2026-08-15T19:36:53Z,16
s013428,u0969,c024,web,,2026-08-15T19:37:47Z,35
s013429,u0927,c004,mobile,5.3.0,2026-08-15T19:37:51Z,23
s013430,u0774,c004,mobile,5.3.0,2026-08-15T19:37:52Z,10
s013431,u0485,c030,tv,,2026-08-15T19:38:02Z,57
s013432,u0699,c024,mobile,5.3.0,2026-08-15T19:38:07Z,28
s013433,u0595,c003,tv,,2026-08-15T19:38:54Z,38
s013434,u0018,c005,web,,2026-08-15T19:40:40Z,31
s013435,u0538,c002,web,,2026-08-15T19:44:18Z,71
s013436,u0715,c007,mobile,5.3.0,2026-08-15T19:45:10Z,6
s013437,u0391,c049,web,,2026-08-15T19:45:31Z,86
s013438,u0251,c006,web,,2026-08-15T19:47:29Z,27
s013439,u0222,c002,mobile,5.3.0,2026-08-15T19:47:42Z,13
s013440,u0190,c002,mobile,5.3.0,2026-08-15T19:47:50Z,44
s013441,u0381,c035,web,,2026-08-15T19:48:13Z,47
s013442,u0599,c013,tv,,2026-08-15T19:48:39Z,31
s013443,u0854,c053,web,,2026-08-15T19:50:21Z,7
s013444,u0643,c023,tv,,2026-08-15T19:50:28Z,31
s013445,u0479,c011,mobile,5.3.0,2026-08-15T19:51:12Z,35
s013446,u0684,c019,web,,2026-08-15T19:52:12Z,45
s013447,u0615,c001,mobile,5.3.0,2026-08-15T19:52:13Z,23
s013448,u0253,c006,tv,,2026-08-15T19:52:45Z,93
s013449,u0617,c001,tv,,2026-08-15T19:53:49Z,106
s013450,u0441,c006,tv,,2026-08-15T19:54:12Z,38
s013451,u0469,c005,tv,,2026-08-15T19:54:31Z,35
s013452,u0863,c011,tv,,2026-08-15T19:54:48Z,88
s013453,u0434,c019,mobile,5.3.0,2026-08-15T19:55:06Z,105
s013454,u0192,c001,tv,,2026-08-15T19:56:36Z,21
s013455,u0307,c005,web,,2026-08-15T19:56:39Z,20
s013456,u0956,c049,web,,2026-08-15T19:57:21Z,34
s013457,u0500,c024,tv,,2026-08-15T19:58:15Z,17
s013458,u0724,c014,mobile,5.3.0,2026-08-15T19:59:18Z,21
s013459,u0216,c001,mobile,5.3.0,2026-08-15T19:59:30Z,19
s013460,u0251,c043,web,,2026-08-15T21:00:00Z,45
s013461,u0700,c007,tv,,2026-08-15T21:00:05Z,32
s013462,u0337,c003,tv,,2026-08-15T21:00:37Z,24
s013463,u0231,c059,mobile,5.3.0,2026-08-15T21:00:47Z,19
s013464,u0251,c022,web,,2026-08-15T21:00:49Z,48
s013465,u0017,c001,tv,,2026-08-15T21:03:53Z,20
s013466,u0658,c015,mobile,5.3.0,2026-08-15T21:04:13Z,23
s013467,u0750,c001,tv,,2026-08-15T21:04:15Z,19
s013468,u0436,c060,tv,,2026-08-15T21:04:24Z,31
s013469,u0809,c001,mobile,5.3.0,2026-08-15T21:04:26Z,7
s013470,u0184,c058,tv,,2026-08-15T21:04:40Z,61
s013471,u0032,c001,mobile,5.3.0,2026-08-15T21:05:53Z,16
s013472,u0657,c034,mobile,5.3.0,2026-08-15T21:06:17Z,20
s013473,u0715,c005,mobile,5.3.0,2026-08-15T21:07:19Z,14
s013474,u0774,c003,mobile,5.3.0,2026-08-15T21:07:52Z,23
s013475,u0735,c001,mobile,5.3.0,2026-08-15T21:07:59Z,38
s013476,u0279,c011,web,,2026-08-15T21:08:04Z,52
s013477,u0315,c021,tv,,2026-08-15T21:10:06Z,129
s013478,u0616,c014,tv,,2026-08-15T21:10:15Z,51
s013479,u0452,c002,mobile,5.3.0,2026-08-15T21:10:38Z,40
s013480,u0430,c003,mobile,5.3.0,2026-08-15T21:10:56Z,29
s013481,u0884,c005,mobile,5.3.0,2026-08-15T21:13:12Z,21
s013482,u0619,c016,mobile,5.3.0,2026-08-15T21:13:29Z,53
s013483,u0459,c002,mobile,5.3.0,2026-08-15T21:13:57Z,32
s013484,u0411,c021,mobile,5.3.0,2026-08-15T21:15:25Z,27
s013485,u0318,c004,tv,,2026-08-15T21:17:08Z,37
s013486,u0523,c004,web,,2026-08-15T21:17:09Z,41
s013487,u0239,c003,tv,,2026-08-15T21:17:39Z,39
s013488,u0081,c021,tv,,2026-08-15T21:18:05Z,70
s013489,u0639,c001,web,,2026-08-15T21:20:04Z,37
s013490,u0180,c014,tv,,2026-08-15T21:22:20Z,41
s013491,u0049,c002,web,,2026-08-15T21:22:30Z,22
s013492,u0170,c027,mobile,5.3.0,2026-08-15T21:22:36Z,20
s013493,u0464,c015,tv,,2026-08-15T21:22:50Z,26
s013494,u0061,c001,tv,,2026-08-15T21:23:25Z,106
s013495,u0786,c037,tv,,2026-08-15T21:24:14Z,59
s013496,u0669,c022,mobile,5.3.0,2026-08-15T21:24:20Z,23
s013497,u0124,c035,mobile,5.3.0,2026-08-15T21:24:31Z,19
s013498,u0218,c024,mobile,5.3.0,2026-08-15T21:24:52Z,19
s013499,u0784,c013,web,,2026-08-15T21:25:04Z,51
s013500,u0135,c001,web,,2026-08-15T21:25:34Z,40
s013501,u0359,c002,mobile,5.3.0,2026-08-15T21:25:46Z,17
s013502,u0800,c020,mobile,5.3.0,2026-08-15T21:25:46Z,30
s013503,u0525,c007,web,,2026-08-15T21:25:55Z,20
s013504,u0398,c013,mobile,5.3.0,2026-08-15T21:26:17Z,24
s013505,u0076,c002,tv,,2026-08-15T21:28:26Z,62
s013506,u0297,c024,tv,,2026-08-15T21:29:30Z,54
s013507,u0446,c001,mobile,5.3.0,2026-08-15T21:30:16Z,43
s013508,u0622,c020,mobile,5.3.0,2026-08-15T21:30:21Z,26
s013509,u0289,c001,mobile,5.3.0,2026-08-15T21:30:57Z,16
s013510,u0196,c042,tv,,2026-08-15T21:32:27Z,39
s013511,u0008,c007,mobile,5.3.0,2026-08-15T21:34:24Z,32
s013512,u0179,c016,tv,,2026-08-15T21:35:12Z,37
s013513,u0585,c010,tv,,2026-08-15T21:37:24Z,30
s013514,u0390,c004,web,,2026-08-15T21:38:23Z,84
s013515,u0562,c002,tv,,2026-08-15T21:39:38Z,68
s013516,u0861,c004,mobile,5.3.0,2026-08-15T21:40:04Z,7
s013517,u0188,c015,mobile,5.3.0,2026-08-15T21:40:37Z,32
s013518,u0260,c018,mobile,5.3.0,2026-08-15T21:41:07Z,22
s013519,u0559,c004,mobile,5.3.0,2026-08-15T21:41:30Z,107
s013520,u0663,c004,web,,2026-08-15T21:41:37Z,108
s013521,u0540,c051,tv,,2026-08-15T21:43:12Z,38
s013522,u0297,c013,tv,,2026-08-15T21:43:26Z,24
s013523,u0575,c042,tv,,2026-08-15T21:43:28Z,67
s013524,u0584,c002,web,,2026-08-15T21:45:15Z,20
s013525,u0775,c007,mobile,5.3.0,2026-08-15T21:46:10Z,17
s013526,u0743,c009,tv,,2026-08-15T21:46:17Z,75
s013527,u0390,c029,web,,2026-08-15T21:47:21Z,14
s013528,u0131,c001,mobile,5.3.0,2026-08-15T21:48:10Z,8
s013529,u0158,c001,web,,2026-08-15T21:48:25Z,42
s013530,u0087,c010,mobile,5.3.0,2026-08-15T21:49:03Z,21
s013531,u0344,c021,mobile,5.3.0,2026-08-15T21:49:05Z,44
s013532,u0273,c007,web,,2026-08-15T21:50:33Z,31
s013533,u0688,c053,tv,,2026-08-15T21:51:33Z,60
s013534,u0662,c016,mobile,5.3.0,2026-08-15T21:52:14Z,43
s013535,u0893,c005,mobile,5.3.0,2026-08-15T21:52:48Z,18
s013536,u0484,c037,mobile,5.3.0,2026-08-15T21:53:14Z,14
s013537,u0282,c020,mobile,5.3.0,2026-08-15T21:53:23Z,24
s013538,u0068,c032,tv,,2026-08-15T21:55:00Z,29
s013539,u0417,c011,web,,2026-08-15T21:55:05Z,25
s013540,u0969,c001,web,,2026-08-15T21:55:36Z,49
s013541,u0747,c008,web,,2026-08-15T21:55:59Z,19
s013542,u0441,c010,tv,,2026-08-15T21:56:34Z,93
s013543,u0430,c037,mobile,5.3.0,2026-08-15T21:57:27Z,25
s013544,u0303,c058,mobile,5.3.0,2026-08-15T21:59:46Z,12
s013545,u0355,c004,mobile,5.3.0,2026-08-15T23:00:32Z,16
s013546,u0366,c001,mobile,5.3.0,2026-08-15T23:04:31Z,15
s013547,u0203,c004,mobile,5.3.0,2026-08-15T23:06:09Z,36
s013548,u0312,c003,mobile,5.3.0,2026-08-15T23:09:25Z,33
s013549,u0128,c060,tv,,2026-08-15T23:10:42Z,52
s013550,u0189,c054,mobile,5.3.0,2026-08-15T23:13:27Z,17
s013551,u0616,c001,tv,,2026-08-15T23:18:49Z,65
s013552,u0775,c001,mobile,5.3.0,2026-08-15T23:20:40Z,16
s013553,u0049,c012,web,,2026-08-15T23:22:46Z,19
s013554,u0954,c001,web,,2026-08-15T23:22:50Z,31
s013555,u0462,c007,mobile,5.3.0,2026-08-15T23:23:56Z,23
s013556,u0137,c022,tv,,2026-08-15T23:28:57Z,12
s013557,u0135,c035,web,,2026-08-15T23:29:52Z,81
s013558,u0008,c019,mobile,5.3.0,2026-08-15T23:29:54Z,10
s013559,u0588,c057,web,,2026-08-15T23:34:29Z,55
s013560,u0625,c001,mobile,5.3.0,2026-08-15T23:36:01Z,30
s013561,u0687,c017,mobile,5.3.0,2026-08-15T23:37:41Z,15
s013562,u0722,c027,mobile,5.3.0,2026-08-15T23:38:12Z,122
s013563,u0179,c003,tv,,2026-08-15T23:39:43Z,15
s013564,u0110,c016,mobile,5.3.0,2026-08-15T23:39:55Z,45
s013565,u0082,c007,mobile,5.3.0,2026-08-15T23:40:08Z,31
s013566,u0222,c010,mobile,5.3.0,2026-08-15T23:41:57Z,18
s013567,u0431,c007,mobile,5.3.0,2026-08-15T23:42:55Z,24
s013568,u0793,c001,tv,,2026-08-15T23:47:56Z,26
s013569,u0209,c021,tv,,2026-08-15T23:49:42Z,28
s013570,u0970,c015,mobile,5.3.0,2026-08-15T23:50:17Z,6
s013571,u0786,c004,tv,,2026-08-15T23:51:39Z,41
s013572,u0131,c002,mobile,5.3.0,2026-08-15T23:53:35Z,43
s013573,u0092,c050,web,,2026-08-15T23:55:59Z,92
s013574,u0289,c005,mobile,5.3.0,2026-08-15T23:56:29Z,16
s013575,u0289,c001,mobile,5.3.0,2026-08-15T23:57:36Z,21
s013576,u0925,c005,mobile,5.3.0,2026-08-15T23:58:00Z,41
s013577,u0460,c002,mobile,5.3.0,2026-08-15T23:58:15Z,22
s013578,u0050,c024,web,,2026-08-16T08:05:29Z,73
s013579,u0126,c004,tv,,2026-08-16T08:12:59Z,55
s013580,u0307,c028,mobile,5.3.0,2026-08-16T08:15:03Z,13
s013581,u0570,c001,mobile,5.3.0,2026-08-16T08:24:36Z,44
s013582,u0700,c019,tv,,2026-08-16T08:28:41Z,88
s013583,u0046,c006,web,,2026-08-16T08:48:31Z,49
s013584,u0136,c058,mobile,5.3.0,2026-08-16T08:49:05Z,21
s013585,u0426,c047,mobile,5.3.0,2026-08-16T08:49:22Z,28
s013586,u0099,c054,web,,2026-08-16T08:49:29Z,28
s013587,u0602,c007,mobile,5.3.0,2026-08-16T08:52:15Z,33
s013588,u0434,c016,mobile,5.3.0,2026-08-16T08:58:52Z,9
s013589,u0574,c015,mobile,5.3.0,2026-08-16T12:01:02Z,30
s013590,u0778,c001,tv,,2026-08-16T12:02:17Z,36
s013591,u0638,c053,web,,2026-08-16T12:02:55Z,50
s013592,u0049,c002,web,,2026-08-16T12:07:14Z,26
s013593,u0333,c006,mobile,5.3.0,2026-08-16T12:10:00Z,25
s013594,u0076,c006,mobile,5.3.0,2026-08-16T12:12:45Z,10
s013595,u0356,c044,mobile,5.3.0,2026-08-16T12:16:27Z,49
s013596,u0216,c059,mobile,5.3.0,2026-08-16T12:16:50Z,12
s013597,u0885,c004,web,,2026-08-16T12:18:40Z,45
s013598,u0185,c002,mobile,5.3.0,2026-08-16T12:18:53Z,23
s013599,u0271,c003,web,,2026-08-16T12:19:17Z,21
s013600,u0258,c003,mobile,5.3.0,2026-08-16T12:19:20Z,25
s013601,u0861,c005,mobile,5.3.0,2026-08-16T12:19:26Z,8
s013602,u0427,c003,web,,2026-08-16T12:19:48Z,44
s013603,u0324,c005,tv,,2026-08-16T12:20:09Z,32
s013604,u0243,c003,web,,2026-08-16T12:21:51Z,18
s013605,u0964,c009,web,,2026-08-16T12:22:00Z,17
s013606,u0560,c017,mobile,5.3.0,2026-08-16T12:24:40Z,28
s013607,u0124,c007,tv,,2026-08-16T12:26:07Z,98
s013608,u0945,c006,mobile,5.3.0,2026-08-16T12:30:03Z,14
s013609,u0858,c007,mobile,5.3.0,2026-08-16T12:31:18Z,12
s013610,u0775,c022,tv,,2026-08-16T12:35:19Z,44
s013611,u0058,c049,mobile,5.3.0,2026-08-16T12:38:10Z,22
s013612,u0743,c001,tv,,2026-08-16T12:43:48Z,30
s013613,u0419,c014,mobile,5.3.0,2026-08-16T12:47:06Z,17
s013614,u0624,c010,mobile,5.3.0,2026-08-16T12:47:17Z,8
s013615,u0883,c004,mobile,5.3.0,2026-08-16T12:47:43Z,10
s013616,u0479,c004,tv,,2026-08-16T12:52:09Z,17
s013617,u0162,c019,mobile,5.3.0,2026-08-16T12:53:24Z,50
s013618,u0216,c018,mobile,5.3.0,2026-08-16T12:53:52Z,20
s013619,u0381,c019,web,,2026-08-16T12:56:50Z,154
s013620,u0149,c023,tv,,2026-08-16T12:59:01Z,82
s013621,u0122,c001,mobile,5.3.0,2026-08-16T17:00:03Z,14
s013622,u0018,c001,web,,2026-08-16T17:01:02Z,56
s013623,u0441,c008,tv,,2026-08-16T17:04:45Z,27
s013624,u0426,c040,mobile,5.3.0,2026-08-16T17:07:35Z,17
s013625,u0697,c001,web,,2026-08-16T17:08:45Z,43
s013626,u0524,c054,mobile,5.3.0,2026-08-16T17:13:05Z,27
s013627,u0344,c009,mobile,5.3.0,2026-08-16T17:13:07Z,18
s013628,u0784,c027,web,,2026-08-16T17:15:05Z,32
s013629,u0160,c030,mobile,5.3.0,2026-08-16T17:16:53Z,20
s013630,u0562,c054,tv,,2026-08-16T17:17:51Z,24
s013631,u0907,c001,mobile,5.3.0,2026-08-16T17:18:15Z,10
s013632,u0191,c033,web,,2026-08-16T17:19:14Z,28
s013633,u0756,c040,mobile,5.3.0,2026-08-16T17:20:40Z,18
s013634,u0098,c016,tv,,2026-08-16T17:22:31Z,41
s013635,u0673,c018,tv,,2026-08-16T17:22:44Z,74
s013636,u0187,c013,web,,2026-08-16T17:23:32Z,115
s013637,u0414,c059,mobile,5.3.0,2026-08-16T17:24:41Z,9
s013638,u0737,c026,mobile,5.3.0,2026-08-16T17:24:45Z,22
s013639,u0248,c016,mobile,5.3.0,2026-08-16T17:26:54Z,20
s013640,u0764,c020,mobile,5.3.0,2026-08-16T17:26:54Z,37
s013641,u0138,c010,mobile,5.3.0,2026-08-16T17:29:15Z,18
s013642,u0318,c014,tv,,2026-08-16T17:29:16Z,12
s013643,u0398,c021,mobile,5.3.0,2026-08-16T17:29:47Z,19
s013644,u0151,c013,mobile,5.3.0,2026-08-16T17:31:08Z,9
s013645,u0665,c001,mobile,5.3.0,2026-08-16T17:33:25Z,29
s013646,u0259,c004,mobile,5.3.0,2026-08-16T17:34:10Z,7
s013647,u0750,c005,tv,,2026-08-16T17:34:26Z,70
s013648,u0316,c024,mobile,5.3.0,2026-08-16T17:36:25Z,29
s013649,u0861,c003,mobile,5.3.0,2026-08-16T17:36:39Z,7
s013650,u0697,c002,mobile,5.3.0,2026-08-16T17:40:35Z,21
s013651,u0320,c005,web,,2026-08-16T17:41:21Z,10
s013652,u0751,c005,mobile,5.3.0,2026-08-16T17:42:29Z,12
s013653,u0439,c006,mobile,5.3.0,2026-08-16T17:43:59Z,39
s013654,u0569,c018,web,,2026-08-16T17:44:21Z,60
s013655,u0467,c013,tv,,2026-08-16T17:45:52Z,123
s013656,u0556,c002,tv,,2026-08-16T17:46:18Z,32
s013657,u0760,c052,mobile,5.3.0,2026-08-16T17:46:19Z,33
s013658,u0489,c020,mobile,5.3.0,2026-08-16T17:47:52Z,28
s013659,u0681,c011,mobile,5.3.0,2026-08-16T17:48:45Z,16
s013660,u0963,c042,web,,2026-08-16T17:49:42Z,46
s013661,u0861,c048,mobile,5.3.0,2026-08-16T17:50:59Z,6
s013662,u0663,c001,web,,2026-08-16T17:54:05Z,76
s013663,u0761,c005,tv,,2026-08-16T17:54:12Z,138
s013664,u0738,c001,mobile,5.3.0,2026-08-16T17:54:37Z,19
s013665,u0551,c035,mobile,5.3.0,2026-08-16T17:54:54Z,10
s013666,u0885,c006,web,,2026-08-16T17:55:15Z,12
s013667,u0480,c013,web,,2026-08-16T17:56:28Z,67
s013668,u0245,c038,tv,,2026-08-16T17:56:50Z,15
s013669,u0546,c002,web,,2026-08-16T17:59:07Z,7
s013670,u0741,c003,tv,,2026-08-16T17:59:18Z,29
s013671,u0794,c011,mobile,5.3.0,2026-08-16T17:59:26Z,30
s013672,u0206,c013,mobile,5.3.0,2026-08-16T17:59:44Z,30
s013673,u0351,c028,tv,,2026-08-16T17:59:54Z,24
s013674,u0320,c035,web,,2026-08-16T19:00:44Z,17
s013675,u0872,c004,mobile,5.3.0,2026-08-16T19:03:08Z,24
s013676,u0588,c010,web,,2026-08-16T19:03:48Z,41
s013677,u0707,c003,web,,2026-08-16T19:04:10Z,173
s013678,u0960,c013,mobile,5.3.0,2026-08-16T19:05:56Z,38
s013679,u0547,c010,mobile,5.3.0,2026-08-16T19:07:17Z,65
s013680,u0658,c029,mobile,5.3.0,2026-08-16T19:09:26Z,7
s013681,u0460,c031,mobile,5.3.0,2026-08-16T19:09:41Z,10
s013682,u0190,c002,mobile,5.3.0,2026-08-16T19:11:39Z,70
s013683,u0226,c038,mobile,5.3.0,2026-08-16T19:12:27Z,2
s013684,u0304,c042,mobile,5.3.0,2026-08-16T19:12:52Z,43
s013685,u0694,c003,mobile,5.3.0,2026-08-16T19:12:55Z,79
s013686,u0156,c043,tv,,2026-08-16T19:12:57Z,52
s013687,u0390,c031,web,,2026-08-16T19:13:27Z,94
s013688,u0145,c019,tv,,2026-08-16T19:13:31Z,177
s013689,u0534,c008,tv,,2026-08-16T19:14:24Z,100
s013690,u0203,c002,mobile,5.3.0,2026-08-16T19:14:33Z,23
s013691,u0080,c010,tv,,2026-08-16T19:14:43Z,20
s013692,u0755,c009,mobile,5.3.0,2026-08-16T19:15:29Z,27
s013693,u0665,c016,mobile,5.3.0,2026-08-16T19:16:11Z,35
s013694,u0122,c049,web,,2026-08-16T19:16:12Z,29
s013695,u0529,c007,mobile,5.3.0,2026-08-16T19:16:13Z,14
s013696,u0880,c032,mobile,5.3.0,2026-08-16T19:18:10Z,18
s013697,u0199,c003,web,,2026-08-16T19:18:28Z,23
s013698,u0775,c003,mobile,5.3.0,2026-08-16T19:18:36Z,23
s013699,u0115,c004,mobile,5.3.0,2026-08-16T19:19:44Z,13
s013700,u0154,c003,tv,,2026-08-16T19:19:56Z,22
s013701,u0706,c010,web,,2026-08-16T19:20:18Z,12
s013702,u0216,c057,mobile,5.3.0,2026-08-16T19:20:20Z,22
s013703,u0875,c002,mobile,5.3.0,2026-08-16T19:20:59Z,51
s013704,u0643,c002,tv,,2026-08-16T19:21:06Z,33
s013705,u0076,c003,tv,,2026-08-16T19:21:59Z,19
s013706,u0772,c012,mobile,5.3.0,2026-08-16T19:23:04Z,134
s013707,u0265,c034,tv,,2026-08-16T19:24:51Z,22
s013708,u0562,c015,tv,,2026-08-16T19:25:15Z,47
s013709,u0660,c025,mobile,5.3.0,2026-08-16T19:26:32Z,24
s013710,u0663,c026,web,,2026-08-16T19:26:33Z,85
s013711,u0554,c002,web,,2026-08-16T19:27:08Z,64
s013712,u0480,c013,web,,2026-08-16T19:27:48Z,28
s013713,u0215,c012,tv,,2026-08-16T19:30:37Z,35
s013714,u0959,c006,mobile,5.3.0,2026-08-16T19:31:10Z,9
s013715,u0138,c010,mobile,5.3.0,2026-08-16T19:31:12Z,16
s013716,u0260,c001,mobile,5.3.0,2026-08-16T19:31:34Z,31
s013717,u0872,c008,mobile,5.3.0,2026-08-16T19:31:43Z,9
s013718,u0165,c025,tv,,2026-08-16T19:32:32Z,33
s013719,u0255,c007,web,,2026-08-16T19:32:44Z,21
s013720,u0766,c006,mobile,5.3.0,2026-08-16T19:33:04Z,5
s013721,u0075,c009,mobile,5.3.0,2026-08-16T19:34:23Z,8
s013722,u0477,c023,mobile,5.3.0,2026-08-16T19:34:28Z,26
s013723,u0656,c057,tv,,2026-08-16T19:34:46Z,25
s013724,u0283,c004,mobile,5.3.0,2026-08-16T19:34:52Z,13
s013725,u0329,c036,web,,2026-08-16T19:34:57Z,27
s013726,u0795,c001,mobile,5.3.0,2026-08-16T19:35:28Z,10
s013727,u0307,c003,mobile,5.3.0,2026-08-16T19:35:40Z,15
s013728,u0366,c010,mobile,5.3.0,2026-08-16T19:35:54Z,12
s013729,u0575,c025,tv,,2026-08-16T19:36:36Z,73
s013730,u0257,c006,mobile,5.3.0,2026-08-16T19:36:51Z,14
s013731,u0066,c017,mobile,5.3.0,2026-08-16T19:36:53Z,15
s013732,u0725,c005,mobile,5.3.0,2026-08-16T19:38:47Z,83
s013733,u0508,c001,web,,2026-08-16T19:39:39Z,91
s013734,u0321,c020,web,,2026-08-16T19:40:01Z,17
s013735,u0226,c044,mobile,5.3.0,2026-08-16T19:40:39Z,10
s013736,u0366,c013,mobile,5.3.0,2026-08-16T19:40:46Z,23
s013737,u0822,c016,web,,2026-08-16T19:42:31Z,46
s013738,u0935,c008,web,,2026-08-16T19:42:42Z,73
s013739,u0716,c020,tv,,2026-08-16T19:43:20Z,59
s013740,u0307,c032,mobile,5.3.0,2026-08-16T19:44:11Z,6
s013741,u0177,c011,tv,,2026-08-16T19:44:19Z,31
s013742,u0183,c056,tv,,2026-08-16T19:44:33Z,83
s013743,u0915,c004,web,,2026-08-16T19:44:51Z,19
s013744,u0248,c047,mobile,5.3.0,2026-08-16T19:46:25Z,54
s013745,u0568,c001,mobile,5.3.0,2026-08-16T19:46:58Z,28
s013746,u0207,c025,web,,2026-08-16T19:47:03Z,23
s013747,u0689,c009,tv,,2026-08-16T19:47:28Z,109
s013748,u0929,c002,mobile,5.3.0,2026-08-16T19:48:30Z,20
s013749,u0283,c005,mobile,5.3.0,2026-08-16T19:48:33Z,16
s013750,u0489,c040,mobile,5.3.0,2026-08-16T19:48:54Z,17
s013751,u0096,c005,mobile,5.3.0,2026-08-16T19:49:18Z,25
s013752,u0226,c012,mobile,5.3.0,2026-08-16T19:50:55Z,18
s013753,u0495,c017,web,,2026-08-16T19:51:00Z,18
s013754,u0711,c010,mobile,5.3.0,2026-08-16T19:52:14Z,30
s013755,u0409,c003,web,,2026-08-16T19:53:39Z,42
s013756,u0692,c009,mobile,5.3.0,2026-08-16T19:53:39Z,13
s013757,u0491,c001,web,,2026-08-16T19:53:55Z,26
s013758,u0305,c016,tv,,2026-08-16T19:55:46Z,29
s013759,u0038,c004,tv,,2026-08-16T19:55:47Z,146
s013760,u0471,c017,web,,2026-08-16T19:56:09Z,8
s013761,u0218,c054,mobile,5.3.0,2026-08-16T19:58:41Z,27
s013762,u0914,c008,mobile,5.3.0,2026-08-16T19:58:52Z,16
s013763,u0134,c007,tv,,2026-08-16T19:58:55Z,75
s013764,u0459,c005,mobile,5.3.0,2026-08-16T19:59:01Z,11
s013765,u0309,c021,tv,,2026-08-16T19:59:30Z,18
s013766,u0073,c010,mobile,5.3.0,2026-08-16T19:59:45Z,47
s013767,u0378,c007,mobile,5.3.0,2026-08-16T21:00:15Z,69
s013768,u0623,c012,mobile,5.3.0,2026-08-16T21:00:24Z,35
s013769,u0246,c049,mobile,5.3.0,2026-08-16T21:01:09Z,28
s013770,u0675,c020,tv,,2026-08-16T21:01:19Z,19
s013771,u0047,c005,mobile,5.3.0,2026-08-16T21:01:22Z,18
s013772,u0601,c001,tv,,2026-08-16T21:01:22Z,31
s013773,u0717,c053,mobile,5.3.0,2026-08-16T21:02:00Z,57
s013774,u0386,c019,mobile,5.3.0,2026-08-16T21:02:40Z,47
s013775,u0260,c033,mobile,5.3.0,2026-08-16T21:02:55Z,47
s013776,u0967,c017,mobile,5.3.0,2026-08-16T21:03:08Z,19
s013777,u0315,c043,tv,,2026-08-16T21:03:39Z,120
s013778,u0126,c001,tv,,2026-08-16T21:03:47Z,32
s013779,u0201,c004,tv,,2026-08-16T21:05:24Z,46
s013780,u0288,c041,web,,2026-08-16T21:05:24Z,17
s013781,u0355,c005,web,,2026-08-16T21:07:06Z,37
s013782,u0244,c002,mobile,5.3.0,2026-08-16T21:07:56Z,51
s013783,u0096,c031,mobile,5.3.0,2026-08-16T21:09:47Z,35
s013784,u0973,c019,tv,,2026-08-16T21:10:15Z,42
s013785,u0766,c054,mobile,5.3.0,2026-08-16T21:10:28Z,54
s013786,u0365,c001,tv,,2026-08-16T21:11:00Z,35
s013787,u0063,c048,web,,2026-08-16T21:11:30Z,47
s013788,u0103,c013,tv,,2026-08-16T21:12:25Z,81
s013789,u0165,c004,mobile,5.3.0,2026-08-16T21:12:50Z,40
s013790,u0206,c047,mobile,5.3.0,2026-08-16T21:13:24Z,7
s013791,u0412,c035,tv,,2026-08-16T21:13:56Z,18
s013792,u0346,c001,mobile,5.3.0,2026-08-16T21:14:03Z,29
s013793,u0647,c019,web,,2026-08-16T21:14:37Z,36
s013794,u0051,c001,tv,,2026-08-16T21:15:20Z,141
s013795,u0206,c050,mobile,5.3.0,2026-08-16T21:15:32Z,9
s013796,u0659,c035,tv,,2026-08-16T21:15:45Z,117
s013797,u0774,c026,mobile,5.3.0,2026-08-16T21:17:15Z,40
s013798,u0298,c002,web,,2026-08-16T21:17:35Z,37
s013799,u0164,c002,tv,,2026-08-16T21:17:39Z,124
s013800,u0053,c014,tv,,2026-08-16T21:17:48Z,58
s013801,u0078,c005,web,,2026-08-16T21:17:50Z,67
s013802,u0314,c041,tv,,2026-08-16T21:17:55Z,16
s013803,u0917,c010,tv,,2026-08-16T21:18:27Z,60
s013804,u0761,c026,mobile,5.3.0,2026-08-16T21:18:29Z,17
s013805,u0409,c001,web,,2026-08-16T21:19:37Z,46
s013806,u0503,c010,tv,,2026-08-16T21:19:57Z,41
s013807,u0861,c026,mobile,5.3.0,2026-08-16T21:19:57Z,8
s013808,u0385,c001,web,,2026-08-16T21:20:32Z,25
s013809,u0723,c002,mobile,5.3.0,2026-08-16T21:20:39Z,79
s013810,u0149,c002,tv,,2026-08-16T21:21:24Z,154
s013811,u0714,c019,mobile,5.3.0,2026-08-16T21:22:08Z,29
s013812,u0716,c039,web,,2026-08-16T21:22:29Z,86
s013813,u0944,c003,mobile,5.3.0,2026-08-16T21:24:04Z,40
s013814,u0169,c043,mobile,5.3.0,2026-08-16T21:24:14Z,16
s013815,u0861,c028,mobile,5.3.0,2026-08-16T21:24:33Z,39
s013816,u0744,c024,tv,,2026-08-16T21:25:23Z,105
s013817,u0425,c001,mobile,5.3.0,2026-08-16T21:26:22Z,43
s013818,u0545,c015,tv,,2026-08-16T21:26:40Z,18
s013819,u0189,c041,mobile,5.3.0,2026-08-16T21:26:46Z,20
s013820,u0022,c010,mobile,5.3.0,2026-08-16T21:27:32Z,34
s013821,u0111,c035,mobile,5.3.0,2026-08-16T21:28:40Z,13
s013822,u0337,c012,tv,,2026-08-16T21:30:09Z,117
s013823,u0218,c001,mobile,5.3.0,2026-08-16T21:30:24Z,19
s013824,u0122,c004,web,,2026-08-16T21:30:57Z,57
s013825,u0771,c005,tv,,2026-08-16T21:31:04Z,100
s013826,u0524,c001,mobile,5.3.0,2026-08-16T21:32:47Z,11
s013827,u0663,c003,web,,2026-08-16T21:33:05Z,64
s013828,u0018,c017,web,,2026-08-16T21:33:23Z,81
s013829,u0541,c011,tv,,2026-08-16T21:34:41Z,21
s013830,u0286,c020,mobile,5.3.0,2026-08-16T21:34:48Z,20
s013831,u0006,c003,web,,2026-08-16T21:37:01Z,50
s013832,u0671,c026,mobile,5.3.0,2026-08-16T21:37:21Z,25
s013833,u0076,c003,tv,,2026-08-16T21:38:40Z,218
s013834,u0873,c009,mobile,5.3.0,2026-08-16T21:39:58Z,9
s013835,u0242,c036,mobile,5.3.0,2026-08-16T21:40:20Z,16
s013836,u0343,c002,web,,2026-08-16T21:40:21Z,67
s013837,u0689,c014,mobile,5.3.0,2026-08-16T21:40:38Z,15
s013838,u0184,c007,tv,,2026-08-16T21:42:02Z,19
s013839,u0558,c003,mobile,5.3.0,2026-08-16T21:42:41Z,28
s013840,u0968,c001,mobile,5.3.0,2026-08-16T21:43:24Z,14
s013841,u0012,c024,web,,2026-08-16T21:43:49Z,113
s013842,u0065,c037,mobile,5.3.0,2026-08-16T21:44:00Z,11
s013843,u0026,c003,mobile,5.3.0,2026-08-16T21:45:06Z,27
s013844,u0179,c001,tv,,2026-08-16T21:46:44Z,12
s013845,u0333,c042,mobile,5.3.0,2026-08-16T21:47:18Z,71
s013846,u0533,c001,web,,2026-08-16T21:48:37Z,41
s013847,u0711,c017,mobile,5.3.0,2026-08-16T21:48:59Z,17
s013848,u0972,c015,mobile,5.3.0,2026-08-16T21:49:02Z,3
s013849,u0375,c010,tv,,2026-08-16T21:49:13Z,51
s013850,u0667,c004,web,,2026-08-16T21:50:22Z,64
s013851,u0313,c014,tv,,2026-08-16T21:51:44Z,29
s013852,u0109,c009,mobile,5.3.0,2026-08-16T21:52:41Z,24
s013853,u0520,c003,web,,2026-08-16T21:52:41Z,65
s013854,u0206,c001,mobile,5.3.0,2026-08-16T21:53:29Z,13
s013855,u0033,c019,web,,2026-08-16T21:53:57Z,28
s013856,u0258,c008,mobile,5.3.0,2026-08-16T21:54:41Z,47
s013857,u0883,c003,tv,,2026-08-16T21:56:12Z,28
s013858,u0687,c002,web,,2026-08-16T21:56:56Z,8
s013859,u0650,c002,mobile,5.3.0,2026-08-16T21:57:06Z,13
s013860,u0638,c012,web,,2026-08-16T21:59:21Z,46
s013861,u0764,c001,mobile,5.3.0,2026-08-16T21:59:26Z,9
s013862,u0306,c006,mobile,5.3.0,2026-08-16T21:59:30Z,27
s013863,u0014,c021,web,,2026-08-16T21:59:37Z,191
s013864,u0498,c010,mobile,5.3.0,2026-08-16T23:00:03Z,18
s013865,u0259,c010,mobile,5.3.0,2026-08-16T23:00:46Z,55
s013866,u0179,c054,tv,,2026-08-16T23:04:24Z,46
s013867,u0065,c039,mobile,5.3.0,2026-08-16T23:07:34Z,23
s013868,u0058,c002,mobile,5.3.0,2026-08-16T23:07:35Z,11
s013869,u0103,c043,tv,,2026-08-16T23:10:00Z,17
s013870,u0576,c042,web,,2026-08-16T23:10:50Z,90
s013871,u0688,c017,mobile,5.3.0,2026-08-16T23:10:50Z,16
s013872,u0460,c001,mobile,5.3.0,2026-08-16T23:15:35Z,4
s013873,u0430,c009,mobile,5.3.0,2026-08-16T23:16:52Z,30
s013874,u0590,c010,tv,,2026-08-16T23:17:19Z,10
s013875,u0070,c004,tv,,2026-08-16T23:17:22Z,59
s013876,u0935,c034,web,,2026-08-16T23:20:02Z,27
s013877,u0732,c007,web,,2026-08-16T23:20:45Z,60
s013878,u0804,c001,tv,,2026-08-16T23:22:40Z,85
s013879,u0054,c019,web,,2026-08-16T23:25:21Z,31
s013880,u0771,c024,tv,,2026-08-16T23:29:31Z,72
s013881,u0004,c003,mobile,5.3.0,2026-08-16T23:37:13Z,35
s013882,u0229,c004,tv,,2026-08-16T23:39:00Z,54
s013883,u0402,c003,mobile,5.3.0,2026-08-16T23:41:16Z,19
s013884,u0595,c006,mobile,5.3.0,2026-08-16T23:41:19Z,11
s013885,u0291,c044,tv,,2026-08-16T23:43:50Z,45
s013886,u0719,c026,mobile,5.3.0,2026-08-16T23:47:36Z,18
s013887,u0248,c001,mobile,5.3.0,2026-08-16T23:48:00Z,19
s013888,u0301,c035,mobile,5.3.0,2026-08-16T23:50:37Z,9
s013889,u0300,c056,mobile,5.3.0,2026-08-16T23:54:06Z,32
s013890,u0742,c025,tv,,2026-08-16T23:54:57Z,62
s013891,u0175,c001,web,,2026-08-16T23:58:19Z,37
s013892,u0151,c038,mobile,5.3.0,2026-08-16T23:58:57Z,11
s013893,u0742,c005,tv,,2026-08-16T23:59:37Z,103
s013894,u0927,c001,mobile,5.3.0,2026-08-17T08:03:37Z,12
s013895,u0204,c040,mobile,5.3.0,2026-08-17T08:03:45Z,58
s013896,u0413,c050,mobile,5.3.0,2026-08-17T08:08:24Z,73
s013897,u0252,c002,mobile,5.3.0,2026-08-17T08:11:05Z,19
s013898,u0213,c016,web,,2026-08-17T08:16:58Z,13
s013899,u0455,c026,web,,2026-08-17T08:19:49Z,22
s013900,u0994,c001,mobile,5.3.0,2026-08-17T08:21:54Z,8
s013901,u0307,c014,mobile,5.3.0,2026-08-17T08:21:55Z,9
s013902,u0545,c003,tv,,2026-08-17T08:24:58Z,78
s013903,u0374,c006,web,,2026-08-17T08:30:18Z,35
s013904,u0282,c001,mobile,5.3.0,2026-08-17T08:31:44Z,32
s013905,u0498,c058,mobile,5.3.0,2026-08-17T08:32:19Z,9
s013906,u0283,c002,mobile,5.3.0,2026-08-17T08:34:23Z,17
s013907,u0568,c045,mobile,5.3.0,2026-08-17T08:39:47Z,39
s013908,u0790,c030,mobile,5.3.0,2026-08-17T08:42:39Z,25
s013909,u0188,c022,mobile,5.3.0,2026-08-17T08:51:00Z,14
s013910,u0590,c042,tv,,2026-08-17T08:51:57Z,15
s013911,u0403,c001,tv,,2026-08-17T12:02:39Z,45
s013912,u0452,c015,mobile,5.3.0,2026-08-17T12:05:08Z,16
s013913,u0626,c001,mobile,5.3.0,2026-08-17T12:06:12Z,12
s013914,u0135,c001,web,,2026-08-17T12:06:30Z,18
s013915,u0307,c006,mobile,5.3.0,2026-08-17T12:07:39Z,18
s013916,u0349,c020,mobile,5.3.0,2026-08-17T12:08:40Z,8
s013917,u0546,c002,web,,2026-08-17T12:11:40Z,35
s013918,u0882,c001,mobile,5.3.0,2026-08-17T12:11:46Z,21
s013919,u0852,c008,web,,2026-08-17T12:16:30Z,22
s013920,u0058,c003,mobile,5.3.0,2026-08-17T12:17:37Z,19
s013921,u0479,c015,tv,,2026-08-17T12:17:39Z,56
s013922,u0464,c007,tv,,2026-08-17T12:22:35Z,66
s013923,u0795,c005,mobile,5.3.0,2026-08-17T12:23:42Z,14
s013924,u0940,c004,mobile,5.3.0,2026-08-17T12:25:29Z,45
s013925,u0383,c008,web,,2026-08-17T12:27:00Z,46
s013926,u0008,c008,mobile,5.3.0,2026-08-17T12:28:06Z,19
s013927,u0485,c006,tv,,2026-08-17T12:28:43Z,209
s013928,u0383,c034,web,,2026-08-17T12:28:57Z,23
s013929,u0056,c020,mobile,5.3.0,2026-08-17T12:29:40Z,10
s013930,u0231,c008,mobile,5.3.0,2026-08-17T12:29:47Z,13
s013931,u0779,c056,web,,2026-08-17T12:30:03Z,62
s013932,u0750,c007,tv,,2026-08-17T12:31:06Z,45
s013933,u0026,c008,mobile,5.3.0,2026-08-17T12:32:05Z,30
s013934,u0031,c005,mobile,5.3.0,2026-08-17T12:33:01Z,14
s013935,u0139,c014,web,,2026-08-17T12:33:43Z,30
s013936,u0324,c008,mobile,5.3.0,2026-08-17T12:34:12Z,182
s013937,u0530,c018,mobile,5.3.0,2026-08-17T12:40:09Z,10
s013938,u0425,c002,web,,2026-08-17T12:41:22Z,22
s013939,u0663,c049,web,,2026-08-17T12:41:49Z,63
s013940,u0659,c037,web,,2026-08-17T12:42:08Z,41
s013941,u0183,c005,tv,,2026-08-17T12:44:23Z,71
s013942,u0808,c028,tv,,2026-08-17T12:45:17Z,110
s013943,u0806,c035,web,,2026-08-17T12:46:26Z,21
s013944,u0650,c007,mobile,5.3.0,2026-08-17T12:54:09Z,12
s013945,u0231,c003,mobile,5.3.0,2026-08-17T12:58:02Z,17
s013946,u0707,c027,web,,2026-08-17T12:59:02Z,44
s013947,u0248,c004,mobile,5.3.0,2026-08-17T12:59:45Z,26
s013948,u0072,c002,mobile,5.3.0,2026-08-17T17:00:39Z,18
s013949,u0329,c015,web,,2026-08-17T17:01:17Z,12
s013950,u0707,c001,web,,2026-08-17T17:02:44Z,77
s013951,u0496,c029,mobile,5.3.0,2026-08-17T17:02:45Z,17
s013952,u0681,c003,tv,,2026-08-17T17:05:38Z,16
s013953,u0231,c009,mobile,5.3.0,2026-08-17T17:06:10Z,11
s013954,u0183,c056,mobile,5.3.0,2026-08-17T17:06:26Z,19
s013955,u0727,c006,web,,2026-08-17T17:06:31Z,108
s013956,u0755,c001,tv,,2026-08-17T17:10:48Z,104
s013957,u0819,c039,mobile,5.3.0,2026-08-17T17:16:36Z,48
s013958,u0407,c016,mobile,5.3.0,2026-08-17T17:18:50Z,17
s013959,u0098,c045,tv,,2026-08-17T17:22:17Z,74
s013960,u0434,c036,mobile,5.3.0,2026-08-17T17:22:37Z,32
s013961,u0660,c004,mobile,5.3.0,2026-08-17T17:23:40Z,94
s013962,u0671,c058,mobile,5.3.0,2026-08-17T17:25:07Z,18
s013963,u0092,c001,web,,2026-08-17T17:26:13Z,74
s013964,u0601,c037,tv,,2026-08-17T17:27:38Z,31
s013965,u0549,c030,tv,,2026-08-17T17:28:00Z,78
s013966,u0584,c003,web,,2026-08-17T17:28:17Z,32
s013967,u0704,c007,tv,,2026-08-17T17:30:24Z,190
s013968,u0450,c003,mobile,5.3.0,2026-08-17T17:30:43Z,18
s013969,u0619,c001,mobile,5.3.0,2026-08-17T17:32:08Z,40
s013970,u0663,c051,web,,2026-08-17T17:33:55Z,41
s013971,u0774,c003,mobile,5.3.0,2026-08-17T17:34:05Z,4
s013972,u0172,c022,web,,2026-08-17T17:36:19Z,10
s013973,u0593,c007,mobile,5.3.0,2026-08-17T17:37:43Z,25
s013974,u0216,c001,mobile,5.3.0,2026-08-17T17:39:43Z,11
s013975,u0792,c015,tv,,2026-08-17T17:40:31Z,26
s013976,u0201,c014,tv,,2026-08-17T17:42:22Z,205
s013977,u0052,c017,web,,2026-08-17T17:43:53Z,29
s013978,u0605,c049,tv,,2026-08-17T17:45:09Z,13
s013979,u0187,c001,web,,2026-08-17T17:45:12Z,67
s013980,u0371,c025,mobile,5.3.0,2026-08-17T17:46:02Z,52
s013981,u0589,c056,tv,,2026-08-17T17:47:18Z,33
s013982,u0534,c024,tv,,2026-08-17T17:48:00Z,21
s013983,u0570,c003,mobile,5.3.0,2026-08-17T17:48:34Z,25
s013984,u0266,c002,mobile,5.3.0,2026-08-17T17:49:23Z,16
s013985,u0282,c059,mobile,5.3.0,2026-08-17T17:50:42Z,12
s013986,u0300,c002,mobile,5.3.0,2026-08-17T17:52:10Z,12
s013987,u0274,c008,web,,2026-08-17T17:54:14Z,44
s013988,u0218,c018,mobile,5.3.0,2026-08-17T17:56:53Z,15
s013989,u0562,c044,tv,,2026-08-17T17:57:46Z,16
s013990,u0085,c011,mobile,5.3.0,2026-08-17T17:58:38Z,10
s013991,u0193,c001,web,,2026-08-17T19:00:05Z,21
s013992,u0078,c057,web,,2026-08-17T19:01:31Z,63
s013993,u0663,c004,web,,2026-08-17T19:01:35Z,97
s013994,u0066,c025,web,,2026-08-17T19:01:37Z,20
s013995,u0524,c057,tv,,2026-08-17T19:02:39Z,34
s013996,u0197,c006,tv,,2026-08-17T19:02:46Z,36
s013997,u0659,c010,web,,2026-08-17T19:02:58Z,129
s013998,u0660,c053,mobile,5.3.0,2026-08-17T19:04:18Z,10
s013999,u0748,c058,mobile,5.3.0,2026-08-17T19:04:35Z,69
s014000,u0518,c037,mobile,5.3.0,2026-08-17T19:05:13Z,36
s014001,u0596,c009,mobile,5.3.0,2026-08-17T19:07:02Z,18
s014002,u0670,c028,tv,,2026-08-17T19:07:40Z,44
s014003,u0445,c001,mobile,5.3.0,2026-08-17T19:08:37Z,9
s014004,u0588,c058,web,,2026-08-17T19:08:43Z,132
s014005,u0162,c004,mobile,5.3.0,2026-08-17T19:09:21Z,11
s014006,u0992,c006,mobile,5.3.0,2026-08-17T19:09:25Z,11
s014007,u0165,c010,tv,,2026-08-17T19:09:27Z,15
s014008,u0764,c001,mobile,5.3.0,2026-08-17T19:09:46Z,23
s014009,u0155,c003,tv,,2026-08-17T19:10:55Z,64
s014010,u0775,c003,mobile,5.3.0,2026-08-17T19:12:40Z,52
s014011,u0650,c017,mobile,5.3.0,2026-08-17T19:12:54Z,18
s014012,u0466,c003,mobile,5.3.0,2026-08-17T19:13:04Z,19
s014013,u0430,c011,mobile,5.3.0,2026-08-17T19:13:24Z,21
s014014,u0184,c027,tv,,2026-08-17T19:13:50Z,94
s014015,u0427,c025,web,,2026-08-17T19:14:01Z,27
s014016,u0601,c028,tv,,2026-08-17T19:16:14Z,54
s014017,u0279,c052,web,,2026-08-17T19:16:59Z,12
s014018,u0185,c006,mobile,5.3.0,2026-08-17T19:17:01Z,24
s014019,u0332,c006,mobile,5.3.0,2026-08-17T19:17:33Z,22
s014020,u0366,c019,mobile,5.3.0,2026-08-17T19:17:50Z,10
s014021,u0560,c022,mobile,5.3.0,2026-08-17T19:18:21Z,24
s014022,u0722,c047,mobile,5.3.0,2026-08-17T19:18:35Z,25
s014023,u0663,c029,web,,2026-08-17T19:18:36Z,47
s014024,u0358,c001,mobile,5.3.0,2026-08-17T19:19:17Z,11
s014025,u0187,c009,web,,2026-08-17T19:19:46Z,20
s014026,u0822,c038,web,,2026-08-17T19:20:35Z,29
s014027,u0246,c009,mobile,5.3.0,2026-08-17T19:21:20Z,25
s014028,u0630,c002,mobile,5.3.0,2026-08-17T19:21:27Z,18
s014029,u0932,c033,mobile,5.3.0,2026-08-17T19:21:54Z,5
s014030,u0279,c007,web,,2026-08-17T19:22:32Z,19
s014031,u0448,c016,mobile,5.3.0,2026-08-17T19:22:42Z,48
s014032,u0801,c001,web,,2026-08-17T19:23:06Z,5
s014033,u0138,c054,mobile,5.3.0,2026-08-17T19:23:10Z,12
s014034,u0704,c050,tv,,2026-08-17T19:23:10Z,63
s014035,u0195,c001,tv,,2026-08-17T19:23:26Z,68
s014036,u0560,c001,mobile,5.3.0,2026-08-17T19:23:33Z,14
s014037,u0138,c002,mobile,5.3.0,2026-08-17T19:24:14Z,22
s014038,u0463,c018,mobile,5.3.0,2026-08-17T19:24:32Z,50
s014039,u0575,c059,web,,2026-08-17T19:25:59Z,53
s014040,u0491,c036,mobile,5.3.0,2026-08-17T19:26:00Z,19
s014041,u0153,c043,tv,,2026-08-17T19:26:21Z,62
s014042,u0217,c017,tv,,2026-08-17T19:26:47Z,28
s014043,u0630,c002,tv,,2026-08-17T19:26:59Z,20
s014044,u0997,c001,mobile,5.3.0,2026-08-17T19:27:20Z,4
s014045,u0420,c001,web,,2026-08-17T19:27:47Z,65
s014046,u0779,c002,web,,2026-08-17T19:28:43Z,10
s014047,u0069,c021,mobile,5.3.0,2026-08-17T19:28:47Z,48
s014048,u0024,c001,tv,,2026-08-17T19:30:26Z,83
s014049,u0564,c006,mobile,5.3.0,2026-08-17T19:30:27Z,30
s014050,u0997,c003,mobile,5.3.0,2026-08-17T19:30:35Z,15
s014051,u0737,c026,mobile,5.3.0,2026-08-17T19:30:45Z,20
s014052,u0809,c001,tv,,2026-08-17T19:30:51Z,24
s014053,u0335,c010,tv,,2026-08-17T19:30:58Z,30
s014054,u0922,c005,mobile,5.3.0,2026-08-17T19:31:43Z,10
s014055,u0793,c038,tv,,2026-08-17T19:31:49Z,93
s014056,u0984,c005,mobile,5.3.0,2026-08-17T19:31:49Z,15
s014057,u0757,c039,mobile,5.3.0,2026-08-17T19:32:01Z,12
s014058,u0311,c003,tv,,2026-08-17T19:32:27Z,73
s014059,u0768,c022,web,,2026-08-17T19:32:44Z,17
s014060,u0994,c004,web,,2026-08-17T19:32:47Z,37
s014061,u0118,c003,web,,2026-08-17T19:33:11Z,45
s014062,u0954,c001,mobile,5.3.0,2026-08-17T19:34:34Z,27
s014063,u0980,c001,mobile,5.3.0,2026-08-17T19:34:59Z,28
s014064,u0164,c003,tv,,2026-08-17T19:36:12Z,95
s014065,u0972,c008,mobile,5.3.0,2026-08-17T19:36:29Z,13
s014066,u0012,c049,web,,2026-08-17T19:36:40Z,115
s014067,u0080,c001,tv,,2026-08-17T19:37:45Z,46
s014068,u0027,c001,tv,,2026-08-17T19:38:03Z,23
s014069,u0564,c005,web,,2026-08-17T19:38:11Z,35
s014070,u0590,c009,tv,,2026-08-17T19:39:32Z,18
s014071,u0387,c001,web,,2026-08-17T19:39:49Z,18
s014072,u0806,c011,web,,2026-08-17T19:40:51Z,53
s014073,u0650,c001,mobile,5.3.0,2026-08-17T19:41:06Z,8
s014074,u0890,c041,web,,2026-08-17T19:41:47Z,56
s014075,u0138,c026,mobile,5.3.0,2026-08-17T19:42:45Z,21
s014076,u0741,c014,tv,,2026-08-17T19:43:06Z,32
s014077,u0883,c001,mobile,5.3.0,2026-08-17T19:43:22Z,10
s014078,u0004,c005,tv,,2026-08-17T19:44:16Z,51
s014079,u0198,c029,mobile,5.3.0,2026-08-17T19:45:49Z,23
s014080,u0302,c032,tv,,2026-08-17T19:45:50Z,38
s014081,u0808,c026,mobile,5.3.0,2026-08-17T19:46:25Z,56
s014082,u0318,c009,tv,,2026-08-17T19:46:46Z,43
s014083,u0309,c004,tv,,2026-08-17T19:46:47Z,44
s014084,u0629,c013,tv,,2026-08-17T19:46:54Z,12
s014085,u0593,c032,mobile,5.3.0,2026-08-17T19:47:28Z,31
s014086,u0454,c005,tv,,2026-08-17T19:48:33Z,23
s014087,u0197,c001,tv,,2026-08-17T19:48:53Z,36
s014088,u0324,c005,tv,,2026-08-17T19:49:00Z,29
s014089,u0704,c001,tv,,2026-08-17T19:49:36Z,46
s014090,u0623,c008,web,,2026-08-17T19:49:49Z,74
s014091,u0694,c002,mobile,5.3.0,2026-08-17T19:49:51Z,75
s014092,u0822,c032,web,,2026-08-17T19:49:52Z,74
s014093,u0391,c002,web,,2026-08-17T19:49:56Z,29
s014094,u0491,c004,web,,2026-08-17T19:50:00Z,59
s014095,u0448,c001,mobile,5.3.0,2026-08-17T19:50:14Z,30
s014096,u0037,c014,tv,,2026-08-17T19:50:18Z,55
s014097,u0681,c002,tv,,2026-08-17T19:50:50Z,41
s014098,u0467,c005,mobile,5.3.0,2026-08-17T19:51:37Z,30
s014099,u0620,c005,tv,,2026-08-17T19:51:49Z,92
s014100,u0807,c011,mobile,5.3.0,2026-08-17T19:52:00Z,11
s014101,u0984,c012,tv,,2026-08-17T19:54:48Z,19
s014102,u0245,c008,tv,,2026-08-17T19:55:17Z,31
s014103,u0817,c004,mobile,5.3.0,2026-08-17T19:55:23Z,7
s014104,u0247,c045,tv,,2026-08-17T19:55:40Z,74
s014105,u0430,c006,mobile,5.3.0,2026-08-17T19:55:42Z,24
s014106,u0596,c001,web,,2026-08-17T19:55:53Z,32
s014107,u0929,c046,mobile,5.3.0,2026-08-17T19:56:50Z,12
s014108,u0399,c017,mobile,5.3.0,2026-08-17T19:57:46Z,22
s014109,u0028,c048,tv,,2026-08-17T19:58:10Z,51
s014110,u0255,c020,web,,2026-08-17T19:58:40Z,50
s014111,u0600,c053,web,,2026-08-17T19:58:41Z,78
s014112,u0623,c029,web,,2026-08-17T21:00:37Z,79
s014113,u0795,c027,tv,,2026-08-17T21:01:11Z,30
s014114,u0976,c006,mobile,5.3.0,2026-08-17T21:01:15Z,14
s014115,u0303,c012,mobile,5.3.0,2026-08-17T21:02:26Z,15
s014116,u0925,c006,mobile,5.3.0,2026-08-17T21:02:43Z,21
s014117,u0814,c010,web,,2026-08-17T21:02:57Z,5
s014118,u0505,c006,tv,,2026-08-17T21:03:23Z,192
s014119,u0784,c011,web,,2026-08-17T21:03:31Z,9
s014120,u0647,c008,web,,2026-08-17T21:03:45Z,22
s014121,u0317,c056,web,,2026-08-17T21:04:17Z,17
s014122,u0462,c015,mobile,5.3.0,2026-08-17T21:04:49Z,13
s014123,u0675,c015,mobile,5.3.0,2026-08-17T21:05:01Z,3
s014124,u0156,c011,tv,,2026-08-17T21:05:54Z,45
s014125,u0122,c032,web,,2026-08-17T21:05:59Z,12
s014126,u0560,c037,mobile,5.3.0,2026-08-17T21:06:04Z,18
s014127,u0512,c002,mobile,5.3.0,2026-08-17T21:06:22Z,35
s014128,u0997,c025,mobile,5.3.0,2026-08-17T21:07:37Z,9
s014129,u0575,c001,tv,,2026-08-17T21:08:11Z,40
s014130,u0323,c001,tv,,2026-08-17T21:08:16Z,98
s014131,u0786,c036,tv,,2026-08-17T21:08:51Z,26
s014132,u0279,c023,web,,2026-08-17T21:09:22Z,21
s014133,u0315,c006,tv,,2026-08-17T21:10:03Z,125
s014134,u0945,c023,mobile,5.3.0,2026-08-17T21:10:46Z,4
s014135,u0881,c030,mobile,5.3.0,2026-08-17T21:11:03Z,18
s014136,u0762,c026,tv,,2026-08-17T21:11:13Z,50
s014137,u0691,c005,web,,2026-08-17T21:11:38Z,11
s014138,u0613,c021,web,,2026-08-17T21:12:38Z,28
s014139,u0169,c007,mobile,5.3.0,2026-08-17T21:12:44Z,7
s014140,u0462,c030,mobile,5.3.0,2026-08-17T21:13:04Z,43
s014141,u0385,c031,web,,2026-08-17T21:13:20Z,40
s014142,u0447,c029,tv,,2026-08-17T21:14:25Z,28
s014143,u0775,c004,mobile,5.3.0,2026-08-17T21:14:27Z,9
s014144,u0161,c005,mobile,5.3.0,2026-08-17T21:14:28Z,48
s014145,u0210,c009,tv,,2026-08-17T21:14:39Z,69
s014146,u0264,c058,mobile,5.3.0,2026-08-17T21:14:41Z,9
s014147,u0744,c002,tv,,2026-08-17T21:15:19Z,38
s014148,u0171,c056,mobile,5.3.0,2026-08-17T21:16:04Z,18
s014149,u0697,c009,web,,2026-08-17T21:17:07Z,22
s014150,u0957,c003,mobile,5.3.0,2026-08-17T21:17:42Z,33
s014151,u0324,c004,tv,,2026-08-17T21:17:59Z,78
s014152,u0134,c003,tv,,2026-08-17T21:18:02Z,13
s014153,u0868,c007,mobile,5.3.0,2026-08-17T21:19:14Z,8
s014154,u0136,c053,mobile,5.3.0,2026-08-17T21:19:25Z,19
s014155,u0099,c025,web,,2026-08-17T21:20:44Z,32
s014156,u0292,c058,tv,,2026-08-17T21:21:02Z,50
s014157,u0795,c017,mobile,5.3.0,2026-08-17T21:21:36Z,9
s014158,u0606,c004,mobile,5.3.0,2026-08-17T21:21:51Z,23
s014159,u0100,c002,web,,2026-08-17T21:23:30Z,42
s014160,u0247,c001,mobile,5.3.0,2026-08-17T21:23:39Z,12
s014161,u0166,c006,web,,2026-08-17T21:24:09Z,56
s014162,u0307,c002,mobile,5.3.0,2026-08-17T21:24:12Z,27
s014163,u0476,c007,tv,,2026-08-17T21:24:47Z,51
s014164,u0344,c041,mobile,5.3.0,2026-08-17T21:24:58Z,8
s014165,u0530,c001,tv,,2026-08-17T21:25:10Z,10
s014166,u0631,c007,mobile,5.3.0,2026-08-17T21:25:23Z,33
s014167,u0929,c048,mobile,5.3.0,2026-08-17T21:25:56Z,17
s014168,u0665,c001,mobile,5.3.0,2026-08-17T21:26:21Z,29
s014169,u0805,c002,tv,,2026-08-17T21:26:25Z,74
s014170,u0757,c035,mobile,5.3.0,2026-08-17T21:26:40Z,13
s014171,u0441,c032,tv,,2026-08-17T21:26:48Z,189
s014172,u0210,c001,tv,,2026-08-17T21:26:59Z,20
s014173,u0221,c032,mobile,5.3.0,2026-08-17T21:27:11Z,11
s014174,u0756,c003,mobile,5.3.0,2026-08-17T21:29:29Z,26
s014175,u0574,c020,mobile,5.3.0,2026-08-17T21:29:41Z,26
s014176,u0366,c005,mobile,5.3.0,2026-08-17T21:30:49Z,9
s014177,u0948,c031,mobile,5.3.0,2026-08-17T21:31:12Z,30
s014178,u0665,c008,mobile,5.3.0,2026-08-17T21:31:20Z,12
s014179,u0421,c006,mobile,5.3.0,2026-08-17T21:31:29Z,13
s014180,u0066,c026,tv,,2026-08-17T21:31:55Z,75
s014181,u0738,c011,mobile,5.3.0,2026-08-17T21:32:16Z,33
s014182,u0274,c020,mobile,5.3.0,2026-08-17T21:32:20Z,24
s014183,u0959,c060,mobile,5.3.0,2026-08-17T21:32:31Z,6
s014184,u0658,c032,mobile,5.3.0,2026-08-17T21:33:01Z,15
s014185,u0383,c046,web,,2026-08-17T21:33:58Z,34
s014186,u0386,c001,mobile,5.3.0,2026-08-17T21:34:35Z,49
s014187,u0666,c008,mobile,5.3.0,2026-08-17T21:34:53Z,11
s014188,u0929,c004,mobile,5.3.0,2026-08-17T21:34:57Z,9
s014189,u0311,c001,tv,,2026-08-17T21:35:00Z,24
s014190,u0802,c049,mobile,5.3.0,2026-08-17T21:35:08Z,32
s014191,u0288,c034,web,,2026-08-17T21:35:24Z,31
s014192,u0122,c012,mobile,5.3.0,2026-08-17T21:36:25Z,31
s014193,u0076,c054,tv,,2026-08-17T21:36:41Z,22
s014194,u0123,c047,web,,2026-08-17T21:37:11Z,63
s014195,u0939,c005,mobile,5.3.0,2026-08-17T21:38:56Z,11
s014196,u0517,c001,mobile,5.3.0,2026-08-17T21:39:06Z,14
s014197,u0593,c009,mobile,5.3.0,2026-08-17T21:39:07Z,21
s014198,u0355,c058,mobile,5.3.0,2026-08-17T21:40:20Z,18
s014199,u0883,c012,mobile,5.3.0,2026-08-17T21:40:26Z,17
s014200,u0743,c027,tv,,2026-08-17T21:41:08Z,44
s014201,u0166,c002,web,,2026-08-17T21:42:03Z,40
s014202,u0479,c038,mobile,5.3.0,2026-08-17T21:43:39Z,21
s014203,u0386,c001,mobile,5.3.0,2026-08-17T21:44:16Z,7
s014204,u0413,c050,web,,2026-08-17T21:46:25Z,101
s014205,u0305,c003,tv,,2026-08-17T21:47:25Z,76
s014206,u0711,c002,mobile,5.3.0,2026-08-17T21:48:10Z,10
s014207,u0591,c059,mobile,5.3.0,2026-08-17T21:48:52Z,35
s014208,u0027,c001,tv,,2026-08-17T21:49:15Z,13
s014209,u0737,c001,mobile,5.3.0,2026-08-17T21:49:33Z,31
s014210,u0588,c001,web,,2026-08-17T21:49:37Z,26
s014211,u0430,c018,mobile,5.3.0,2026-08-17T21:49:46Z,16
s014212,u0629,c011,tv,,2026-08-17T21:50:11Z,29
s014213,u0524,c010,mobile,5.3.0,2026-08-17T21:53:20Z,24
s014214,u0702,c013,mobile,5.3.0,2026-08-17T21:53:34Z,18
s014215,u0607,c002,tv,,2026-08-17T21:55:41Z,150
s014216,u0588,c057,web,,2026-08-17T21:56:35Z,31
s014217,u0012,c001,web,,2026-08-17T21:57:25Z,33
s014218,u0083,c026,mobile,5.3.0,2026-08-17T21:57:43Z,49
s014219,u0103,c001,tv,,2026-08-17T23:00:30Z,22
s014220,u0419,c010,web,,2026-08-17T23:01:59Z,48
s014221,u0586,c013,mobile,5.3.0,2026-08-17T23:02:08Z,13
s014222,u0822,c001,web,,2026-08-17T23:03:18Z,25
s014223,u0589,c010,tv,,2026-08-17T23:03:21Z,33
s014224,u0967,c005,mobile,5.3.0,2026-08-17T23:03:22Z,28
s014225,u0705,c002,mobile,5.3.0,2026-08-17T23:07:31Z,40
s014226,u0774,c001,mobile,5.3.0,2026-08-17T23:08:49Z,22
s014227,u0629,c031,tv,,2026-08-17T23:11:55Z,12
s014228,u0723,c014,mobile,5.3.0,2026-08-17T23:15:09Z,12
s014229,u0731,c002,mobile,5.3.0,2026-08-17T23:16:48Z,48
s014230,u0218,c010,mobile,5.3.0,2026-08-17T23:18:04Z,31
s014231,u0138,c038,mobile,5.3.0,2026-08-17T23:18:47Z,38
s014232,u0512,c002,mobile,5.3.0,2026-08-17T23:19:14Z,18
s014233,u0530,c012,mobile,5.3.0,2026-08-17T23:19:48Z,7
s014234,u0525,c002,web,,2026-08-17T23:24:50Z,43
s014235,u0158,c004,web,,2026-08-17T23:25:05Z,65
s014236,u0941,c016,mobile,5.3.0,2026-08-17T23:30:12Z,28
s014237,u0638,c004,web,,2026-08-17T23:34:50Z,32
s014238,u0521,c051,mobile,5.3.0,2026-08-17T23:35:22Z,25
s014239,u0121,c046,tv,,2026-08-17T23:36:35Z,37
s014240,u0218,c015,mobile,5.3.0,2026-08-17T23:38:31Z,33
s014241,u0349,c012,tv,,2026-08-17T23:39:25Z,87
s014242,u0780,c055,tv,,2026-08-17T23:42:17Z,31
s014243,u0523,c010,mobile,5.3.0,2026-08-17T23:42:59Z,17
s014244,u0930,c019,mobile,5.3.0,2026-08-17T23:42:59Z,4
s014245,u0577,c001,tv,,2026-08-17T23:46:47Z,19
s014246,u0762,c021,tv,,2026-08-17T23:47:41Z,27
s014247,u0145,c001,tv,,2026-08-17T23:50:24Z,17
s014248,u0183,c013,web,,2026-08-17T23:50:51Z,26
s014249,u0472,c040,mobile,5.3.0,2026-08-17T23:52:51Z,72
s014250,u0169,c040,mobile,5.3.0,2026-08-17T23:53:33Z,16
s014251,u0225,c048,web,,2026-08-17T23:54:13Z,19
s014252,u0139,c004,web,,2026-08-17T23:54:39Z,40
s014253,u0349,c011,tv,,2026-08-17T23:54:48Z,129
s014254,u0699,c018,mobile,5.3.0,2026-08-18T08:05:46Z,35
s014255,u0505,c001,web,,2026-08-18T08:08:56Z,53
s014256,u0491,c030,web,,2026-08-18T08:19:47Z,23
s014257,u0710,c010,tv,,2026-08-18T08:20:36Z,8
s014258,u0710,c023,tv,,2026-08-18T08:20:58Z,24
s014259,u0216,c012,mobile,5.3.0,2026-08-18T08:25:25Z,9
s014260,u0165,c001,tv,,2026-08-18T08:28:10Z,32
s014261,u0534,c032,mobile,5.3.0,2026-08-18T08:33:21Z,27
s014262,u0551,c039,mobile,5.3.0,2026-08-18T08:39:58Z,11
s014263,u0575,c043,tv,,2026-08-18T08:49:10Z,101
s014264,u0518,c047,mobile,5.3.0,2026-08-18T08:57:57Z,14
s014265,u0382,c002,tv,,2026-08-18T12:01:33Z,55
s014266,u0629,c017,tv,,2026-08-18T12:05:11Z,36
s014267,u0631,c012,mobile,5.3.0,2026-08-18T12:07:52Z,19
s014268,u0390,c004,mobile,5.3.0,2026-08-18T12:08:51Z,14
s014269,u0197,c053,tv,,2026-08-18T12:09:34Z,65
s014270,u0669,c001,mobile,5.3.0,2026-08-18T12:10:11Z,44
s014271,u0138,c001,mobile,5.3.0,2026-08-18T12:10:54Z,15
s014272,u0499,c009,web,,2026-08-18T12:11:12Z,114
s014273,u0357,c012,mobile,5.3.0,2026-08-18T12:11:18Z,25
s014274,u0607,c026,tv,,2026-08-18T12:11:56Z,36
s014275,u0455,c004,web,,2026-08-18T12:12:02Z,42
s014276,u0390,c015,web,,2026-08-18T12:16:57Z,33
s014277,u0930,c001,mobile,5.3.0,2026-08-18T12:18:21Z,6
s014278,u0046,c008,web,,2026-08-18T12:19:21Z,25
s014279,u0018,c007,tv,,2026-08-18T12:21:14Z,32
s014280,u0525,c001,web,,2026-08-18T12:21:23Z,56
s014281,u0478,c001,tv,,2026-08-18T12:22:09Z,87
s014282,u0956,c003,web,,2026-08-18T12:22:13Z,30
s014283,u0165,c009,tv,,2026-08-18T12:26:14Z,15
s014284,u0575,c020,tv,,2026-08-18T12:29:56Z,117
s014285,u0414,c002,mobile,5.3.0,2026-08-18T12:30:45Z,31
s014286,u0621,c023,mobile,5.3.0,2026-08-18T12:31:53Z,15
s014287,u0967,c059,tv,,2026-08-18T12:34:38Z,26
s014288,u0257,c005,mobile,5.3.0,2026-08-18T12:34:39Z,18
s014289,u0016,c020,tv,,2026-08-18T12:41:00Z,16
s014290,u0357,c021,mobile,5.3.0,2026-08-18T12:42:49Z,18
s014291,u0152,c027,web,,2026-08-18T12:43:56Z,38
s014292,u0493,c027,web,,2026-08-18T12:45:33Z,36
s014293,u0437,c027,tv,,2026-08-18T12:46:25Z,122
s014294,u0719,c001,mobile,5.3.0,2026-08-18T12:48:11Z,31
s014295,u0181,c031,mobile,5.3.0,2026-08-18T12:50:16Z,24
s014296,u0585,c030,mobile,5.3.0,2026-08-18T12:50:21Z,15
s014297,u0606,c007,mobile,5.3.0,2026-08-18T12:52:02Z,52
s014298,u0301,c023,mobile,5.3.0,2026-08-18T12:53:10Z,23
s014299,u1008,c004,mobile,5.3.0,2026-08-18T12:55:36Z,61
s014300,u0741,c001,tv,,2026-08-18T12:58:11Z,95
s014301,u0017,c005,mobile,5.3.0,2026-08-18T12:58:52Z,9
s014302,u0141,c026,tv,,2026-08-18T12:59:08Z,41
s014303,u0771,c013,tv,,2026-08-18T12:59:41Z,27
s014304,u0138,c015,mobile,5.3.0,2026-08-18T17:00:53Z,17
s014305,u0786,c035,tv,,2026-08-18T17:04:28Z,38
s014306,u0822,c022,mobile,5.3.0,2026-08-18T17:06:21Z,20
s014307,u0390,c002,web,,2026-08-18T17:07:09Z,21
s014308,u0874,c002,mobile,5.3.0,2026-08-18T17:07:40Z,16
s014309,u0363,c010,web,,2026-08-18T17:11:50Z,175
s014310,u0806,c052,mobile,5.3.0,2026-08-18T17:12:23Z,18
s014311,u0606,c003,mobile,5.3.0,2026-08-18T17:12:57Z,18
s014312,u0355,c002,web,,2026-08-18T17:15:19Z,44
s014313,u0669,c001,mobile,5.3.0,2026-08-18T17:16:13Z,49
s014314,u0406,c012,mobile,5.3.0,2026-08-18T17:16:25Z,22
s014315,u0306,c040,tv,,2026-08-18T17:19:01Z,46
s014316,u0802,c001,web,,2026-08-18T17:19:51Z,27
s014317,u0035,c004,web,,2026-08-18T17:21:02Z,37
s014318,u0594,c001,tv,,2026-08-18T17:22:10Z,34
s014319,u0170,c025,mobile,5.3.0,2026-08-18T17:23:10Z,25
s014320,u0291,c001,web,,2026-08-18T17:23:56Z,20
s014321,u0097,c002,web,,2026-08-18T17:25:11Z,21
s014322,u0162,c017,mobile,5.3.0,2026-08-18T17:25:47Z,13
s014323,u0652,c021,web,,2026-08-18T17:25:53Z,17
s014324,u0575,c006,tv,,2026-08-18T17:26:45Z,109
s014325,u0351,c002,tv,,2026-08-18T17:27:38Z,198
s014326,u0426,c001,tv,,2026-08-18T17:27:47Z,98
s014327,u0444,c017,tv,,2026-08-18T17:28:24Z,36
s014328,u0051,c001,tv,,2026-08-18T17:28:33Z,33
s014329,u0957,c004,mobile,5.3.0,2026-08-18T17:28:38Z,25
s014330,u0217,c009,mobile,5.3.0,2026-08-18T17:28:56Z,15
s014331,u0668,c010,mobile,5.3.0,2026-08-18T17:30:13Z,17
s014332,u0725,c004,mobile,5.3.0,2026-08-18T17:34:01Z,117
s014333,u0409,c002,web,,2026-08-18T17:36:30Z,46
s014334,u0160,c008,tv,,2026-08-18T17:37:09Z,12
s014335,u0800,c001,mobile,5.3.0,2026-08-18T17:38:10Z,9
s014336,u0800,c004,web,,2026-08-18T17:39:05Z,15
s014337,u0102,c008,mobile,5.3.0,2026-08-18T17:39:41Z,14
s014338,u0264,c003,web,,2026-08-18T17:40:25Z,41
s014339,u0187,c039,web,,2026-08-18T17:40:38Z,32
s014340,u0308,c046,tv,,2026-08-18T17:40:54Z,41
s014341,u0178,c010,web,,2026-08-18T17:41:05Z,31
s014342,u0219,c001,mobile,5.3.0,2026-08-18T17:41:05Z,12
s014343,u0723,c039,mobile,5.3.0,2026-08-18T17:41:24Z,50
s014344,u0437,c001,mobile,5.3.0,2026-08-18T17:42:39Z,45
s014345,u0926,c001,mobile,5.3.0,2026-08-18T17:43:02Z,18
s014346,u0385,c001,web,,2026-08-18T17:43:19Z,83
s014347,u1030,c013,web,,2026-08-18T17:43:38Z,12
s014348,u1030,c001,mobile,5.3.0,2026-08-18T17:44:08Z,10
s014349,u0459,c002,web,,2026-08-18T17:44:14Z,26
s014350,u0477,c054,web,,2026-08-18T17:45:11Z,71
s014351,u0814,c019,web,,2026-08-18T17:47:22Z,20
s014352,u0772,c043,mobile,5.3.0,2026-08-18T17:50:57Z,49
s014353,u0138,c001,tv,,2026-08-18T17:51:09Z,29
s014354,u0087,c011,mobile,5.3.0,2026-08-18T17:55:25Z,35
s014355,u0947,c036,mobile,5.3.0,2026-08-18T17:56:14Z,50
s014356,u0899,c005,mobile,5.3.0,2026-08-18T17:56:58Z,15
s014357,u0312,c023,mobile,5.3.0,2026-08-18T17:57:06Z,55
s014358,u0822,c015,web,,2026-08-18T17:57:12Z,27
s014359,u0907,c005,mobile,5.3.0,2026-08-18T17:57:35Z,12
s014360,u0587,c044,web,,2026-08-18T17:58:26Z,28
s014361,u0060,c009,tv,,2026-08-18T17:58:32Z,43
s014362,u0044,c008,mobile,5.3.0,2026-08-18T17:59:14Z,8
s014363,u0672,c013,mobile,5.3.0,2026-08-18T17:59:18Z,14
s014364,u0817,c025,mobile,5.3.0,2026-08-18T19:00:14Z,31
s014365,u0498,c058,mobile,5.3.0,2026-08-18T19:00:32Z,30
s014366,u0648,c043,mobile,5.3.0,2026-08-18T19:00:33Z,17
s014367,u0027,c001,tv,,2026-08-18T19:00:48Z,59
s014368,u0576,c033,web,,2026-08-18T19:01:32Z,29
s014369,u0794,c003,mobile,5.3.0,2026-08-18T19:02:30Z,9
s014370,u0248,c008,mobile,5.3.0,2026-08-18T19:02:35Z,30
s014371,u0491,c002,web,,2026-08-18T19:03:57Z,45
s014372,u0601,c011,tv,,2026-08-18T19:04:42Z,27
s014373,u0648,c002,mobile,5.3.0,2026-08-18T19:05:41Z,55
s014374,u0088,c005,mobile,5.3.0,2026-08-18T19:06:25Z,10
s014375,u0105,c012,web,,2026-08-18T19:06:51Z,22
s014376,u0210,c049,tv,,2026-08-18T19:06:53Z,30
s014377,u0497,c002,mobile,5.3.0,2026-08-18T19:06:57Z,69
s014378,u0491,c002,web,,2026-08-18T19:08:13Z,52
s014379,u0356,c022,web,,2026-08-18T19:08:14Z,33
s014380,u0022,c014,mobile,5.3.0,2026-08-18T19:08:15Z,12
s014381,u0346,c002,mobile,5.3.0,2026-08-18T19:08:29Z,30
s014382,u0601,c005,mobile,5.3.0,2026-08-18T19:08:41Z,22
s014383,u0732,c005,web,,2026-08-18T19:09:06Z,28
s014384,u0737,c002,mobile,5.3.0,2026-08-18T19:10:33Z,20
s014385,u0822,c002,web,,2026-08-18T19:10:55Z,35
s014386,u0099,c049,mobile,5.3.0,2026-08-18T19:11:01Z,21
s014387,u0096,c005,mobile,5.3.0,2026-08-18T19:11:30Z,69
s014388,u0252,c005,mobile,5.3.0,2026-08-18T19:11:40Z,10
s014389,u0004,c003,web,,2026-08-18T19:12:39Z,118
s014390,u0746,c025,mobile,5.3.0,2026-08-18T19:12:49Z,30
s014391,u0220,c055,mobile,5.3.0,2026-08-18T19:13:22Z,17
s014392,u0247,c018,web,,2026-08-18T19:14:26Z,81
s014393,u0622,c001,mobile,5.3.0,2026-08-18T19:14:30Z,35
s014394,u0024,c023,tv,,2026-08-18T19:14:51Z,102
s014395,u0701,c015,mobile,5.3.0,2026-08-18T19:15:06Z,31
s014396,u0819,c012,mobile,5.3.0,2026-08-18T19:15:22Z,28
s014397,u0247,c059,mobile,5.3.0,2026-08-18T19:15:43Z,27
s014398,u0003,c027,mobile,5.3.0,2026-08-18T19:16:07Z,21
s014399,u0481,c015,tv,,2026-08-18T19:16:14Z,33
s014400,u0517,c015,mobile,5.3.0,2026-08-18T19:16:33Z,48
s014401,u0216,c007,mobile,5.3.0,2026-08-18T19:16:34Z,16
s014402,u0349,c018,tv,,2026-08-18T19:16:54Z,85
s014403,u0183,c049,tv,,2026-08-18T19:17:05Z,22
s014404,u0569,c017,web,,2026-08-18T19:17:36Z,28
s014405,u0524,c005,mobile,5.3.0,2026-08-18T19:17:37Z,21
s014406,u0737,c003,mobile,5.3.0,2026-08-18T19:17:54Z,26
s014407,u0453,c014,mobile,5.3.0,2026-08-18T19:18:01Z,21
s014408,u0110,c054,mobile,5.3.0,2026-08-18T19:19:06Z,17
s014409,u0781,c038,mobile,5.3.0,2026-08-18T19:19:20Z,12
s014410,u0576,c017,web,,2026-08-18T19:19:56Z,137
s014411,u0137,c004,tv,,2026-08-18T19:20:40Z,63
s014412,u0187,c002,web,,2026-08-18T19:20:50Z,49
s014413,u0075,c005,mobile,5.3.0,2026-08-18T19:22:52Z,4
s014414,u0106,c016,mobile,5.3.0,2026-08-18T19:23:43Z,21
s014415,u0774,c018,mobile,5.3.0,2026-08-18T19:23:45Z,26
s014416,u0337,c037,tv,,2026-08-18T19:24:15Z,179
s014417,u0518,c005,mobile,5.3.0,2026-08-18T19:25:10Z,18
s014418,u0194,c003,web,,2026-08-18T19:25:44Z,38
s014419,u0690,c006,mobile,5.3.0,2026-08-18T19:26:05Z,14
s014420,u0371,c053,mobile,5.3.0,2026-08-18T19:27:03Z,14
s014421,u0165,c011,tv,,2026-08-18T19:27:07Z,40
s014422,u0101,c010,tv,,2026-08-18T19:27:44Z,79
s014423,u0949,c046,tv,,2026-08-18T19:27:46Z,21
s014424,u0209,c008,tv,,2026-08-18T19:28:19Z,49
s014425,u0928,c033,web,,2026-08-18T19:29:32Z,42
s014426,u0469,c004,tv,,2026-08-18T19:29:41Z,25
s014427,u0711,c005,mobile,5.3.0,2026-08-18T19:31:00Z,37
s014428,u0223,c015,tv,,2026-08-18T19:31:20Z,25
s014429,u0787,c047,mobile,5.3.0,2026-08-18T19:32:06Z,11
s014430,u0944,c002,mobile,5.3.0,2026-08-18T19:32:08Z,12
s014431,u0112,c023,tv,,2026-08-18T19:32:10Z,12
s014432,u0374,c012,web,,2026-08-18T19:32:36Z,13
s014433,u0436,c014,mobile,5.3.0,2026-08-18T19:32:36Z,25
s014434,u0689,c001,mobile,5.3.0,2026-08-18T19:33:12Z,22
s014435,u0690,c042,web,,2026-08-18T19:33:51Z,8
s014436,u0371,c006,mobile,5.3.0,2026-08-18T19:35:24Z,50
s014437,u0173,c042,tv,,2026-08-18T19:35:25Z,155
s014438,u0735,c050,mobile,5.3.0,2026-08-18T19:35:56Z,34
s014439,u0490,c025,tv,,2026-08-18T19:36:08Z,72
s014440,u0120,c042,tv,,2026-08-18T19:37:32Z,56
s014441,u0957,c012,mobile,5.3.0,2026-08-18T19:37:37Z,15
s014442,u0671,c050,mobile,5.3.0,2026-08-18T19:38:12Z,8
s014443,u0043,c016,mobile,5.3.0,2026-08-18T19:38:13Z,11
s014444,u0490,c044,web,,2026-08-18T19:38:32Z,72
s014445,u0355,c001,web,,2026-08-18T19:39:23Z,18
s014446,u0130,c001,tv,,2026-08-18T19:39:30Z,61
s014447,u0164,c002,tv,,2026-08-18T19:39:42Z,58
s014448,u0029,c004,tv,,2026-08-18T19:40:14Z,240
s014449,u0732,c037,web,,2026-08-18T19:41:00Z,23
s014450,u0026,c003,mobile,5.3.0,2026-08-18T19:41:45Z,7
s014451,u0458,c009,web,,2026-08-18T19:41:46Z,21
s014452,u0938,c005,tv,,2026-08-18T19:42:09Z,18
s014453,u0500,c004,tv,,2026-08-18T19:42:23Z,21
s014454,u0026,c002,mobile,5.3.0,2026-08-18T19:43:48Z,9
s014455,u0247,c004,mobile,5.3.0,2026-08-18T19:44:15Z,4
s014456,u0941,c013,mobile,5.3.0,2026-08-18T19:44:22Z,29
s014457,u0113,c012,web,,2026-08-18T19:44:35Z,44
s014458,u0658,c001,mobile,5.3.0,2026-08-18T19:44:45Z,10
s014459,u1003,c003,mobile,5.3.0,2026-08-18T19:45:49Z,7
s014460,u0286,c001,mobile,5.3.0,2026-08-18T19:45:57Z,112
s014461,u0885,c059,web,,2026-08-18T19:48:07Z,17
s014462,u0195,c009,web,,2026-08-18T19:48:11Z,76
s014463,u0442,c011,tv,,2026-08-18T19:48:34Z,45
s014464,u0217,c047,tv,,2026-08-18T19:50:04Z,22
s014465,u0227,c016,mobile,5.3.0,2026-08-18T19:50:25Z,13
s014466,u0124,c002,tv,,2026-08-18T19:51:09Z,171
s014467,u0138,c017,mobile,5.3.0,2026-08-18T19:51:14Z,8
s014468,u0924,c002,mobile,5.3.0,2026-08-18T19:51:45Z,5
s014469,u0747,c008,tv,,2026-08-18T19:52:30Z,58
s014470,u0296,c022,mobile,5.3.0,2026-08-18T19:53:08Z,29
s014471,u0324,c001,tv,,2026-08-18T19:53:30Z,54
s014472,u0715,c001,mobile,5.3.0,2026-08-18T19:53:40Z,7
s014473,u0431,c008,mobile,5.3.0,2026-08-18T19:54:22Z,41
s014474,u0954,c035,mobile,5.3.0,2026-08-18T19:54:44Z,14
s014475,u0305,c016,tv,,2026-08-18T19:54:48Z,37
s014476,u0893,c002,mobile,5.3.0,2026-08-18T19:54:52Z,7
s014477,u0956,c007,web,,2026-08-18T19:55:38Z,41
s014478,u0515,c038,tv,,2026-08-18T19:57:15Z,54
s014479,u0935,c015,web,,2026-08-18T19:57:19Z,16
s014480,u0768,c048,web,,2026-08-18T19:58:07Z,40
s014481,u0307,c009,mobile,5.3.0,2026-08-18T19:58:16Z,21
s014482,u0799,c016,tv,,2026-08-18T19:58:19Z,23
s014483,u0590,c033,tv,,2026-08-18T19:59:35Z,21
s014484,u0328,c012,mobile,5.3.0,2026-08-18T19:59:56Z,6
s014485,u0947,c060,web,,2026-08-18T21:00:02Z,53
s014486,u0448,c054,mobile,5.3.0,2026-08-18T21:00:05Z,23
s014487,u0546,c001,web,,2026-08-18T21:01:17Z,100
s014488,u0752,c002,tv,,2026-08-18T21:01:55Z,64
s014489,u0472,c050,mobile,5.3.0,2026-08-18T21:02:04Z,12
s014490,u0634,c025,tv,,2026-08-18T21:02:09Z,34
s014491,u0041,c021,mobile,5.3.0,2026-08-18T21:02:29Z,44
s014492,u0247,c060,mobile,5.3.0,2026-08-18T21:02:31Z,7
s014493,u0390,c007,web,,2026-08-18T21:03:40Z,46
s014494,u0239,c008,tv,,2026-08-18T21:03:44Z,88
s014495,u0004,c002,web,,2026-08-18T21:03:55Z,159
s014496,u0692,c003,mobile,5.3.0,2026-08-18T21:04:08Z,51
s014497,u0206,c025,web,,2026-08-18T21:05:06Z,51
s014498,u0636,c006,mobile,5.3.0,2026-08-18T21:05:15Z,53
s014499,u0247,c012,mobile,5.3.0,2026-08-18T21:07:06Z,8
s014500,u0636,c025,mobile,5.3.0,2026-08-18T21:07:13Z,19
s014501,u0189,c001,web,,2026-08-18T21:07:55Z,40
s014502,u0518,c001,mobile,5.3.0,2026-08-18T21:09:17Z,78
s014503,u0515,c002,mobile,5.3.0,2026-08-18T21:09:35Z,7
s014504,u0019,c031,mobile,5.3.0,2026-08-18T21:09:40Z,14
s014505,u1030,c037,web,,2026-08-18T21:10:07Z,42
s014506,u0429,c004,tv,,2026-08-18T21:10:34Z,44
s014507,u0994,c001,mobile,5.3.0,2026-08-18T21:11:45Z,17
s014508,u0787,c004,tv,,2026-08-18T21:11:46Z,20
s014509,u0675,c001,tv,,2026-08-18T21:11:51Z,37
s014510,u0270,c042,web,,2026-08-18T21:12:21Z,24
s014511,u0115,c006,mobile,5.3.0,2026-08-18T21:13:14Z,28
s014512,u0151,c052,mobile,5.3.0,2026-08-18T21:14:16Z,22
s014513,u0593,c018,mobile,5.3.0,2026-08-18T21:15:18Z,14
s014514,u0602,c038,mobile,5.3.0,2026-08-18T21:15:25Z,25
s014515,u0655,c004,mobile,5.3.0,2026-08-18T21:15:51Z,9
s014516,u0096,c040,mobile,5.3.0,2026-08-18T21:16:14Z,35
s014517,u0315,c006,tv,,2026-08-18T21:16:35Z,240
s014518,u0967,c019,web,,2026-08-18T21:16:39Z,38
s014519,u0934,c039,mobile,5.3.0,2026-08-18T21:17:24Z,38
s014520,u0750,c019,tv,,2026-08-18T21:18:13Z,56
s014521,u0509,c004,mobile,5.3.0,2026-08-18T21:19:34Z,16
s014522,u0183,c004,tv,,2026-08-18T21:20:01Z,61
s014523,u0151,c056,mobile,5.3.0,2026-08-18T21:20:30Z,25
s014524,u0520,c010,web,,2026-08-18T21:20:41Z,72
s014525,u0590,c019,tv,,2026-08-18T21:20:45Z,32
s014526,u0366,c024,mobile,5.3.0,2026-08-18T21:21:01Z,13
s014527,u0126,c011,tv,,2026-08-18T21:21:35Z,54
s014528,u0166,c003,web,,2026-08-18T21:22:32Z,58
s014529,u0797,c010,tv,,2026-08-18T21:22:57Z,27
s014530,u0235,c031,web,,2026-08-18T21:24:36Z,27
s014531,u0522,c040,web,,2026-08-18T21:25:03Z,28
s014532,u0855,c023,web,,2026-08-18T21:25:15Z,44
s014533,u0371,c060,mobile,5.3.0,2026-08-18T21:25:43Z,36
s014534,u0396,c042,tv,,2026-08-18T21:25:48Z,41
s014535,u0606,c002,web,,2026-08-18T21:26:02Z,22
s014536,u1041,c003,mobile,5.3.0,2026-08-18T21:26:12Z,10
s014537,u0300,c001,mobile,5.3.0,2026-08-18T21:26:50Z,8
s014538,u0642,c039,mobile,5.3.0,2026-08-18T21:26:58Z,38
s014539,u0309,c007,tv,,2026-08-18T21:27:43Z,33
s014540,u0663,c005,web,,2026-08-18T21:28:01Z,41
s014541,u0882,c003,mobile,5.3.0,2026-08-18T21:28:54Z,14
s014542,u0444,c004,tv,,2026-08-18T21:29:09Z,57
s014543,u0178,c002,web,,2026-08-18T21:29:25Z,64
s014544,u0679,c002,mobile,5.3.0,2026-08-18T21:31:30Z,31
s014545,u0333,c058,mobile,5.3.0,2026-08-18T21:31:34Z,40
s014546,u0564,c001,web,,2026-08-18T21:32:47Z,13
s014547,u0766,c002,mobile,5.3.0,2026-08-18T21:36:41Z,16
s014548,u0045,c019,tv,,2026-08-18T21:37:05Z,39
s014549,u0672,c005,web,,2026-08-18T21:37:24Z,13
s014550,u0980,c007,web,,2026-08-18T21:37:55Z,24
s014551,u0586,c051,mobile,5.3.0,2026-08-18T21:38:35Z,34
s014552,u0515,c025,tv,,2026-08-18T21:39:13Z,15
s014553,u0119,c005,mobile,5.3.0,2026-08-18T21:39:22Z,37
s014554,u0753,c027,tv,,2026-08-18T21:43:13Z,26
s014555,u0139,c003,web,,2026-08-18T21:43:24Z,27
s014556,u0137,c009,tv,,2026-08-18T21:44:31Z,10
s014557,u0371,c038,mobile,5.3.0,2026-08-18T21:44:39Z,22
s014558,u0968,c002,mobile,5.3.0,2026-08-18T21:45:44Z,32
s014559,u0305,c054,mobile,5.3.0,2026-08-18T21:45:58Z,97
s014560,u0049,c004,web,,2026-08-18T21:46:30Z,14
s014561,u0652,c023,web,,2026-08-18T21:46:53Z,33
s014562,u0474,c047,mobile,5.3.0,2026-08-18T21:46:55Z,26
s014563,u0195,c025,web,,2026-08-18T21:47:10Z,27
s014564,u0503,c001,mobile,5.3.0,2026-08-18T21:49:14Z,10
s014565,u0198,c008,mobile,5.3.0,2026-08-18T21:50:13Z,43
s014566,u0200,c001,mobile,5.3.0,2026-08-18T21:51:38Z,32
s014567,u0038,c005,web,,2026-08-18T21:51:43Z,18
s014568,u0226,c008,tv,,2026-08-18T21:51:55Z,12
s014569,u0344,c002,mobile,5.3.0,2026-08-18T21:52:04Z,30
s014570,u0689,c028,tv,,2026-08-18T21:52:10Z,53
s014571,u0260,c045,mobile,5.3.0,2026-08-18T21:52:55Z,36
s014572,u0957,c009,mobile,5.3.0,2026-08-18T21:53:29Z,17
s014573,u0999,c001,tv,,2026-08-18T21:54:11Z,23
s014574,u0571,c001,tv,,2026-08-18T21:54:12Z,42
s014575,u0427,c001,web,,2026-08-18T21:54:42Z,67
s014576,u0119,c018,mobile,5.3.0,2026-08-18T21:54:47Z,47
s014577,u0448,c004,mobile,5.3.0,2026-08-18T21:54:48Z,18
s014578,u0298,c004,web,,2026-08-18T21:55:12Z,30
s014579,u0616,c005,tv,,2026-08-18T21:55:12Z,52
s014580,u0663,c010,tv,,2026-08-18T21:56:13Z,91
s014581,u0265,c003,tv,,2026-08-18T21:56:21Z,30
s014582,u0850,c018,mobile,5.3.0,2026-08-18T21:56:28Z,6
s014583,u0151,c040,mobile,5.3.0,2026-08-18T21:57:10Z,11
s014584,u0195,c043,web,,2026-08-18T21:57:39Z,17
s014585,u0784,c030,web,,2026-08-18T21:58:11Z,18
s014586,u0080,c017,tv,,2026-08-18T21:58:47Z,30
s014587,u0418,c011,mobile,5.3.0,2026-08-18T21:59:01Z,43
s014588,u0737,c005,mobile,5.3.0,2026-08-18T21:59:47Z,7
s014589,u0545,c001,web,,2026-08-18T23:00:54Z,33
s014590,u0010,c014,tv,,2026-08-18T23:01:19Z,41
s014591,u0792,c021,tv,,2026-08-18T23:03:17Z,20
s014592,u0902,c056,mobile,5.3.0,2026-08-18T23:06:42Z,25
s014593,u0806,c006,tv,,2026-08-18T23:06:57Z,20
s014594,u0505,c003,web,,2026-08-18T23:07:54Z,22
s014595,u0151,c033,mobile,5.3.0,2026-08-18T23:10:02Z,17
s014596,u0217,c060,mobile,5.3.0,2026-08-18T23:11:08Z,7
s014597,u0396,c048,tv,,2026-08-18T23:13:27Z,37
s014598,u1015,c009,mobile,5.3.0,2026-08-18T23:14:12Z,4
s014599,u0105,c010,web,,2026-08-18T23:15:20Z,38
s014600,u0684,c006,web,,2026-08-18T23:15:24Z,35
s014601,u0873,c001,mobile,5.3.0,2026-08-18T23:16:20Z,12
s014602,u0721,c007,web,,2026-08-18T23:16:28Z,18
s014603,u0357,c021,mobile,5.3.0,2026-08-18T23:22:40Z,18
s014604,u0792,c004,tv,,2026-08-18T23:26:02Z,21
s014605,u0936,c006,mobile,5.3.0,2026-08-18T23:26:35Z,6
s014606,u0584,c045,web,,2026-08-18T23:31:02Z,22
s014607,u0791,c007,mobile,5.3.0,2026-08-18T23:35:21Z,59
s014608,u0288,c003,web,,2026-08-18T23:37:48Z,29
s014609,u0133,c001,mobile,5.3.0,2026-08-18T23:38:32Z,62
s014610,u0403,c012,tv,,2026-08-18T23:44:09Z,27
s014611,u0772,c023,mobile,5.3.0,2026-08-18T23:47:13Z,31
s014612,u0717,c027,tv,,2026-08-18T23:48:30Z,21
s014613,u0688,c041,mobile,5.3.0,2026-08-18T23:48:35Z,33
s014614,u0722,c035,mobile,5.3.0,2026-08-18T23:49:17Z,32
s014615,u0710,c012,tv,,2026-08-18T23:49:34Z,12
s014616,u0206,c010,mobile,5.3.0,2026-08-18T23:50:06Z,20
s014617,u0137,c004,tv,,2026-08-18T23:50:16Z,29
s014618,u0357,c004,mobile,5.3.0,2026-08-18T23:50:53Z,157
s014619,u0509,c001,mobile,5.3.0,2026-08-18T23:51:09Z,21
s014620,u0390,c010,web,,2026-08-18T23:51:52Z,60
s014621,u0736,c001,tv,,2026-08-18T23:58:21Z,45
s014622,u0113,c039,web,,2026-08-18T23:58:57Z,43
s014623,u0086,c049,mobile,5.3.0,2026-08-19T08:07:56Z,15
s014624,u0124,c050,mobile,5.3.0,2026-08-19T08:11:21Z,28
s014625,u0691,c011,web,,2026-08-19T08:12:51Z,19
s014626,u0068,c016,web,,2026-08-19T08:13:03Z,20
s014627,u0750,c001,tv,,2026-08-19T08:14:21Z,28
s014628,u0162,c001,mobile,5.3.0,2026-08-19T08:20:28Z,27
s014629,u0049,c005,web,,2026-08-19T08:21:13Z,14
s014630,u0589,c001,mobile,5.3.0,2026-08-19T08:24:56Z,19
s014631,u0188,c001,mobile,5.3.0,2026-08-19T08:25:29Z,16
s014632,u0530,c047,mobile,5.3.0,2026-08-19T08:29:03Z,24
s014633,u0518,c013,mobile,5.3.0,2026-08-19T08:32:26Z,20
s014634,u0984,c012,mobile,5.3.0,2026-08-19T08:35:50Z,16
s014635,u0792,c001,tv,,2026-08-19T08:36:53Z,56
s014636,u0513,c004,web,,2026-08-19T08:44:34Z,91
s014637,u1000,c054,mobile,5.3.0,2026-08-19T08:48:35Z,14
s014638,u0260,c002,mobile,5.3.0,2026-08-19T08:53:53Z,21
s014639,u0314,c005,tv,,2026-08-19T08:54:50Z,35
s014640,u0226,c001,mobile,5.3.0,2026-08-19T12:03:26Z,12
s014641,u0258,c045,mobile,5.3.0,2026-08-19T12:04:06Z,17
s014642,u0015,c031,tv,,2026-08-19T12:05:52Z,70
s014643,u0111,c013,mobile,5.3.0,2026-08-19T12:07:49Z,11
s014644,u0231,c050,web,,2026-08-19T12:10:58Z,30
s014645,u0724,c038,tv,,2026-08-19T12:13:41Z,36
s014646,u0339,c009,tv,,2026-08-19T12:14:01Z,51
s014647,u0399,c014,mobile,5.3.0,2026-08-19T12:14:03Z,42
s014648,u0135,c006,web,,2026-08-19T12:14:53Z,70
s014649,u0677,c028,mobile,5.3.0,2026-08-19T12:17:26Z,28
s014650,u0487,c017,tv,,2026-08-19T12:20:17Z,31
s014651,u0663,c002,web,,2026-08-19T12:26:18Z,221
s014652,u0676,c052,tv,,2026-08-19T12:27:39Z,58
s014653,u0604,c003,mobile,5.3.0,2026-08-19T12:28:57Z,64
s014654,u0251,c017,web,,2026-08-19T12:31:33Z,19
s014655,u0303,c027,mobile,5.3.0,2026-08-19T12:34:40Z,35
s014656,u0668,c006,mobile,5.3.0,2026-08-19T12:37:57Z,21
s014657,u0282,c022,tv,,2026-08-19T12:39:07Z,20
s014658,u0779,c003,web,,2026-08-19T12:39:26Z,48
s014659,u0681,c007,tv,,2026-08-19T12:39:44Z,33
s014660,u0333,c001,mobile,5.3.0,2026-08-19T12:42:01Z,38
s014661,u0484,c001,mobile,5.3.0,2026-08-19T12:42:33Z,18
s014662,u0815,c001,mobile,5.3.0,2026-08-19T12:43:31Z,31
s014663,u0203,c042,mobile,5.3.0,2026-08-19T12:46:16Z,88
s014664,u0225,c006,web,,2026-08-19T12:47:30Z,13
s014665,u0979,c001,web,,2026-08-19T12:50:00Z,15
s014666,u0072,c034,mobile,5.3.0,2026-08-19T12:50:35Z,36
s014667,u0330,c001,mobile,5.3.0,2026-08-19T12:53:55Z,19
s014668,u0129,c006,web,,2026-08-19T12:54:44Z,196
s014669,u0532,c033,web,,2026-08-19T12:55:20Z,65
s014670,u0154,c022,web,,2026-08-19T12:56:38Z,109
s014671,u0787,c019,web,,2026-08-19T12:56:56Z,41
s014672,u0530,c025,mobile,5.3.0,2026-08-19T12:56:59Z,7
s014673,u0607,c042,tv,,2026-08-19T12:57:02Z,49
s014674,u0011,c001,tv,,2026-08-19T12:57:22Z,19
s014675,u0601,c006,tv,,2026-08-19T12:58:23Z,66
s014676,u1040,c056,mobile,5.3.0,2026-08-19T12:59:39Z,9
s014677,u0416,c004,web,,2026-08-19T17:01:29Z,28
s014678,u0893,c011,mobile,5.3.0,2026-08-19T17:05:34Z,10
s014679,u0158,c017,web,,2026-08-19T17:06:21Z,22
s014680,u0139,c003,web,,2026-08-19T17:09:05Z,36
s014681,u0008,c009,mobile,5.3.0,2026-08-19T17:10:28Z,46
s014682,u0368,c018,mobile,5.3.0,2026-08-19T17:10:59Z,10
s014683,u0816,c023,mobile,5.3.0,2026-08-19T17:12:01Z,16
s014684,u0214,c034,mobile,5.3.0,2026-08-19T17:12:06Z,35
s014685,u0117,c018,mobile,5.3.0,2026-08-19T17:13:18Z,15
s014686,u0454,c031,tv,,2026-08-19T17:22:05Z,19
s014687,u0795,c004,mobile,5.3.0,2026-08-19T17:22:33Z,20
s014688,u0162,c008,mobile,5.3.0,2026-08-19T17:22:55Z,12
s014689,u0778,c001,mobile,5.3.0,2026-08-19T17:23:01Z,48
s014690,u0772,c001,mobile,5.3.0,2026-08-19T17:23:42Z,43
s014691,u0687,c052,mobile,5.3.0,2026-08-19T17:24:09Z,12
s014692,u0314,c001,tv,,2026-08-19T17:25:00Z,24
s014693,u0750,c053,tv,,2026-08-19T17:25:26Z,55
s014694,u0120,c001,tv,,2026-08-19T17:27:08Z,48
s014695,u0346,c004,mobile,5.3.0,2026-08-19T17:27:56Z,9
s014696,u0359,c026,mobile,5.3.0,2026-08-19T17:28:10Z,14
s014697,u0723,c014,mobile,5.3.0,2026-08-19T17:28:18Z,35
s014698,u0359,c004,mobile,5.3.0,2026-08-19T17:28:22Z,14
s014699,u0429,c046,tv,,2026-08-19T17:28:58Z,45
s014700,u0061,c019,tv,,2026-08-19T17:32:03Z,48
s014701,u0421,c004,mobile,5.3.0,2026-08-19T17:33:41Z,14
s014702,u0128,c017,tv,,2026-08-19T17:33:50Z,38
s014703,u0784,c043,tv,,2026-08-19T17:34:44Z,54
s014704,u0277,c010,web,,2026-08-19T17:35:08Z,47
s014705,u0087,c007,web,,2026-08-19T17:35:46Z,55
s014706,u0109,c001,web,,2026-08-19T17:38:35Z,21
s014707,u0202,c001,mobile,5.3.0,2026-08-19T17:43:56Z,18
s014708,u0497,c012,mobile,5.3.0,2026-08-19T17:44:16Z,14
s014709,u0413,c001,mobile,5.3.0,2026-08-19T17:45:22Z,26
s014710,u0245,c008,tv,,2026-08-19T17:45:23Z,20
s014711,u0782,c012,web,,2026-08-19T17:45:28Z,20
s014712,u0523,c006,mobile,5.3.0,2026-08-19T17:45:30Z,12
s014713,u0227,c030,mobile,5.3.0,2026-08-19T17:46:41Z,15
s014714,u0151,c005,mobile,5.3.0,2026-08-19T17:47:03Z,29
s014715,u0061,c037,tv,,2026-08-19T17:49:08Z,46
s014716,u0387,c039,web,,2026-08-19T17:49:50Z,27
s014717,u0869,c004,tv,,2026-08-19T17:51:01Z,33
s014718,u0340,c002,tv,,2026-08-19T17:52:05Z,38
s014719,u0030,c030,web,,2026-08-19T17:59:42Z,71
s014720,u0945,c021,mobile,5.3.0,2026-08-19T17:59:44Z,10
s014721,u0860,c015,web,,2026-08-19T19:00:08Z,24
s014722,u0035,c004,web,,2026-08-19T19:01:20Z,32
s014723,u0748,c033,mobile,5.3.0,2026-08-19T19:03:05Z,25
s014724,u0315,c002,tv,,2026-08-19T19:03:31Z,38
s014725,u0417,c016,mobile,5.3.0,2026-08-19T19:03:38Z,13
s014726,u0018,c042,web,,2026-08-19T19:04:51Z,63
s014727,u0265,c028,mobile,5.3.0,2026-08-19T19:05:05Z,63
s014728,u1000,c002,tv,,2026-08-19T19:05:15Z,37
s014729,u0645,c007,web,,2026-08-19T19:05:36Z,44
s014730,u0377,c042,web,,2026-08-19T19:07:06Z,66
s014731,u0132,c025,tv,,2026-08-19T19:07:25Z,89
s014732,u0626,c009,web,,2026-08-19T19:07:44Z,17
s014733,u0894,c002,mobile,5.3.0,2026-08-19T19:07:55Z,19
s014734,u0086,c054,mobile,5.3.0,2026-08-19T19:08:04Z,18
s014735,u0405,c002,web,,2026-08-19T19:08:55Z,44
s014736,u0985,c012,web,,2026-08-19T19:09:36Z,86
s014737,u0625,c006,web,,2026-08-19T19:09:38Z,16
s014738,u0272,c003,mobile,5.3.0,2026-08-19T19:13:39Z,6
s014739,u0822,c023,web,,2026-08-19T19:13:44Z,40
s014740,u0300,c002,web,,2026-08-19T19:14:09Z,62
s014741,u0633,c001,mobile,5.3.0,2026-08-19T19:15:05Z,28
s014742,u0328,c022,mobile,5.3.0,2026-08-19T19:15:41Z,21
s014743,u0185,c001,mobile,5.3.0,2026-08-19T19:17:04Z,9
s014744,u0171,c051,mobile,5.3.0,2026-08-19T19:19:16Z,31
s014745,u0124,c020,mobile,5.3.0,2026-08-19T19:19:22Z,38
s014746,u0257,c013,mobile,5.3.0,2026-08-19T19:20:07Z,51
s014747,u0096,c007,mobile,5.3.0,2026-08-19T19:21:41Z,29
s014748,u0757,c006,mobile,5.3.0,2026-08-19T19:22:40Z,19
s014749,u0217,c002,tv,,2026-08-19T19:24:08Z,63
s014750,u0078,c020,web,,2026-08-19T19:25:08Z,21
s014751,u0216,c001,mobile,5.3.0,2026-08-19T19:25:09Z,22
s014752,u0808,c012,mobile,5.3.0,2026-08-19T19:25:19Z,13
s014753,u0551,c005,tv,,2026-08-19T19:25:35Z,34
s014754,u0372,c002,web,,2026-08-19T19:25:39Z,36
s014755,u0324,c013,tv,,2026-08-19T19:25:54Z,57
s014756,u0164,c006,web,,2026-08-19T19:26:08Z,9
s014757,u0202,c053,tv,,2026-08-19T19:27:54Z,50
s014758,u0257,c001,mobile,5.3.0,2026-08-19T19:28:06Z,19
s014759,u0039,c002,mobile,5.3.0,2026-08-19T19:28:26Z,28
s014760,u0366,c001,tv,,2026-08-19T19:28:50Z,28
s014761,u0789,c001,mobile,5.3.0,2026-08-19T19:29:28Z,11
s014762,u0162,c013,mobile,5.3.0,2026-08-19T19:29:58Z,29
s014763,u0687,c012,mobile,5.3.0,2026-08-19T19:30:25Z,17
s014764,u0366,c006,mobile,5.3.0,2026-08-19T19:31:50Z,19
s014765,u0198,c008,tv,,2026-08-19T19:31:57Z,64
s014766,u0305,c001,tv,,2026-08-19T19:32:00Z,117
s014767,u0210,c001,tv,,2026-08-19T19:33:11Z,139
s014768,u0409,c044,web,,2026-08-19T19:33:40Z,93
s014769,u0370,c041,mobile,5.3.0,2026-08-19T19:33:41Z,87
s014770,u0534,c027,tv,,2026-08-19T19:33:56Z,143
s014771,u0321,c025,web,,2026-08-19T19:34:05Z,38
s014772,u0709,c028,mobile,5.3.0,2026-08-19T19:34:54Z,7
s014773,u0807,c008,mobile,5.3.0,2026-08-19T19:35:13Z,21
s014774,u0755,c017,tv,,2026-08-19T19:37:36Z,143
s014775,u0366,c001,mobile,5.3.0,2026-08-19T19:37:57Z,14
s014776,u0481,c007,tv,,2026-08-19T19:38:20Z,53
s014777,u0980,c010,mobile,5.3.0,2026-08-19T19:38:24Z,38
s014778,u0523,c004,web,,2026-08-19T19:38:40Z,16
s014779,u0354,c022,mobile,5.3.0,2026-08-19T19:38:43Z,10
s014780,u0788,c002,tv,,2026-08-19T19:38:46Z,44
s014781,u0049,c005,web,,2026-08-19T19:39:26Z,31
s014782,u0252,c001,mobile,5.3.0,2026-08-19T19:39:27Z,9
s014783,u0467,c024,tv,,2026-08-19T19:39:35Z,42
s014784,u0177,c011,tv,,2026-08-19T19:41:08Z,42
s014785,u0899,c009,tv,,2026-08-19T19:41:30Z,121
s014786,u0669,c002,mobile,5.3.0,2026-08-19T19:42:17Z,33
s014787,u0562,c011,tv,,2026-08-19T19:42:27Z,45
s014788,u0393,c034,mobile,5.3.0,2026-08-19T19:42:42Z,128
s014789,u1040,c003,mobile,5.3.0,2026-08-19T19:43:28Z,11
s014790,u0496,c010,mobile,5.3.0,2026-08-19T19:43:31Z,17
s014791,u0807,c007,mobile,5.3.0,2026-08-19T19:43:46Z,13
s014792,u0601,c009,tv,,2026-08-19T19:43:51Z,19
s014793,u0248,c032,mobile,5.3.0,2026-08-19T19:44:01Z,28
s014794,u0875,c001,mobile,5.3.0,2026-08-19T19:44:04Z,33
s014795,u0945,c012,web,,2026-08-19T19:44:39Z,16
s014796,u0141,c019,tv,,2026-08-19T19:46:21Z,21
s014797,u0723,c014,mobile,5.3.0,2026-08-19T19:46:46Z,30
s014798,u0700,c010,tv,,2026-08-19T19:46:59Z,74
s014799,u0187,c014,web,,2026-08-19T19:47:05Z,28
s014800,u0061,c035,tv,,2026-08-19T19:48:34Z,190
s014801,u0530,c015,mobile,5.3.0,2026-08-19T19:49:33Z,22
s014802,u0258,c051,mobile,5.3.0,2026-08-19T19:49:49Z,26
s014803,u0029,c002,tv,,2026-08-19T19:50:16Z,125
s014804,u0420,c004,web,,2026-08-19T19:50:16Z,28
s014805,u0789,c002,mobile,5.3.0,2026-08-19T19:50:17Z,14
s014806,u0789,c028,mobile,5.3.0,2026-08-19T19:50:39Z,16
s014807,u0742,c013,tv,,2026-08-19T19:51:27Z,147
s014808,u0971,c001,mobile,5.3.0,2026-08-19T19:51:43Z,15
s014809,u0625,c002,web,,2026-08-19T19:51:46Z,12
s014810,u0001,c001,web,,2026-08-19T19:52:46Z,20
s014811,u0370,c005,mobile,5.3.0,2026-08-19T19:53:31Z,35
s014812,u0420,c005,web,,2026-08-19T19:53:47Z,10
s014813,u0590,c051,tv,,2026-08-19T19:53:48Z,9
s014814,u0738,c031,mobile,5.3.0,2026-08-19T19:54:38Z,13
s014815,u0182,c002,web,,2026-08-19T19:54:57Z,37
s014816,u0298,c014,web,,2026-08-19T19:56:55Z,8
s014817,u0036,c001,mobile,5.3.0,2026-08-19T19:57:02Z,50
s014818,u0095,c001,web,,2026-08-19T19:57:30Z,46
s014819,u0657,c038,mobile,5.3.0,2026-08-19T19:57:55Z,20
s014820,u0199,c035,web,,2026-08-19T19:58:38Z,161
s014821,u0919,c003,web,,2026-08-19T19:58:52Z,48
s014822,u0775,c009,mobile,5.3.0,2026-08-19T19:59:33Z,28
s014823,u0630,c002,mobile,5.3.0,2026-08-19T19:59:43Z,13
s014824,u0612,c029,tv,,2026-08-19T21:00:17Z,14
s014825,u0545,c001,tv,,2026-08-19T21:00:39Z,65
s014826,u0681,c021,mobile,5.3.0,2026-08-19T21:00:48Z,9
s014827,u0129,c002,web,,2026-08-19T21:00:57Z,104
s014828,u0619,c053,web,,2026-08-19T21:01:30Z,11
s014829,u0910,c002,web,,2026-08-19T21:01:38Z,21
s014830,u0945,c005,mobile,5.3.0,2026-08-19T21:01:39Z,22
s014831,u0871,c024,mobile,5.3.0,2026-08-19T21:02:44Z,25
s014832,u0512,c016,mobile,5.3.0,2026-08-19T21:03:46Z,24
s014833,u0263,c001,mobile,5.3.0,2026-08-19T21:04:39Z,60
s014834,u0197,c012,tv,,2026-08-19T21:04:43Z,54
s014835,u0752,c029,tv,,2026-08-19T21:04:50Z,108
s014836,u0980,c002,mobile,5.3.0,2026-08-19T21:04:57Z,43
s014837,u0819,c005,mobile,5.3.0,2026-08-19T21:05:50Z,16
s014838,u0232,c025,mobile,5.3.0,2026-08-19T21:06:00Z,50
s014839,u0469,c020,tv,,2026-08-19T21:06:42Z,100
s014840,u0430,c035,mobile,5.3.0,2026-08-19T21:06:53Z,24
s014841,u0579,c005,web,,2026-08-19T21:07:26Z,43
s014842,u0585,c050,mobile,5.3.0,2026-08-19T21:07:32Z,49
s014843,u0498,c002,mobile,5.3.0,2026-08-19T21:07:35Z,18
s014844,u0631,c045,mobile,5.3.0,2026-08-19T21:07:57Z,18
s014845,u0613,c001,tv,,2026-08-19T21:08:11Z,95
s014846,u0547,c046,mobile,5.3.0,2026-08-19T21:09:08Z,17
s014847,u0523,c045,tv,,2026-08-19T21:09:48Z,20
s014848,u0860,c013,web,,2026-08-19T21:09:48Z,16
s014849,u0821,c049,mobile,5.3.0,2026-08-19T21:10:01Z,7
s014850,u0465,c039,tv,,2026-08-19T21:10:11Z,123
s014851,u0130,c008,mobile,5.3.0,2026-08-19T21:10:19Z,7
s014852,u0210,c015,tv,,2026-08-19T21:10:30Z,25
s014853,u0096,c008,mobile,5.3.0,2026-08-19T21:11:02Z,14
s014854,u0777,c006,tv,,2026-08-19T21:11:02Z,86
s014855,u0526,c028,mobile,5.3.0,2026-08-19T21:11:30Z,25
s014856,u0598,c002,web,,2026-08-19T21:11:44Z,126
s014857,u0615,c002,mobile,5.3.0,2026-08-19T21:12:19Z,41
s014858,u0320,c053,web,,2026-08-19T21:12:35Z,33
s014859,u0668,c001,mobile,5.3.0,2026-08-19T21:13:02Z,39
s014860,u0538,c003,web,,2026-08-19T21:13:45Z,19
s014861,u0216,c034,mobile,5.3.0,2026-08-19T21:15:23Z,26
s014862,u0585,c008,mobile,5.3.0,2026-08-19T21:15:34Z,11
s014863,u0688,c042,mobile,5.3.0,2026-08-19T21:15:46Z,14
s014864,u0671,c017,mobile,5.3.0,2026-08-19T21:16:52Z,28
s014865,u0138,c044,mobile,5.3.0,2026-08-19T21:17:10Z,13
s014866,u0188,c023,mobile,5.3.0,2026-08-19T21:17:14Z,14
s014867,u0070,c024,tv,,2026-08-19T21:17:48Z,14
s014868,u0540,c051,mobile,5.3.0,2026-08-19T21:18:39Z,12
s014869,u0139,c027,web,,2026-08-19T21:19:12Z,39
s014870,u0776,c046,mobile,5.3.0,2026-08-19T21:19:21Z,57
s014871,u0255,c005,mobile,5.3.0,2026-08-19T21:20:07Z,22
s014872,u0739,c052,tv,,2026-08-19T21:20:31Z,76
s014873,u0859,c015,mobile,5.3.0,2026-08-19T21:20:33Z,16
s014874,u0663,c009,web,,2026-08-19T21:20:34Z,97
s014875,u0193,c003,web,,2026-08-19T21:21:58Z,56
s014876,u0246,c006,mobile,5.3.0,2026-08-19T21:22:43Z,18
s014877,u0059,c046,tv,,2026-08-19T21:24:01Z,17
s014878,u0451,c006,mobile,5.3.0,2026-08-19T21:24:14Z,29
s014879,u0812,c013,mobile,5.3.0,2026-08-19T21:24:28Z,9
s014880,u0137,c004,tv,,2026-08-19T21:27:04Z,36
s014881,u0061,c003,mobile,5.3.0,2026-08-19T21:27:06Z,17
s014882,u0518,c002,mobile,5.3.0,2026-08-19T21:29:14Z,27
s014883,u0178,c031,web,,2026-08-19T21:29:43Z,14
s014884,u0941,c003,mobile,5.3.0,2026-08-19T21:30:02Z,16
s014885,u0617,c001,tv,,2026-08-19T21:30:18Z,87
s014886,u0706,c004,web,,2026-08-19T21:30:53Z,23
s014887,u0124,c019,mobile,5.3.0,2026-08-19T21:31:17Z,21
s014888,u0154,c002,mobile,5.3.0,2026-08-19T21:32:05Z,24
s014889,u0300,c054,mobile,5.3.0,2026-08-19T21:32:19Z,35
s014890,u0681,c055,tv,,2026-08-19T21:32:41Z,19
s014891,u0663,c023,web,,2026-08-19T21:32:43Z,78
s014892,u0172,c004,web,,2026-08-19T21:33:08Z,33
s014893,u0086,c006,mobile,5.3.0,2026-08-19T21:33:57Z,30
s014894,u0368,c004,mobile,5.3.0,2026-08-19T21:34:06Z,22
s014895,u0506,c024,mobile,5.3.0,2026-08-19T21:36:00Z,20
s014896,u0211,c024,mobile,5.3.0,2026-08-19T21:36:41Z,21
s014897,u0247,c013,mobile,5.3.0,2026-08-19T21:36:59Z,28
s014898,u0263,c002,mobile,5.3.0,2026-08-19T21:37:50Z,24
s014899,u0373,c025,web,,2026-08-19T21:38:18Z,35
s014900,u0426,c002,mobile,5.3.0,2026-08-19T21:38:28Z,47
s014901,u1039,c007,mobile,5.3.0,2026-08-19T21:39:32Z,25
s014902,u0088,c021,mobile,5.3.0,2026-08-19T21:39:40Z,16
s014903,u0568,c057,mobile,5.3.0,2026-08-19T21:39:47Z,68
s014904,u0322,c005,mobile,5.3.0,2026-08-19T21:39:48Z,43
s014905,u0992,c042,mobile,5.3.0,2026-08-19T21:40:02Z,13
s014906,u0170,c012,mobile,5.3.0,2026-08-19T21:40:30Z,9
s014907,u0658,c012,mobile,5.3.0,2026-08-19T21:41:17Z,8
s014908,u0887,c029,mobile,5.3.0,2026-08-19T21:41:58Z,7
s014909,u0358,c042,mobile,5.3.0,2026-08-19T21:42:22Z,31
s014910,u0004,c001,web,,2026-08-19T21:43:15Z,62
s014911,u0117,c001,mobile,5.3.0,2026-08-19T21:43:55Z,17
s014912,u0062,c001,web,,2026-08-19T21:44:20Z,22
s014913,u0136,c004,mobile,5.3.0,2026-08-19T21:44:44Z,11
s014914,u1026,c025,mobile,5.3.0,2026-08-19T21:45:09Z,39
s014915,u0570,c005,mobile,5.3.0,2026-08-19T21:45:31Z,14
s014916,u0624,c031,mobile,5.3.0,2026-08-19T21:45:49Z,8
s014917,u0717,c001,mobile,5.3.0,2026-08-19T21:46:23Z,57
s014918,u0469,c008,tv,,2026-08-19T21:46:52Z,32
s014919,u0323,c010,tv,,2026-08-19T21:47:39Z,64
s014920,u0372,c003,mobile,5.3.0,2026-08-19T21:47:40Z,20
s014921,u0618,c006,mobile,5.3.0,2026-08-19T21:48:15Z,8
s014922,u0294,c004,mobile,5.3.0,2026-08-19T21:49:48Z,31
s014923,u0400,c004,mobile,5.3.0,2026-08-19T21:50:08Z,42
s014924,u0309,c028,tv,,2026-08-19T21:51:05Z,96
s014925,u0408,c004,tv,,2026-08-19T21:51:28Z,37
s014926,u0532,c039,web,,2026-08-19T21:53:11Z,46
s014927,u0349,c054,mobile,5.3.0,2026-08-19T21:53:23Z,15
s014928,u0018,c001,web,,2026-08-19T21:54:25Z,38
s014929,u0195,c041,mobile,5.3.0,2026-08-19T21:55:09Z,16
s014930,u0929,c021,mobile,5.3.0,2026-08-19T21:56:16Z,10
s014931,u0073,c011,mobile,5.3.0,2026-08-19T21:57:24Z,14
s014932,u0766,c017,mobile,5.3.0,2026-08-19T21:58:10Z,10
s014933,u0647,c008,web,,2026-08-19T21:59:26Z,29
s014934,u0117,c009,mobile,5.3.0,2026-08-19T21:59:46Z,16
s014935,u0010,c011,tv,,2026-08-19T23:03:46Z,73
s014936,u0195,c002,web,,2026-08-19T23:04:20Z,37
s014937,u0161,c010,mobile,5.3.0,2026-08-19T23:09:09Z,86
s014938,u0099,c060,web,,2026-08-19T23:10:13Z,26
s014939,u0156,c008,tv,,2026-08-19T23:12:36Z,28
s014940,u0431,c008,mobile,5.3.0,2026-08-19T23:15:23Z,40
s014941,u0629,c053,tv,,2026-08-19T23:16:35Z,28
s014942,u0179,c003,tv,,2026-08-19T23:16:56Z,21
s014943,u0376,c027,tv,,2026-08-19T23:17:26Z,91
s014944,u0051,c003,tv,,2026-08-19T23:18:18Z,32
s014945,u0652,c001,web,,2026-08-19T23:18:39Z,76
s014946,u0919,c001,web,,2026-08-19T23:19:54Z,40
s014947,u0147,c031,mobile,5.3.0,2026-08-19T23:22:49Z,65
s014948,u0629,c001,tv,,2026-08-19T23:23:55Z,39
s014949,u0922,c042,tv,,2026-08-19T23:30:29Z,47
s014950,u0139,c014,mobile,5.3.0,2026-08-19T23:32:04Z,19
s014951,u0438,c013,tv,,2026-08-19T23:37:04Z,67
s014952,u0724,c014,mobile,5.3.0,2026-08-19T23:37:14Z,16
s014953,u0291,c016,web,,2026-08-19T23:39:17Z,48
s014954,u0512,c001,mobile,5.3.0,2026-08-19T23:39:22Z,38
s014955,u0893,c009,mobile,5.3.0,2026-08-19T23:44:27Z,13
s014956,u0624,c001,web,,2026-08-19T23:44:28Z,40
s014957,u0129,c028,web,,2026-08-19T23:44:45Z,34
s014958,u0688,c029,mobile,5.3.0,2026-08-19T23:45:06Z,39
s014959,u0849,c010,mobile,5.3.0,2026-08-19T23:46:28Z,29
s014960,u0434,c034,mobile,5.3.0,2026-08-19T23:46:48Z,28
s014961,u0783,c008,web,,2026-08-19T23:49:39Z,35
s014962,u0310,c020,tv,,2026-08-19T23:51:57Z,66
s014963,u0694,c016,mobile,5.3.0,2026-08-19T23:52:40Z,62
s014964,u0459,c004,mobile,5.3.0,2026-08-19T23:53:53Z,16
s014965,u0772,c002,mobile,5.3.0,2026-08-19T23:54:24Z,96
s014966,u0275,c025,web,,2026-08-19T23:56:54Z,79
s014967,u0744,c030,tv,,2026-08-19T23:57:12Z,41
s014968,u0826,c031,mobile,5.3.0,2026-08-20T08:00:06Z,11
s014969,u0173,c055,tv,,2026-08-20T08:04:06Z,43
s014970,u0432,c002,mobile,5.3.0,2026-08-20T08:09:27Z,44
s014971,u0009,c021,tv,,2026-08-20T08:13:58Z,64
s014972,u0618,c004,tv,,2026-08-20T08:14:42Z,37
s014973,u0139,c002,web,,2026-08-20T08:16:51Z,39
s014974,u0210,c040,tv,,2026-08-20T08:16:51Z,91
s014975,u0248,c009,tv,,2026-08-20T08:24:46Z,19
s014976,u0962,c004,mobile,5.3.0,2026-08-20T08:25:33Z,16
s014977,u0671,c017,mobile,5.3.0,2026-08-20T08:26:03Z,8
s014978,u0218,c003,mobile,5.3.0,2026-08-20T08:26:45Z,27
s014979,u0073,c060,tv,,2026-08-20T08:29:42Z,48
s014980,u0437,c006,mobile,5.3.0,2026-08-20T08:32:05Z,37
s014981,u0781,c029,mobile,5.3.0,2026-08-20T08:36:43Z,72
s014982,u0339,c003,mobile,5.3.0,2026-08-20T08:37:42Z,34
s014983,u0614,c001,mobile,5.3.0,2026-08-20T08:39:55Z,16
s014984,u0015,c001,tv,,2026-08-20T08:42:35Z,97
s014985,u0101,c007,tv,,2026-08-20T08:43:36Z,84
s014986,u0962,c005,mobile,5.3.0,2026-08-20T08:45:20Z,5
s014987,u0781,c001,mobile,5.3.0,2026-08-20T08:47:57Z,31
s014988,u0751,c003,mobile,5.3.0,2026-08-20T08:49:58Z,14
s014989,u0861,c013,mobile,5.3.0,2026-08-20T08:54:37Z,3
s014990,u0173,c001,tv,,2026-08-20T08:57:18Z,50
s014991,u0823,c001,web,,2026-08-20T08:57:47Z,40
s014992,u0304,c010,mobile,5.3.0,2026-08-20T12:00:34Z,62
s014993,u0129,c001,web,,2026-08-20T12:00:43Z,31
s014994,u0666,c034,mobile,5.3.0,2026-08-20T12:02:15Z,29
s014995,u0638,c006,web,,2026-08-20T12:03:11Z,16
s014996,u0786,c018,tv,,2026-08-20T12:04:22Z,25
s014997,u0929,c003,mobile,5.3.0,2026-08-20T12:04:54Z,18
s014998,u0341,c017,mobile,5.3.0,2026-08-20T12:06:19Z,5
s014999,u0911,c001,mobile,5.3.0,2026-08-20T12:11:47Z,14
s015000,u0804,c002,tv,,2026-08-20T12:14:55Z,47
s015001,u0015,c010,tv,,2026-08-20T12:15:52Z,26
s015002,u0198,c012,mobile,5.3.0,2026-08-20T12:18:36Z,6
s015003,u0802,c001,mobile,5.3.0,2026-08-20T12:23:25Z,99
s015004,u0211,c026,mobile,5.3.0,2026-08-20T12:25:12Z,10
s015005,u0945,c001,mobile,5.3.0,2026-08-20T12:27:34Z,7
s015006,u0659,c006,web,,2026-08-20T12:28:02Z,16
s015007,u0893,c004,mobile,5.3.0,2026-08-20T12:30:37Z,13
s015008,u0630,c002,mobile,5.3.0,2026-08-20T12:32:49Z,6
s015009,u0675,c001,tv,,2026-08-20T12:34:52Z,51
s015010,u0763,c022,web,,2026-08-20T12:38:42Z,64
s015011,u0877,c001,mobile,5.3.0,2026-08-20T12:39:17Z,10
s015012,u0066,c042,mobile,5.3.0,2026-08-20T12:41:57Z,17
s015013,u0111,c007,mobile,5.3.0,2026-08-20T12:43:43Z,17
s015014,u0028,c002,tv,,2026-08-20T12:44:01Z,49
s015015,u0105,c001,web,,2026-08-20T12:47:08Z,45
s015016,u0861,c008,mobile,5.3.0,2026-08-20T12:47:46Z,5
s015017,u0907,c002,mobile,5.3.0,2026-08-20T12:49:13Z,9
s015018,u0294,c003,web,,2026-08-20T12:49:27Z,29
s015019,u0772,c014,mobile,5.3.0,2026-08-20T12:50:05Z,99
s015020,u0436,c024,mobile,5.3.0,2026-08-20T12:50:06Z,29
s015021,u0591,c003,web,,2026-08-20T12:50:43Z,19
s015022,u0129,c034,web,,2026-08-20T12:50:44Z,105
s015023,u0562,c005,tv,,2026-08-20T12:50:54Z,49
s015024,u0211,c021,mobile,5.3.0,2026-08-20T12:53:12Z,14
s015025,u0274,c050,mobile,5.3.0,2026-08-20T12:53:36Z,27
s015026,u0665,c012,mobile,5.3.0,2026-08-20T12:53:51Z,9
s015027,u0860,c023,web,,2026-08-20T12:54:08Z,7
s015028,u0049,c001,web,,2026-08-20T12:55:00Z,15
s015029,u0058,c037,tv,,2026-08-20T12:56:51Z,23
s015030,u0346,c038,mobile,5.3.0,2026-08-20T17:00:02Z,40
s015031,u0209,c007,tv,,2026-08-20T17:01:08Z,102
s015032,u0455,c044,web,,2026-08-20T17:01:26Z,13
s015033,u0886,c026,mobile,5.3.0,2026-08-20T17:01:40Z,9
s015034,u0604,c003,tv,,2026-08-20T17:01:43Z,87
s015035,u0230,c007,mobile,5.3.0,2026-08-20T17:02:15Z,34
s015036,u0744,c001,mobile,5.3.0,2026-08-20T17:02:16Z,29
s015037,u0650,c005,mobile,5.3.0,2026-08-20T17:02:22Z,18
s015038,u0354,c032,mobile,5.3.0,2026-08-20T17:03:51Z,28
s015039,u0396,c009,tv,,2026-08-20T17:04:22Z,103
s015040,u0647,c014,web,,2026-08-20T17:05:53Z,17
s015041,u0466,c044,tv,,2026-08-20T17:08:47Z,33
s015042,u0122,c004,web,,2026-08-20T17:08:52Z,42
s015043,u0356,c013,web,,2026-08-20T17:11:09Z,91
s015044,u0082,c004,mobile,5.3.0,2026-08-20T17:11:19Z,52
s015045,u0635,c012,web,,2026-08-20T17:11:41Z,17
s015046,u0069,c029,mobile,5.3.0,2026-08-20T17:12:08Z,16
s015047,u0179,c003,tv,,2026-08-20T17:14:26Z,33
s015048,u0184,c001,tv,,2026-08-20T17:15:44Z,66
s015049,u0252,c003,mobile,5.3.0,2026-08-20T17:18:51Z,19
s015050,u0497,c004,mobile,5.3.0,2026-08-20T17:20:29Z,26
s015051,u0954,c058,mobile,5.3.0,2026-08-20T17:23:13Z,13
s015052,u0102,c012,mobile,5.3.0,2026-08-20T17:24:25Z,18
s015053,u0328,c045,tv,,2026-08-20T17:28:44Z,85
s015054,u0551,c015,mobile,5.3.0,2026-08-20T17:29:51Z,29
s015055,u0164,c013,tv,,2026-08-20T17:29:53Z,56
s015056,u0706,c058,web,,2026-08-20T17:32:10Z,23
s015057,u0658,c009,tv,,2026-08-20T17:32:18Z,24
s015058,u0279,c002,web,,2026-08-20T17:32:57Z,51
s015059,u0066,c034,web,,2026-08-20T17:32:59Z,15
s015060,u0697,c055,web,,2026-08-20T17:34:01Z,22
s015061,u0899,c010,mobile,5.3.0,2026-08-20T17:34:48Z,20
s015062,u0969,c006,web,,2026-08-20T17:36:03Z,23
s015063,u0679,c017,mobile,5.3.0,2026-08-20T17:38:03Z,23
s015064,u0053,c055,tv,,2026-08-20T17:41:23Z,45
s015065,u0737,c001,mobile,5.3.0,2026-08-20T17:42:47Z,29
s015066,u0499,c037,mobile,5.3.0,2026-08-20T17:43:12Z,40
s015067,u0025,c003,mobile,5.3.0,2026-08-20T17:43:15Z,50
s015068,u0770,c002,tv,,2026-08-20T17:43:17Z,73
s015069,u0901,c010,web,,2026-08-20T17:43:24Z,12
s015070,u0286,c051,mobile,5.3.0,2026-08-20T17:44:53Z,11
s015071,u0130,c024,tv,,2026-08-20T17:47:06Z,23
s015072,u0086,c044,mobile,5.3.0,2026-08-20T17:47:23Z,18
s015073,u0699,c023,web,,2026-08-20T17:48:33Z,27
s015074,u0267,c011,web,,2026-08-20T17:49:25Z,26
s015075,u0344,c007,mobile,5.3.0,2026-08-20T17:49:38Z,21
s015076,u0875,c001,mobile,5.3.0,2026-08-20T17:49:46Z,7
s015077,u0770,c031,tv,,2026-08-20T17:50:48Z,38
s015078,u0112,c006,tv,,2026-08-20T17:51:17Z,9
s015079,u0634,c002,tv,,2026-08-20T17:51:51Z,42
s015080,u0122,c010,mobile,5.3.0,2026-08-20T17:55:31Z,20
s015081,u0202,c001,tv,,2026-08-20T17:55:52Z,75
s015082,u0412,c004,web,,2026-08-20T17:56:40Z,74
s015083,u0545,c051,web,,2026-08-20T17:57:24Z,31
s015084,u0721,c001,web,,2026-08-20T17:59:32Z,15
s015085,u0106,c032,web,,2026-08-20T17:59:35Z,27
s015086,u0866,c004,mobile,5.3.0,2026-08-20T19:00:14Z,15
s015087,u0600,c004,web,,2026-08-20T19:00:16Z,41
s015088,u0436,c008,mobile,5.3.0,2026-08-20T19:00:34Z,10
s015089,u0360,c001,tv,,2026-08-20T19:01:09Z,29
s015090,u0071,c002,web,,2026-08-20T19:01:24Z,88
s015091,u0018,c001,web,,2026-08-20T19:01:35Z,50
s015092,u0623,c001,web,,2026-08-20T19:03:22Z,18
s015093,u0893,c042,mobile,5.3.0,2026-08-20T19:03:26Z,15
s015094,u0340,c055,tv,,2026-08-20T19:03:47Z,32
s015095,u0042,c028,tv,,2026-08-20T19:04:12Z,58
s015096,u0538,c001,web,,2026-08-20T19:05:45Z,24
s015097,u0555,c019,mobile,5.3.0,2026-08-20T19:05:46Z,39
s015098,u0677,c015,mobile,5.3.0,2026-08-20T19:06:16Z,11
s015099,u0282,c003,mobile,5.3.0,2026-08-20T19:07:06Z,79
s015100,u0795,c051,mobile,5.3.0,2026-08-20T19:07:17Z,5
s015101,u0903,c001,mobile,5.3.0,2026-08-20T19:08:09Z,4
s015102,u0629,c005,tv,,2026-08-20T19:08:49Z,51
s015103,u0075,c013,mobile,5.3.0,2026-08-20T19:09:11Z,15
s015104,u0058,c013,mobile,5.3.0,2026-08-20T19:09:22Z,16
s015105,u0718,c001,mobile,5.3.0,2026-08-20T19:09:25Z,59
s015106,u0251,c059,tv,,2026-08-20T19:09:34Z,10
s015107,u0592,c002,mobile,5.3.0,2026-08-20T19:09:56Z,9
s015108,u0122,c018,web,,2026-08-20T19:10:00Z,76
s015109,u0434,c007,mobile,5.3.0,2026-08-20T19:10:18Z,12
s015110,u0656,c001,tv,,2026-08-20T19:10:24Z,192
s015111,u0225,c003,web,,2026-08-20T19:10:30Z,10
s015112,u0479,c013,mobile,5.3.0,2026-08-20T19:10:44Z,17
s015113,u0068,c019,web,,2026-08-20T19:12:01Z,23
s015114,u0599,c010,tv,,2026-08-20T19:12:01Z,37
s015115,u0185,c035,mobile,5.3.0,2026-08-20T19:12:28Z,15
s015116,u0675,c037,tv,,2026-08-20T19:12:44Z,47
s015117,u0506,c016,mobile,5.3.0,2026-08-20T19:14:37Z,6
s015118,u0855,c006,web,,2026-08-20T19:14:55Z,23
s015119,u0322,c050,mobile,5.3.0,2026-08-20T19:16:05Z,79
s015120,u0624,c018,mobile,5.3.0,2026-08-20T19:16:19Z,6
s015121,u0830,c001,web,,2026-08-20T19:17:09Z,28
s015122,u0957,c002,mobile,5.3.0,2026-08-20T19:17:23Z,7
s015123,u0355,c006,mobile,5.3.0,2026-08-20T19:17:54Z,38
s015124,u0270,c001,web,,2026-08-20T19:18:54Z,8
s015125,u0448,c002,mobile,5.3.0,2026-08-20T19:19:16Z,26
s015126,u0639,c001,mobile,5.3.0,2026-08-20T19:20:28Z,25
s015127,u0794,c009,mobile,5.3.0,2026-08-20T19:20:30Z,17
s015128,u0922,c016,mobile,5.3.0,2026-08-20T19:21:58Z,13
s015129,u0912,c001,mobile,5.3.0,2026-08-20T19:22:37Z,18
s015130,u0819,c014,mobile,5.3.0,2026-08-20T19:22:39Z,13
s015131,u1055,c054,mobile,5.3.0,2026-08-20T19:22:46Z,29
s015132,u0063,c021,mobile,5.3.0,2026-08-20T19:22:47Z,25
s015133,u0590,c001,tv,,2026-08-20T19:23:25Z,16
s015134,u0042,c004,tv,,2026-08-20T19:23:29Z,185
s015135,u0126,c011,tv,,2026-08-20T19:23:40Z,77
s015136,u0678,c008,mobile,5.3.0,2026-08-20T19:23:56Z,28
s015137,u0484,c016,mobile,5.3.0,2026-08-20T19:24:20Z,12
s015138,u0925,c035,mobile,5.3.0,2026-08-20T19:24:49Z,35
s015139,u0394,c001,tv,,2026-08-20T19:25:07Z,43
s015140,u0663,c032,web,,2026-08-20T19:25:12Z,79
s015141,u0059,c021,tv,,2026-08-20T19:25:23Z,35
s015142,u0082,c027,mobile,5.3.0,2026-08-20T19:25:57Z,7
s015143,u0382,c023,tv,,2026-08-20T19:25:59Z,108
s015144,u0497,c051,mobile,5.3.0,2026-08-20T19:26:34Z,17
s015145,u0005,c017,tv,,2026-08-20T19:26:38Z,16
s015146,u0356,c034,web,,2026-08-20T19:26:50Z,50
s015147,u0924,c055,mobile,5.3.0,2026-08-20T19:27:22Z,20
s015148,u0570,c001,web,,2026-08-20T19:27:29Z,53
s015149,u0882,c003,mobile,5.3.0,2026-08-20T19:27:36Z,16
s015150,u0476,c005,tv,,2026-08-20T19:27:50Z,34
s015151,u0697,c029,web,,2026-08-20T19:28:08Z,56
s015152,u0076,c049,tv,,2026-08-20T19:28:20Z,138
s015153,u0058,c002,mobile,5.3.0,2026-08-20T19:29:34Z,20
s015154,u0510,c006,mobile,5.3.0,2026-08-20T19:29:51Z,8
s015155,u0629,c007,mobile,5.3.0,2026-08-20T19:29:51Z,9
s015156,u0575,c021,tv,,2026-08-20T19:29:54Z,107
s015157,u0183,c034,tv,,2026-08-20T19:30:20Z,10
s015158,u0757,c001,mobile,5.3.0,2026-08-20T19:30:36Z,60
s015159,u0082,c017,mobile,5.3.0,2026-08-20T19:30:38Z,27
s015160,u0874,c014,mobile,5.3.0,2026-08-20T19:30:41Z,4
s015161,u0663,c041,web,,2026-08-20T19:30:55Z,82
s015162,u0659,c008,web,,2026-08-20T19:31:27Z,99
s015163,u0565,c001,mobile,5.3.0,2026-08-20T19:33:47Z,7
s015164,u0047,c030,tv,,2026-08-20T19:34:37Z,152
s015165,u0961,c005,tv,,2026-08-20T19:34:41Z,39
s015166,u0274,c033,mobile,5.3.0,2026-08-20T19:34:50Z,25
s015167,u0814,c007,web,,2026-08-20T19:35:07Z,20
s015168,u0469,c054,tv,,2026-08-20T19:35:14Z,46
s015169,u0061,c057,tv,,2026-08-20T19:35:29Z,52
s015170,u0584,c046,web,,2026-08-20T19:36:50Z,50
s015171,u0410,c021,tv,,2026-08-20T19:40:13Z,26
s015172,u0360,c001,tv,,2026-08-20T19:40:16Z,77
s015173,u0210,c011,tv,,2026-08-20T19:40:56Z,63
s015174,u1022,c051,mobile,5.3.0,2026-08-20T19:41:59Z,13
s015175,u0312,c005,mobile,5.3.0,2026-08-20T19:42:02Z,27
s015176,u0744,c002,mobile,5.3.0,2026-08-20T19:42:28Z,35
s015177,u0288,c005,web,,2026-08-20T19:42:40Z,17
s015178,u0985,c005,web,,2026-08-20T19:42:47Z,39
s015179,u0800,c054,mobile,5.3.0,2026-08-20T19:43:15Z,36
s015180,u0283,c002,mobile,5.3.0,2026-08-20T19:44:18Z,8
s015181,u0910,c010,web,,2026-08-20T19:44:43Z,55
s015182,u0160,c056,web,,2026-08-20T19:44:57Z,35
s015183,u0039,c007,mobile,5.3.0,2026-08-20T19:45:02Z,9
s015184,u0860,c007,web,,2026-08-20T19:45:51Z,14
s015185,u0292,c060,tv,,2026-08-20T19:46:09Z,26
s015186,u0595,c008,web,,2026-08-20T19:47:12Z,38
s015187,u0106,c025,web,,2026-08-20T19:47:25Z,39
s015188,u0098,c001,tv,,2026-08-20T19:48:49Z,72
s015189,u0179,c005,tv,,2026-08-20T19:49:29Z,38
s015190,u0789,c014,mobile,5.3.0,2026-08-20T19:49:37Z,16
s015191,u0253,c056,tv,,2026-08-20T19:49:55Z,54
s015192,u0128,c009,tv,,2026-08-20T19:50:35Z,28
s015193,u0606,c009,mobile,5.3.0,2026-08-20T19:51:14Z,28
s015194,u0554,c012,web,,2026-08-20T19:51:44Z,39
s015195,u0136,c002,mobile,5.3.0,2026-08-20T19:51:52Z,47
s015196,u0355,c011,web,,2026-08-20T19:51:57Z,48
s015197,u0061,c001,tv,,2026-08-20T19:52:08Z,35
s015198,u0747,c002,web,,2026-08-20T19:52:23Z,40
s015199,u0499,c031,web,,2026-08-20T19:52:30Z,46
s015200,u0447,c048,mobile,5.3.0,2026-08-20T19:52:36Z,34
s015201,u0459,c023,mobile,5.3.0,2026-08-20T19:53:31Z,30
s015202,u0457,c007,tv,,2026-08-20T19:53:34Z,31
s015203,u0214,c002,web,,2026-08-20T19:55:22Z,47
s015204,u0624,c008,mobile,5.3.0,2026-08-20T19:55:43Z,9
s015205,u0270,c029,mobile,5.3.0,2026-08-20T19:56:57Z,28
s015206,u0798,c003,mobile,5.3.0,2026-08-20T19:57:13Z,16
s015207,u0175,c001,mobile,5.3.0,2026-08-20T19:58:09Z,29
s015208,u0340,c016,mobile,5.3.0,2026-08-20T19:58:11Z,30
s015209,u0288,c022,mobile,5.3.0,2026-08-20T19:58:56Z,24
s015210,u0152,c003,mobile,5.3.0,2026-08-20T19:59:23Z,15
s015211,u0219,c039,mobile,5.3.0,2026-08-20T21:00:40Z,29
s015212,u1039,c004,mobile,5.3.0,2026-08-20T21:00:54Z,14
s015213,u0318,c003,tv,,2026-08-20T21:01:24Z,61
s015214,u0016,c008,tv,,2026-08-20T21:03:03Z,46
s015215,u0609,c023,mobile,5.3.0,2026-08-20T21:03:23Z,36
s015216,u0258,c003,mobile,5.3.0,2026-08-20T21:04:10Z,22
s015217,u0090,c003,tv,,2026-08-20T21:04:45Z,10
s015218,u0218,c021,web,,2026-08-20T21:05:34Z,57
s015219,u0304,c017,mobile,5.3.0,2026-08-20T21:05:35Z,36
s015220,u0555,c002,mobile,5.3.0,2026-08-20T21:06:31Z,13
s015221,u0699,c001,mobile,5.3.0,2026-08-20T21:06:55Z,18
s015222,u0122,c001,web,,2026-08-20T21:07:01Z,26
s015223,u0958,c016,mobile,5.3.0,2026-08-20T21:07:15Z,12
s015224,u0109,c027,web,,2026-08-20T21:08:51Z,23
s015225,u0066,c046,web,,2026-08-20T21:09:13Z,14
s015226,u0339,c012,tv,,2026-08-20T21:09:27Z,37
s015227,u0220,c002,tv,,2026-08-20T21:09:29Z,35
s015228,u0789,c005,mobile,5.3.0,2026-08-20T21:10:10Z,23
s015229,u0236,c018,web,,2026-08-20T21:10:36Z,35
s015230,u0786,c018,tv,,2026-08-20T21:10:57Z,30
s015231,u0706,c002,web,,2026-08-20T21:11:19Z,8
s015232,u1043,c001,web,,2026-08-20T21:11:27Z,39
s015233,u0204,c007,mobile,5.3.0,2026-08-20T21:11:55Z,51
s015234,u0792,c047,mobile,5.3.0,2026-08-20T21:14:17Z,62
s015235,u0162,c003,mobile,5.3.0,2026-08-20T21:14:36Z,14
s015236,u0169,c012,mobile,5.3.0,2026-08-20T21:15:43Z,47
s015237,u0581,c026,mobile,5.3.0,2026-08-20T21:15:49Z,17
s015238,u0057,c016,mobile,5.3.0,2026-08-20T21:15:53Z,34
s015239,u0468,c018,tv,,2026-08-20T21:17:02Z,95
s015240,u1016,c026,mobile,5.3.0,2026-08-20T21:17:10Z,7
s015241,u0327,c004,web,,2026-08-20T21:17:13Z,42
s015242,u0045,c017,web,,2026-08-20T21:17:33Z,10
s015243,u0159,c002,mobile,5.3.0,2026-08-20T21:19:39Z,9
s015244,u0073,c004,mobile,5.3.0,2026-08-20T21:21:06Z,89
s015245,u0287,c060,mobile,5.3.0,2026-08-20T21:21:15Z,18
s015246,u0179,c004,tv,,2026-08-20T21:23:07Z,51
s015247,u0639,c003,web,,2026-08-20T21:23:17Z,21
s015248,u0617,c014,tv,,2026-08-20T21:24:04Z,36
s015249,u0037,c006,tv,,2026-08-20T21:24:41Z,21
s015250,u0625,c002,mobile,5.3.0,2026-08-20T21:24:43Z,23
s015251,u0138,c011,mobile,5.3.0,2026-08-20T21:24:49Z,24
s015252,u0656,c002,tv,,2026-08-20T21:24:57Z,37
s015253,u0655,c026,mobile,5.3.0,2026-08-20T21:26:04Z,14
s015254,u0155,c043,tv,,2026-08-20T21:29:10Z,48
s015255,u0603,c001,tv,,2026-08-20T21:29:39Z,23
s015256,u0695,c014,web,,2026-08-20T21:30:15Z,75
s015257,u0744,c001,tv,,2026-08-20T21:31:13Z,82
s015258,u0331,c050,mobile,5.3.0,2026-08-20T21:31:24Z,11
s015259,u0745,c058,mobile,5.3.0,2026-08-20T21:31:28Z,24
s015260,u0683,c003,mobile,5.3.0,2026-08-20T21:32:30Z,8
s015261,u0681,c010,tv,,2026-08-20T21:32:33Z,104
s015262,u0547,c008,mobile,5.3.0,2026-08-20T21:32:43Z,13
s015263,u0697,c009,web,,2026-08-20T21:32:46Z,77
s015264,u0698,c008,mobile,5.3.0,2026-08-20T21:33:08Z,12
s015265,u0346,c002,mobile,5.3.0,2026-08-20T21:34:31Z,21
s015266,u0227,c032,mobile,5.3.0,2026-08-20T21:35:42Z,80
s015267,u0764,c006,tv,,2026-08-20T21:35:59Z,14
s015268,u0499,c003,web,,2026-08-20T21:36:26Z,66
s015269,u0058,c013,mobile,5.3.0,2026-08-20T21:36:47Z,21
s015270,u0279,c006,web,,2026-08-20T21:37:32Z,11
s015271,u0436,c008,mobile,5.3.0,2026-08-20T21:37:56Z,5
s015272,u0075,c002,mobile,5.3.0,2026-08-20T21:38:05Z,51
s015273,u0265,c009,tv,,2026-08-20T21:38:24Z,112
s015274,u0366,c002,mobile,5.3.0,2026-08-20T21:38:39Z,23
s015275,u0528,c024,mobile,5.3.0,2026-08-20T21:38:42Z,31
s015276,u0600,c004,web,,2026-08-20T21:39:00Z,74
s015277,u0374,c013,web,,2026-08-20T21:39:21Z,10
s015278,u0618,c014,tv,,2026-08-20T21:41:41Z,51
s015279,u0555,c002,mobile,5.3.0,2026-08-20T21:41:56Z,28
s015280,u0702,c012,web,,2026-08-20T21:42:45Z,76
s015281,u0009,c006,web,,2026-08-20T21:43:30Z,28
s015282,u0675,c007,tv,,2026-08-20T21:43:54Z,37
s015283,u0634,c008,tv,,2026-08-20T21:44:17Z,15
s015284,u0050,c003,web,,2026-08-20T21:44:32Z,41
s015285,u0576,c022,mobile,5.3.0,2026-08-20T21:44:45Z,54
s015286,u0459,c002,mobile,5.3.0,2026-08-20T21:45:22Z,10
s015287,u0823,c003,mobile,5.3.0,2026-08-20T21:45:27Z,17
s015288,u0396,c001,tv,,2026-08-20T21:45:47Z,53
s015289,u0694,c004,mobile,5.3.0,2026-08-20T21:46:02Z,21
s015290,u0771,c031,tv,,2026-08-20T21:46:26Z,18
s015291,u0175,c056,web,,2026-08-20T21:46:36Z,18
s015292,u0058,c002,mobile,5.3.0,2026-08-20T21:49:23Z,11
s015293,u0317,c017,web,,2026-08-20T21:49:26Z,131
s015294,u0491,c038,web,,2026-08-20T21:50:02Z,44
s015295,u0248,c001,mobile,5.3.0,2026-08-20T21:50:40Z,11
s015296,u0624,c037,mobile,5.3.0,2026-08-20T21:51:10Z,20
s015297,u0405,c030,web,,2026-08-20T21:52:04Z,13
s015298,u0377,c002,mobile,5.3.0,2026-08-20T21:53:33Z,40
s015299,u0430,c011,mobile,5.3.0,2026-08-20T21:53:43Z,8
s015300,u0163,c002,mobile,5.3.0,2026-08-20T21:53:48Z,33
s015301,u0796,c010,web,,2026-08-20T21:53:52Z,16
s015302,u0324,c006,tv,,2026-08-20T21:54:28Z,23
s015303,u0087,c004,mobile,5.3.0,2026-08-20T21:56:10Z,27
s015304,u0463,c036,mobile,5.3.0,2026-08-20T21:56:35Z,3
s015305,u0279,c060,web,,2026-08-20T21:56:57Z,22
s015306,u0575,c013,mobile,5.3.0,2026-08-20T21:57:54Z,25
s015307,u0794,c011,web,,2026-08-20T21:59:12Z,66
s015308,u0711,c001,mobile,5.3.0,2026-08-20T21:59:28Z,15
s015309,u0021,c012,tv,,2026-08-20T21:59:33Z,169
s015310,u0426,c021,mobile,5.3.0,2026-08-20T21:59:39Z,35
s015311,u0723,c001,mobile,5.3.0,2026-08-20T21:59:56Z,14
s015312,u0516,c001,mobile,5.3.0,2026-08-20T23:02:25Z,34
s015313,u0974,c001,mobile,5.3.0,2026-08-20T23:02:30Z,6
s015314,u0024,c015,tv,,2026-08-20T23:08:16Z,40
s015315,u0061,c029,tv,,2026-08-20T23:08:44Z,131
s015316,u0003,c014,mobile,5.3.0,2026-08-20T23:09:31Z,11
s015317,u0875,c059,mobile,5.3.0,2026-08-20T23:09:58Z,32
s015318,u0045,c025,mobile,5.3.0,2026-08-20T23:10:20Z,27
s015319,u0138,c004,mobile,5.3.0,2026-08-20T23:12:54Z,7
s015320,u0606,c024,web,,2026-08-20T23:15:07Z,33
s015321,u0292,c046,web,,2026-08-20T23:16:56Z,59
s015322,u1041,c004,mobile,5.3.0,2026-08-20T23:17:38Z,12
s015323,u0292,c025,tv,,2026-08-20T23:20:10Z,31
s015324,u0462,c027,mobile,5.3.0,2026-08-20T23:20:34Z,19
s015325,u0042,c028,tv,,2026-08-20T23:21:17Z,25
s015326,u0926,c005,mobile,5.3.0,2026-08-20T23:22:07Z,18
s015327,u0827,c013,mobile,5.3.0,2026-08-20T23:24:53Z,17
s015328,u0945,c042,web,,2026-08-20T23:24:53Z,22
s015329,u0365,c001,tv,,2026-08-20T23:25:22Z,75
s015330,u0596,c006,mobile,5.3.0,2026-08-20T23:28:07Z,36
s015331,u0750,c019,tv,,2026-08-20T23:28:46Z,41
s015332,u0193,c005,web,,2026-08-20T23:29:14Z,55
s015333,u0214,c003,mobile,5.3.0,2026-08-20T23:29:25Z,51
s015334,u0881,c012,mobile,5.3.0,2026-08-20T23:29:51Z,7
s015335,u0621,c059,web,,2026-08-20T23:31:39Z,89
s015336,u0617,c015,tv,,2026-08-20T23:34:22Z,46
s015337,u0030,c024,tv,,2026-08-20T23:34:25Z,127
s015338,u0008,c044,mobile,5.3.0,2026-08-20T23:38:41Z,33
s015339,u0688,c033,mobile,5.3.0,2026-08-20T23:39:39Z,19
s015340,u0211,c002,mobile,5.3.0,2026-08-20T23:40:16Z,22
s015341,u0029,c001,tv,,2026-08-20T23:41:03Z,240
s015342,u0283,c016,mobile,5.3.0,2026-08-20T23:44:43Z,24
s015343,u0524,c014,mobile,5.3.0,2026-08-20T23:46:21Z,29
s015344,u0935,c003,web,,2026-08-20T23:46:41Z,33
s015345,u0752,c058,mobile,5.3.0,2026-08-20T23:47:47Z,74
s015346,u0026,c018,mobile,5.3.0,2026-08-20T23:49:11Z,18
s015347,u0189,c001,mobile,5.3.0,2026-08-20T23:50:03Z,11
s015348,u0591,c041,mobile,5.3.0,2026-08-20T23:52:18Z,21
s015349,u0569,c007,web,,2026-08-20T23:53:06Z,28
s015350,u0746,c002,mobile,5.3.0,2026-08-20T23:53:34Z,17
s015351,u0129,c006,web,,2026-08-20T23:54:58Z,34
s015352,u0715,c031,web,,2026-08-20T23:55:31Z,100
s015353,u0068,c037,web,,2026-08-20T23:57:38Z,19
s015354,u0080,c001,tv,,2026-08-21T08:04:40Z,23
s015355,u0137,c002,tv,,2026-08-21T08:11:15Z,30
s015356,u0883,c020,mobile,5.3.0,2026-08-21T08:16:41Z,8
s015357,u0067,c001,tv,,2026-08-21T08:17:50Z,36
s015358,u0113,c002,mobile,5.3.0,2026-08-21T08:21:59Z,24
s015359,u0490,c019,web,,2026-08-21T08:25:41Z,54
s015360,u0181,c005,web,,2026-08-21T08:28:49Z,61
s015361,u0689,c019,tv,,2026-08-21T08:45:15Z,51
s015362,u0688,c027,web,,2026-08-21T08:48:44Z,23
s015363,u0102,c019,mobile,5.3.0,2026-08-21T12:01:02Z,19
s015364,u0229,c010,tv,,2026-08-21T12:02:20Z,36
s015365,u0441,c001,tv,,2026-08-21T12:03:44Z,47
s015366,u0683,c009,mobile,5.3.0,2026-08-21T12:05:42Z,23
s015367,u0705,c048,mobile,5.3.0,2026-08-21T12:07:52Z,68
s015368,u0329,c001,mobile,5.3.0,2026-08-21T12:09:44Z,24
s015369,u0196,c010,web,,2026-08-21T12:11:22Z,40
s015370,u0890,c034,mobile,5.3.0,2026-08-21T12:14:33Z,14
s015371,u0528,c007,mobile,5.3.0,2026-08-21T12:15:11Z,45
s015372,u0402,c020,mobile,5.3.0,2026-08-21T12:16:03Z,29
s015373,u1039,c011,mobile,5.3.0,2026-08-21T12:16:28Z,153
s015374,u0671,c001,mobile,5.3.0,2026-08-21T12:19:30Z,57
s015375,u0299,c050,tv,,2026-08-21T12:20:44Z,10
s015376,u0930,c026,mobile,5.3.0,2026-08-21T12:23:15Z,10
s015377,u0226,c001,mobile,5.3.0,2026-08-21T12:23:20Z,14
s015378,u0675,c032,mobile,5.3.0,2026-08-21T12:23:51Z,29
s015379,u0011,c006,tv,,2026-08-21T12:25:24Z,14
s015380,u0376,c060,tv,,2026-08-21T12:28:32Z,60
s015381,u0952,c047,mobile,5.3.0,2026-08-21T12:29:48Z,13
s015382,u1043,c053,web,,2026-08-21T12:31:11Z,26
s015383,u0251,c019,web,,2026-08-21T12:31:47Z,28
s015384,u0046,c002,web,,2026-08-21T12:31:51Z,13
s015385,u0016,c001,tv,,2026-08-21T12:40:04Z,50
s015386,u0551,c030,mobile,5.3.0,2026-08-21T12:40:04Z,37
s015387,u0126,c020,tv,,2026-08-21T12:40:53Z,90
s015388,u0488,c004,mobile,5.3.0,2026-08-21T12:45:43Z,63
s015389,u0222,c001,mobile,5.3.0,2026-08-21T12:45:45Z,12
s015390,u0225,c005,web,,2026-08-21T12:46:59Z,9
s015391,u0630,c006,mobile,5.3.0,2026-08-21T12:48:48Z,19
s015392,u0018,c004,web,,2026-08-21T12:50:55Z,10
s015393,u0286,c004,mobile,5.3.0,2026-08-21T12:57:10Z,13
s015394,u0809,c004,tv,,2026-08-21T17:00:28Z,41
s015395,u0491,c007,web,,2026-08-21T17:00:48Z,28
s015396,u0223,c023,tv,,2026-08-21T17:00:56Z,17
s015397,u0257,c046,mobile,5.3.0,2026-08-21T17:01:49Z,13
s015398,u0398,c002,mobile,5.3.0,2026-08-21T17:01:51Z,32
s015399,u0983,c004,mobile,5.3.0,2026-08-21T17:04:06Z,17
s015400,u0109,c008,mobile,5.3.0,2026-08-21T17:06:11Z,20
s015401,u0126,c001,tv,,2026-08-21T17:08:44Z,59
s015402,u0667,c006,web,,2026-08-21T17:10:35Z,171
s015403,u0756,c012,mobile,5.3.0,2026-08-21T17:11:28Z,30
s015404,u0302,c012,tv,,2026-08-21T17:12:05Z,38
s015405,u0751,c040,mobile,5.3.0,2026-08-21T17:12:48Z,13
s015406,u0138,c029,mobile,5.3.0,2026-08-21T17:14:48Z,54
s015407,u0975,c028,mobile,5.3.0,2026-08-21T17:16:41Z,25
s015408,u0527,c034,tv,,2026-08-21T17:16:58Z,50
s015409,u0234,c001,mobile,5.3.0,2026-08-21T17:17:30Z,47
s015410,u0218,c003,mobile,5.3.0,2026-08-21T17:19:33Z,6
s015411,u0769,c017,web,,2026-08-21T17:20:55Z,36
s015412,u0291,c004,web,,2026-08-21T17:23:16Z,14
s015413,u0949,c055,mobile,5.3.0,2026-08-21T17:23:41Z,64
s015414,u0109,c008,mobile,5.3.0,2026-08-21T17:24:11Z,21
s015415,u1037,c004,web,,2026-08-21T17:24:52Z,10
s015416,u0744,c002,tv,,2026-08-21T17:24:53Z,58
s015417,u0216,c001,mobile,5.3.0,2026-08-21T17:25:29Z,11
s015418,u0624,c024,mobile,5.3.0,2026-08-21T17:25:41Z,25
s015419,u0495,c001,web,,2026-08-21T17:26:23Z,15
s015420,u0016,c036,tv,,2026-08-21T17:29:09Z,20
s015421,u0715,c039,mobile,5.3.0,2026-08-21T17:29:30Z,18
s015422,u0130,c003,web,,2026-08-21T17:29:33Z,76
s015423,u0893,c049,mobile,5.3.0,2026-08-21T17:29:54Z,12
s015424,u0607,c011,tv,,2026-08-21T17:31:29Z,30
s015425,u0115,c004,mobile,5.3.0,2026-08-21T17:31:31Z,21
s015426,u0525,c058,web,,2026-08-21T17:32:31Z,27
s015427,u0390,c013,web,,2026-08-21T17:32:43Z,31
s015428,u0888,c002,web,,2026-08-21T17:34:48Z,32
s015429,u0102,c005,mobile,5.3.0,2026-08-21T17:35:27Z,22
s015430,u0983,c002,mobile,5.3.0,2026-08-21T17:35:43Z,40
s015431,u0833,c007,web,,2026-08-21T17:36:28Z,29
s015432,u0297,c015,tv,,2026-08-21T17:38:16Z,28
s015433,u0698,c003,mobile,5.3.0,2026-08-21T17:38:21Z,19
s015434,u0491,c001,web,,2026-08-21T17:39:56Z,14
s015435,u0826,c002,mobile,5.3.0,2026-08-21T17:40:44Z,67
s015436,u0151,c040,mobile,5.3.0,2026-08-21T17:41:04Z,60
s015437,u0525,c008,web,,2026-08-21T17:42:39Z,136
s015438,u0407,c021,mobile,5.3.0,2026-08-21T17:44:48Z,12
s015439,u0383,c001,web,,2026-08-21T17:45:12Z,12
s015440,u0344,c032,mobile,5.3.0,2026-08-21T17:49:04Z,32
s015441,u0536,c054,tv,,2026-08-21T17:51:13Z,35
s015442,u0184,c002,mobile,5.3.0,2026-08-21T17:51:37Z,23
s015443,u1043,c001,web,,2026-08-21T17:53:39Z,11
s015444,u0122,c035,mobile,5.3.0,2026-08-21T17:54:22Z,24
s015445,u0363,c037,web,,2026-08-21T17:54:31Z,49
s015446,u0111,c058,mobile,5.3.0,2026-08-21T17:55:03Z,35
s015447,u0227,c003,mobile,5.3.0,2026-08-21T17:55:15Z,32
s015448,u0202,c001,tv,,2026-08-21T17:55:23Z,27
s015449,u0569,c001,web,,2026-08-21T17:57:05Z,21
s015450,u0247,c011,mobile,5.3.0,2026-08-21T17:57:34Z,14
s015451,u0311,c004,tv,,2026-08-21T17:58:53Z,16
s015452,u0650,c009,mobile,5.3.0,2026-08-21T19:00:12Z,5
s015453,u0038,c009,tv,,2026-08-21T19:01:34Z,240
s015454,u0154,c022,web,,2026-08-21T19:01:37Z,65
s015455,u0412,c023,mobile,5.3.0,2026-08-21T19:02:00Z,64
s015456,u0016,c014,tv,,2026-08-21T19:02:07Z,64
s015457,u0949,c004,mobile,5.3.0,2026-08-21T19:02:51Z,41
s015458,u0666,c025,mobile,5.3.0,2026-08-21T19:03:07Z,16
s015459,u0625,c003,mobile,5.3.0,2026-08-21T19:03:37Z,22
s015460,u0364,c002,web,,2026-08-21T19:03:44Z,59
s015461,u0598,c006,web,,2026-08-21T19:04:29Z,71
s015462,u0303,c007,web,,2026-08-21T19:04:43Z,82
s015463,u0575,c047,tv,,2026-08-21T19:05:03Z,29
s015464,u0889,c059,web,,2026-08-21T19:05:28Z,22
s015465,u0227,c010,mobile,5.3.0,2026-08-21T19:05:29Z,21
s015466,u0266,c043,web,,2026-08-21T19:06:25Z,46
s015467,u0679,c009,mobile,5.3.0,2026-08-21T19:06:25Z,28
s015468,u0545,c007,tv,,2026-08-21T19:06:28Z,96
s015469,u0750,c060,tv,,2026-08-21T19:06:35Z,53
s015470,u0046,c001,web,,2026-08-21T19:07:25Z,12
s015471,u0168,c057,tv,,2026-08-21T19:08:09Z,28
s015472,u0784,c002,web,,2026-08-21T19:08:42Z,5
s015473,u0950,c001,tv,,2026-08-21T19:08:53Z,20
s015474,u0478,c034,tv,,2026-08-21T19:09:01Z,50
s015475,u0160,c020,mobile,5.3.0,2026-08-21T19:09:12Z,32
s015476,u0218,c003,mobile,5.3.0,2026-08-21T19:09:31Z,35
s015477,u0551,c013,mobile,5.3.0,2026-08-21T19:11:17Z,10
s015478,u0711,c002,mobile,5.3.0,2026-08-21T19:11:34Z,14
s015479,u0491,c001,web,,2026-08-21T19:12:18Z,74
s015480,u0953,c041,tv,,2026-08-21T19:12:19Z,55
s015481,u0251,c009,web,,2026-08-21T19:12:27Z,10
s015482,u0390,c047,web,,2026-08-21T19:13:38Z,70
s015483,u0522,c038,web,,2026-08-21T19:14:19Z,46
s015484,u0881,c025,mobile,5.3.0,2026-08-21T19:17:14Z,30
s015485,u0170,c022,mobile,5.3.0,2026-08-21T19:17:18Z,19
s015486,u0099,c001,web,,2026-08-21T19:17:28Z,18
s015487,u0596,c043,mobile,5.3.0,2026-08-21T19:18:47Z,56
s015488,u0743,c018,tv,,2026-08-21T19:18:56Z,70
s015489,u0410,c021,web,,2026-08-21T19:19:02Z,37
s015490,u0448,c051,mobile,5.3.0,2026-08-21T19:21:56Z,32
s015491,u0829,c001,mobile,5.3.0,2026-08-21T19:22:00Z,18
s015492,u0659,c052,web,,2026-08-21T19:22:42Z,117
s015493,u0434,c001,mobile,5.3.0,2026-08-21T19:22:50Z,19
s015494,u0409,c001,web,,2026-08-21T19:23:06Z,21
s015495,u1029,c004,mobile,5.3.0,2026-08-21T19:23:34Z,10
s015496,u0211,c014,mobile,5.3.0,2026-08-21T19:23:37Z,13
s015497,u0365,c001,tv,,2026-08-21T19:25:20Z,90
s015498,u0599,c002,tv,,2026-08-21T19:25:36Z,74
s015499,u0559,c042,mobile,5.3.0,2026-08-21T19:25:37Z,30
s015500,u0038,c005,tv,,2026-08-21T19:25:42Z,77
s015501,u0275,c050,web,,2026-08-21T19:26:02Z,84
s015502,u0615,c046,mobile,5.3.0,2026-08-21T19:26:10Z,24
s015503,u0472,c002,mobile,5.3.0,2026-08-21T19:26:19Z,18
s015504,u0150,c001,tv,,2026-08-21T19:26:29Z,39
s015505,u0568,c057,mobile,5.3.0,2026-08-21T19:26:55Z,42
s015506,u0296,c004,web,,2026-08-21T19:29:13Z,25
s015507,u0138,c002,tv,,2026-08-21T19:30:44Z,41
s015508,u0714,c012,mobile,5.3.0,2026-08-21T19:31:09Z,6
s015509,u0356,c057,web,,2026-08-21T19:31:56Z,32
s015510,u0564,c034,web,,2026-08-21T19:32:02Z,18
s015511,u0565,c005,mobile,5.3.0,2026-08-21T19:32:23Z,16
s015512,u0157,c010,web,,2026-08-21T19:33:19Z,21
s015513,u0444,c050,web,,2026-08-21T19:33:32Z,67
s015514,u0199,c049,web,,2026-08-21T19:33:46Z,17
s015515,u0476,c001,web,,2026-08-21T19:33:48Z,83
s015516,u0529,c004,mobile,5.3.0,2026-08-21T19:33:54Z,28
s015517,u0688,c029,mobile,5.3.0,2026-08-21T19:35:22Z,13
s015518,u0082,c002,mobile,5.3.0,2026-08-21T19:35:31Z,24
s015519,u0925,c004,mobile,5.3.0,2026-08-21T19:36:14Z,12
s015520,u0366,c001,mobile,5.3.0,2026-08-21T19:36:45Z,36
s015521,u0658,c010,mobile,5.3.0,2026-08-21T19:37:11Z,21
s015522,u0628,c024,tv,,2026-08-21T19:37:22Z,78
s015523,u0779,c007,tv,,2026-08-21T19:38:32Z,63
s015524,u0985,c006,web,,2026-08-21T19:39:30Z,14
s015525,u0951,c001,mobile,5.3.0,2026-08-21T19:40:32Z,20
s015526,u0895,c027,mobile,5.3.0,2026-08-21T19:40:43Z,21
s015527,u1043,c054,web,,2026-08-21T19:41:03Z,25
s015528,u0580,c002,mobile,5.3.0,2026-08-21T19:42:20Z,20
s015529,u0189,c016,mobile,5.3.0,2026-08-21T19:43:25Z,36
s015530,u0933,c003,mobile,5.3.0,2026-08-21T19:43:31Z,16
s015531,u0273,c011,web,,2026-08-21T19:43:57Z,18
s015532,u0295,c006,mobile,5.3.0,2026-08-21T19:44:53Z,34
s015533,u0052,c001,web,,2026-08-21T19:45:23Z,15
s015534,u0304,c018,mobile,5.3.0,2026-08-21T19:45:27Z,35
s015535,u0599,c001,tv,,2026-08-21T19:46:09Z,43
s015536,u0024,c039,tv,,2026-08-21T19:46:37Z,31
s015537,u0601,c002,tv,,2026-08-21T19:46:41Z,56
s015538,u0584,c005,web,,2026-08-21T19:47:15Z,50
s015539,u0297,c006,tv,,2026-08-21T19:47:46Z,29
s015540,u0669,c003,mobile,5.3.0,2026-08-21T19:50:24Z,12
s015541,u0850,c002,mobile,5.3.0,2026-08-21T19:51:19Z,7
s015542,u0361,c053,mobile,5.3.0,2026-08-21T19:51:27Z,38
s015543,u0570,c002,mobile,5.3.0,2026-08-21T19:51:29Z,47
s015544,u0445,c014,tv,,2026-08-21T19:52:05Z,42
s015545,u0231,c045,mobile,5.3.0,2026-08-21T19:53:11Z,6
s015546,u0862,c023,mobile,5.3.0,2026-08-21T19:53:24Z,8
s015547,u0447,c001,web,,2026-08-21T19:53:40Z,21
s015548,u0096,c002,mobile,5.3.0,2026-08-21T19:55:26Z,37
s015549,u0364,c043,mobile,5.3.0,2026-08-21T19:55:29Z,40
s015550,u0383,c034,web,,2026-08-21T19:56:41Z,56
s015551,u0095,c001,web,,2026-08-21T19:56:44Z,35
s015552,u0912,c041,mobile,5.3.0,2026-08-21T19:57:24Z,16
s015553,u0154,c012,web,,2026-08-21T19:57:40Z,47
s015554,u0766,c056,mobile,5.3.0,2026-08-21T19:58:57Z,33
s015555,u0359,c004,mobile,5.3.0,2026-08-21T21:03:05Z,10
s015556,u0217,c009,mobile,5.3.0,2026-08-21T21:03:16Z,44
s015557,u0165,c022,tv,,2026-08-21T21:03:31Z,26
s015558,u0011,c001,tv,,2026-08-21T21:04:11Z,41
s015559,u0383,c023,web,,2026-08-21T21:04:15Z,23
s015560,u0535,c021,mobile,5.3.0,2026-08-21T21:04:25Z,25
s015561,u0659,c001,web,,2026-08-21T21:04:28Z,60
s015562,u0358,c005,mobile,5.3.0,2026-08-21T21:04:56Z,29
s015563,u0873,c022,mobile,5.3.0,2026-08-21T21:05:05Z,14
s015564,u0659,c004,mobile,5.3.0,2026-08-21T21:05:27Z,46
s015565,u0291,c028,web,,2026-08-21T21:06:00Z,38
s015566,u0216,c013,mobile,5.3.0,2026-08-21T21:06:15Z,11
s015567,u0307,c013,mobile,5.3.0,2026-08-21T21:07:37Z,20
s015568,u0988,c014,mobile,5.3.0,2026-08-21T21:08:23Z,26
s015569,u0218,c003,mobile,5.3.0,2026-08-21T21:08:53Z,19
s015570,u0468,c003,tv,,2026-08-21T21:09:01Z,103
s015571,u0082,c015,mobile,5.3.0,2026-08-21T21:10:07Z,32
s015572,u0057,c051,mobile,5.3.0,2026-08-21T21:11:10Z,17
s015573,u0218,c025,mobile,5.3.0,2026-08-21T21:11:23Z,34
s015574,u0293,c001,mobile,5.3.0,2026-08-21T21:11:38Z,22
s015575,u0617,c004,tv,,2026-08-21T21:12:34Z,78
s015576,u0318,c036,mobile,5.3.0,2026-08-21T21:13:18Z,19
s015577,u0701,c009,mobile,5.3.0,2026-08-21T21:13:42Z,38
s015578,u0291,c001,web,,2026-08-21T21:14:10Z,39
s015579,u0775,c057,mobile,5.3.0,2026-08-21T21:14:56Z,26
s015580,u0027,c030,tv,,2026-08-21T21:14:57Z,102
s015581,u0279,c033,web,,2026-08-21T21:15:26Z,58
s015582,u0164,c002,tv,,2026-08-21T21:16:01Z,56
s015583,u0495,c003,web,,2026-08-21T21:16:04Z,30
s015584,u0715,c015,mobile,5.3.0,2026-08-21T21:16:26Z,10
s015585,u0756,c004,mobile,5.3.0,2026-08-21T21:16:40Z,18
s015586,u0562,c003,tv,,2026-08-21T21:17:00Z,29
s015587,u0941,c012,mobile,5.3.0,2026-08-21T21:17:25Z,30
s015588,u0391,c002,web,,2026-08-21T21:18:06Z,32
s015589,u0615,c003,mobile,5.3.0,2026-08-21T21:20:06Z,138
s015590,u0590,c001,tv,,2026-08-21T21:20:37Z,18
s015591,u1009,c001,mobile,5.3.0,2026-08-21T21:20:49Z,9
s015592,u0205,c001,mobile,5.3.0,2026-08-21T21:21:01Z,20
s015593,u0146,c010,mobile,5.3.0,2026-08-21T21:22:20Z,22
s015594,u0243,c003,web,,2026-08-21T21:22:54Z,31
s015595,u0671,c007,mobile,5.3.0,2026-08-21T21:22:55Z,21
s015596,u0425,c004,web,,2026-08-21T21:23:19Z,49
s015597,u1051,c032,mobile,5.3.0,2026-08-21T21:23:19Z,27
s015598,u0010,c007,tv,,2026-08-21T21:24:00Z,28
s015599,u0197,c001,tv,,2026-08-21T21:25:40Z,85
s015600,u0588,c030,mobile,5.3.0,2026-08-21T21:25:55Z,28
s015601,u0175,c044,web,,2026-08-21T21:26:09Z,20
s015602,u0434,c002,mobile,5.3.0,2026-08-21T21:26:11Z,27
s015603,u1043,c003,web,,2026-08-21T21:26:26Z,25
s015604,u0183,c016,tv,,2026-08-21T21:26:35Z,51
s015605,u0879,c019,mobile,5.3.0,2026-08-21T21:26:57Z,35
s015606,u0292,c001,tv,,2026-08-21T21:27:04Z,46
s015607,u0182,c002,web,,2026-08-21T21:27:14Z,39
s015608,u0560,c001,mobile,5.3.0,2026-08-21T21:27:28Z,16
s015609,u0410,c002,web,,2026-08-21T21:28:00Z,5
s015610,u0764,c001,tv,,2026-08-21T21:28:00Z,75
s015611,u0180,c035,tv,,2026-08-21T21:28:01Z,31
s015612,u0808,c059,tv,,2026-08-21T21:29:21Z,192
s015613,u0915,c002,mobile,5.3.0,2026-08-21T21:29:30Z,15
s015614,u0356,c014,web,,2026-08-21T21:29:35Z,29
s015615,u0004,c019,web,,2026-08-21T21:30:14Z,33
s015616,u0807,c005,mobile,5.3.0,2026-08-21T21:30:42Z,47
s015617,u0317,c005,web,,2026-08-21T21:32:14Z,170
s015618,u0169,c013,mobile,5.3.0,2026-08-21T21:33:13Z,73
s015619,u0313,c008,tv,,2026-08-21T21:33:34Z,73
s015620,u0980,c036,mobile,5.3.0,2026-08-21T21:34:16Z,14
s015621,u0372,c008,tv,,2026-08-21T21:34:40Z,23
s015622,u0596,c021,mobile,5.3.0,2026-08-21T21:34:44Z,7
s015623,u0058,c040,mobile,5.3.0,2026-08-21T21:36:34Z,30
s015624,u0779,c018,web,,2026-08-21T21:38:20Z,40
s015625,u0362,c022,tv,,2026-08-21T21:38:31Z,81
s015626,u0912,c032,mobile,5.3.0,2026-08-21T21:38:37Z,49
s015627,u0385,c048,web,,2026-08-21T21:38:45Z,36
s015628,u0374,c001,web,,2026-08-21T21:39:09Z,42
s015629,u0601,c055,tv,,2026-08-21T21:40:14Z,29
s015630,u0855,c039,mobile,5.3.0,2026-08-21T21:40:33Z,20
s015631,u0884,c028,mobile,5.3.0,2026-08-21T21:41:16Z,27
s015632,u0279,c032,web,,2026-08-21T21:41:49Z,45
s015633,u0430,c057,mobile,5.3.0,2026-08-21T21:41:49Z,29
s015634,u0856,c039,mobile,5.3.0,2026-08-21T21:42:02Z,12
s015635,u0286,c022,web,,2026-08-21T21:42:11Z,25
s015636,u0377,c007,mobile,5.3.0,2026-08-21T21:42:42Z,30
s015637,u0633,c041,mobile,5.3.0,2026-08-21T21:42:44Z,51
s015638,u0008,c028,mobile,5.3.0,2026-08-21T21:43:12Z,22
s015639,u0229,c020,web,,2026-08-21T21:44:37Z,79
s015640,u0448,c001,mobile,5.3.0,2026-08-21T21:45:06Z,18
s015641,u0344,c001,tv,,2026-08-21T21:45:54Z,44
s015642,u0709,c027,mobile,5.3.0,2026-08-21T21:48:17Z,20
s015643,u0375,c048,tv,,2026-08-21T21:48:18Z,33
s015644,u0110,c047,tv,,2026-08-21T21:48:28Z,56
s015645,u0740,c046,mobile,5.3.0,2026-08-21T21:49:01Z,29
s015646,u0340,c008,tv,,2026-08-21T21:49:34Z,48
s015647,u0138,c006,mobile,5.3.0,2026-08-21T21:49:36Z,10
s015648,u0570,c003,mobile,5.3.0,2026-08-21T21:50:20Z,35
s015649,u0014,c033,mobile,5.3.0,2026-08-21T21:50:43Z,72
s015650,u0350,c001,web,,2026-08-21T21:50:50Z,99
s015651,u0311,c038,tv,,2026-08-21T21:51:27Z,161
s015652,u0361,c001,mobile,5.3.0,2026-08-21T21:51:31Z,43
s015653,u0321,c009,web,,2026-08-21T21:53:30Z,122
s015654,u0309,c006,tv,,2026-08-21T21:53:44Z,64
s015655,u0130,c037,tv,,2026-08-21T21:53:59Z,61
s015656,u0339,c002,tv,,2026-08-21T21:54:19Z,44
s015657,u0800,c006,mobile,5.3.0,2026-08-21T21:55:56Z,10
s015658,u0312,c007,mobile,5.3.0,2026-08-21T21:56:49Z,26
s015659,u0200,c013,mobile,5.3.0,2026-08-21T21:56:55Z,4
s015660,u0661,c030,tv,,2026-08-21T21:58:04Z,25
s015661,u0115,c002,mobile,5.3.0,2026-08-21T21:58:22Z,9
s015662,u0354,c006,mobile,5.3.0,2026-08-21T21:58:40Z,7
s015663,u0164,c007,tv,,2026-08-21T21:58:50Z,21
s015664,u0211,c007,mobile,5.3.0,2026-08-21T21:59:32Z,46
s015665,u1001,c002,mobile,5.3.0,2026-08-21T21:59:59Z,24
s015666,u0461,c007,web,,2026-08-21T23:00:30Z,17
s015667,u0358,c003,mobile,5.3.0,2026-08-21T23:05:30Z,14
s015668,u0286,c053,mobile,5.3.0,2026-08-21T23:17:35Z,41
s015669,u0716,c058,tv,,2026-08-21T23:18:12Z,41
s015670,u0489,c004,mobile,5.3.0,2026-08-21T23:18:34Z,14
s015671,u0678,c001,tv,,2026-08-21T23:24:57Z,105
s015672,u0501,c050,mobile,5.3.0,2026-08-21T23:26:46Z,17
s015673,u0138,c001,mobile,5.3.0,2026-08-21T23:28:06Z,21
s015674,u0226,c017,mobile,5.3.0,2026-08-21T23:31:13Z,11
s015675,u0826,c053,mobile,5.3.0,2026-08-21T23:34:06Z,16
s015676,u0745,c002,mobile,5.3.0,2026-08-21T23:35:02Z,34
s015677,u0355,c016,web,,2026-08-21T23:36:09Z,31
s015678,u0288,c013,web,,2026-08-21T23:37:45Z,17
s015679,u0452,c039,mobile,5.3.0,2026-08-21T23:37:59Z,12
s015680,u1039,c051,mobile,5.3.0,2026-08-21T23:38:27Z,11
s015681,u0224,c011,web,,2026-08-21T23:42:41Z,28
s015682,u1000,c015,tv,,2026-08-21T23:45:38Z,42
s015683,u0340,c014,tv,,2026-08-21T23:46:21Z,83
s015684,u0460,c015,mobile,5.3.0,2026-08-21T23:47:56Z,26
s015685,u0193,c001,web,,2026-08-21T23:50:29Z,64
s015686,u0277,c049,mobile,5.3.0,2026-08-21T23:52:37Z,19
s015687,u0812,c013,web,,2026-08-21T23:53:44Z,66
s015688,u0253,c002,tv,,2026-08-21T23:54:09Z,28
s015689,u1052,c032,mobile,5.3.0,2026-08-21T23:55:17Z,8
s015690,u0781,c002,mobile,5.3.0,2026-08-21T23:56:01Z,40
s015691,u0904,c054,mobile,5.3.0,2026-08-21T23:57:23Z,7
s015692,u0012,c003,web,,2026-08-22T08:00:47Z,49
s015693,u0112,c003,tv,,2026-08-22T08:01:05Z,15
s015694,u0753,c005,tv,,2026-08-22T08:11:23Z,96
s015695,u0875,c006,mobile,5.3.0,2026-08-22T08:12:34Z,8
s015696,u0209,c003,tv,,2026-08-22T08:23:28Z,32
s015697,u0386,c045,mobile,5.3.0,2026-08-22T08:28:11Z,33
s015698,u0589,c004,tv,,2026-08-22T08:28:21Z,36
s015699,u0809,c005,tv,,2026-08-22T08:43:46Z,20
s015700,u0381,c017,web,,2026-08-22T08:45:25Z,31
s015701,u0662,c022,web,,2026-08-22T08:54:36Z,76
s015702,u0374,c005,web,,2026-08-22T12:01:01Z,46
s015703,u0038,c015,tv,,2026-08-22T12:01:18Z,54
s015704,u0588,c037,mobile,5.3.0,2026-08-22T12:01:26Z,14
s015705,u0738,c022,mobile,5.3.0,2026-08-22T12:01:44Z,14
s015706,u0077,c044,mobile,5.3.0,2026-08-22T12:01:46Z,20
s015707,u0679,c005,mobile,5.3.0,2026-08-22T12:02:13Z,52
s015708,u0418,c020,web,,2026-08-22T12:03:01Z,42
s015709,u0925,c008,mobile,5.3.0,2026-08-22T12:05:04Z,26
s015710,u0668,c008,mobile,5.3.0,2026-08-22T12:06:18Z,33
s015711,u0652,c001,web,,2026-08-22T12:08:23Z,45
s015712,u0746,c005,mobile,5.3.0,2026-08-22T12:08:52Z,12
s015713,u0576,c001,web,,2026-08-22T12:10:41Z,114
s015714,u0436,c046,mobile,5.3.0,2026-08-22T12:11:09Z,39
s015715,u0134,c033,tv,,2026-08-22T12:11:15Z,32
s015716,u0612,c002,tv,,2026-08-22T12:11:17Z,46
s015717,u0009,c009,web,,2026-08-22T12:11:23Z,35
s015718,u0355,c002,web,,2026-08-22T12:11:33Z,120
s015719,u0080,c016,tv,,2026-08-22T12:13:32Z,49
s015720,u0624,c006,mobile,5.3.0,2026-08-22T12:15:34Z,23
s015721,u0090,c047,tv,,2026-08-22T12:23:56Z,62
s015722,u0564,c009,web,,2026-08-22T12:26:00Z,11
s015723,u0681,c014,tv,,2026-08-22T12:26:08Z,52
s015724,u0035,c001,web,,2026-08-22T12:28:35Z,76
s015725,u0211,c005,mobile,5.3.0,2026-08-22T12:28:53Z,12
s015726,u0423,c009,mobile,5.3.0,2026-08-22T12:30:23Z,18
s015727,u0258,c007,tv,,2026-08-22T12:31:23Z,32
s015728,u0980,c038,mobile,5.3.0,2026-08-22T12:35:57Z,11
s015729,u0823,c013,mobile,5.3.0,2026-08-22T12:39:09Z,28
s015730,u0774,c006,mobile,5.3.0,2026-08-22T12:39:49Z,48
s015731,u0179,c008,tv,,2026-08-22T12:40:24Z,11
s015732,u0624,c048,mobile,5.3.0,2026-08-22T12:43:54Z,13
s015733,u0357,c013,mobile,5.3.0,2026-08-22T12:43:57Z,20
s015734,u0605,c002,tv,,2026-08-22T12:43:59Z,69
s015735,u0956,c054,web,,2026-08-22T12:44:16Z,28
s015736,u0903,c001,tv,,2026-08-22T12:44:36Z,76
s015737,u0328,c011,mobile,5.3.0,2026-08-22T12:46:42Z,10
s015738,u0949,c003,mobile,5.3.0,2026-08-22T12:47:19Z,14
s015739,u0517,c033,mobile,5.3.0,2026-08-22T12:48:01Z,26
s015740,u0472,c044,mobile,5.3.0,2026-08-22T12:48:30Z,60
s015741,u0387,c007,web,,2026-08-22T12:48:43Z,15
s015742,u0994,c012,mobile,5.3.0,2026-08-22T12:50:24Z,3
s015743,u0453,c001,mobile,5.3.0,2026-08-22T12:50:25Z,43
s015744,u0466,c001,tv,,2026-08-22T12:51:32Z,122
s015745,u0669,c003,tv,,2026-08-22T12:51:44Z,56
s015746,u0895,c001,mobile,5.3.0,2026-08-22T12:52:19Z,21
s015747,u0015,c015,tv,,2026-08-22T12:52:36Z,62
s015748,u0068,c010,web,,2026-08-22T12:53:52Z,34
s015749,u0446,c055,web,,2026-08-22T12:54:04Z,12
s015750,u0473,c001,web,,2026-08-22T12:54:21Z,54
s015751,u0472,c037,mobile,5.3.0,2026-08-22T12:54:31Z,16
s015752,u0652,c026,web,,2026-08-22T12:55:36Z,18
s015753,u0604,c018,tv,,2026-08-22T12:57:45Z,45
s015754,u0754,c003,mobile,5.3.0,2026-08-22T12:59:08Z,18
s015755,u0294,c013,tv,,2026-08-22T12:59:46Z,36
s015756,u0857,c001,mobile,5.3.0,2026-08-22T17:00:36Z,7
s015757,u0814,c003,web,,2026-08-22T17:02:46Z,13
s015758,u0071,c010,web,,2026-08-22T17:04:31Z,22
s015759,u0742,c014,web,,2026-08-22T17:05:17Z,39
s015760,u0596,c001,mobile,5.3.0,2026-08-22T17:06:00Z,67
s015761,u0564,c016,mobile,5.3.0,2026-08-22T17:06:03Z,12
s015762,u0738,c006,mobile,5.3.0,2026-08-22T17:08:54Z,33
s015763,u0737,c005,mobile,5.3.0,2026-08-22T17:09:39Z,18
s015764,u0744,c001,tv,,2026-08-22T17:10:21Z,106
s015765,u0030,c043,mobile,5.3.0,2026-08-22T17:10:36Z,44
s015766,u0035,c006,web,,2026-08-22T17:10:52Z,37
s015767,u0912,c029,mobile,5.3.0,2026-08-22T17:12:36Z,19
s015768,u0899,c001,mobile,5.3.0,2026-08-22T17:12:54Z,18
s015769,u0212,c004,web,,2026-08-22T17:12:59Z,66
s015770,u0555,c016,mobile,5.3.0,2026-08-22T17:13:49Z,32
s015771,u0467,c005,tv,,2026-08-22T17:16:05Z,240
s015772,u0834,c014,mobile,5.3.0,2026-08-22T17:16:57Z,70
s015773,u0594,c009,tv,,2026-08-22T17:17:27Z,49
s015774,u0975,c010,mobile,5.3.0,2026-08-22T17:18:03Z,35
s015775,u0683,c003,mobile,5.3.0,2026-08-22T17:19:52Z,34
s015776,u0992,c058,tv,,2026-08-22T17:21:24Z,58
s015777,u0082,c038,mobile,5.3.0,2026-08-22T17:22:07Z,26
s015778,u0802,c032,mobile,5.3.0,2026-08-22T17:23:19Z,15
s015779,u0758,c010,web,,2026-08-22T17:24:26Z,16
s015780,u0165,c007,tv,,2026-08-22T17:25:09Z,16
s015781,u0625,c004,web,,2026-08-22T17:25:31Z,36
s015782,u0559,c047,tv,,2026-08-22T17:28:07Z,88
s015783,u0609,c040,mobile,5.3.0,2026-08-22T17:28:47Z,9
s015784,u0211,c001,mobile,5.3.0,2026-08-22T17:29:32Z,41
s015785,u0436,c001,mobile,5.3.0,2026-08-22T17:31:15Z,41
s015786,u0775,c013,mobile,5.3.0,2026-08-22T17:34:16Z,31
s015787,u0193,c029,web,,2026-08-22T17:35:08Z,28
s015788,u0861,c001,web,,2026-08-22T17:36:24Z,18
s015789,u0466,c001,web,,2026-08-22T17:36:42Z,35
s015790,u0584,c006,web,,2026-08-22T17:38:44Z,37
s015791,u0173,c001,tv,,2026-08-22T17:43:08Z,16
s015792,u0013,c010,tv,,2026-08-22T17:45:48Z,45
s015793,u0513,c003,web,,2026-08-22T17:48:55Z,12
s015794,u0071,c011,mobile,5.3.0,2026-08-22T17:51:07Z,25
s015795,u0541,c001,tv,,2026-08-22T17:51:23Z,40
s015796,u0181,c012,web,,2026-08-22T17:51:37Z,48
s015797,u0983,c004,mobile,5.3.0,2026-08-22T17:52:30Z,35
s015798,u0215,c043,tv,,2026-08-22T17:53:07Z,120
s015799,u0676,c020,tv,,2026-08-22T17:53:20Z,88
s015800,u0663,c001,web,,2026-08-22T17:53:26Z,102
s015801,u0527,c002,tv,,2026-08-22T17:53:49Z,115
s015802,u0100,c006,web,,2026-08-22T17:53:51Z,59
s015803,u0468,c019,tv,,2026-08-22T17:54:15Z,14
s015804,u0334,c001,mobile,5.3.0,2026-08-22T17:55:05Z,67
s015805,u0430,c034,tv,,2026-08-22T17:55:17Z,20
s015806,u0279,c015,web,,2026-08-22T17:55:50Z,21
s015807,u0104,c046,web,,2026-08-22T17:56:01Z,35
s015808,u0138,c007,mobile,5.3.0,2026-08-22T17:58:04Z,21
s015809,u0417,c038,mobile,5.3.0,2026-08-22T17:59:54Z,24
s015810,u0160,c002,tv,,2026-08-22T19:00:44Z,39
s015811,u0441,c020,tv,,2026-08-22T19:01:33Z,38
s015812,u0225,c042,web,,2026-08-22T19:02:36Z,48
s015813,u0590,c023,tv,,2026-08-22T19:02:48Z,29
s015814,u0594,c021,tv,,2026-08-22T19:04:28Z,68
s015815,u0779,c001,web,,2026-08-22T19:05:09Z,13
s015816,u0823,c034,web,,2026-08-22T19:05:34Z,6
s015817,u0925,c002,tv,,2026-08-22T19:06:13Z,17
s015818,u0780,c018,tv,,2026-08-22T19:06:32Z,90
s015819,u0859,c016,mobile,5.3.0,2026-08-22T19:07:09Z,10
s015820,u0112,c005,tv,,2026-08-22T19:07:19Z,40
s015821,u0625,c001,web,,2026-08-22T19:07:45Z,26
s015822,u0443,c011,mobile,5.3.0,2026-08-22T19:08:09Z,29
s015823,u0639,c001,web,,2026-08-22T19:08:21Z,97
s015824,u1033,c001,web,,2026-08-22T19:08:27Z,67
s015825,u0774,c002,mobile,5.3.0,2026-08-22T19:08:28Z,55
s015826,u0413,c002,mobile,5.3.0,2026-08-22T19:08:45Z,56
s015827,u0250,c004,mobile,5.3.0,2026-08-22T19:08:52Z,26
s015828,u0704,c026,tv,,2026-08-22T19:09:02Z,33
s015829,u0585,c020,mobile,5.3.0,2026-08-22T19:09:11Z,35
s015830,u0783,c009,tv,,2026-08-22T19:09:15Z,13
s015831,u0021,c016,mobile,5.3.0,2026-08-22T19:09:36Z,33
s015832,u0698,c039,mobile,5.3.0,2026-08-22T19:09:48Z,49
s015833,u1025,c001,mobile,5.3.0,2026-08-22T19:10:34Z,5
s015834,u0510,c016,web,,2026-08-22T19:10:46Z,53
s015835,u0185,c043,mobile,5.3.0,2026-08-22T19:11:05Z,31
s015836,u0855,c002,web,,2026-08-22T19:11:06Z,22
s015837,u0559,c004,mobile,5.3.0,2026-08-22T19:12:38Z,8
s015838,u0760,c007,web,,2026-08-22T19:12:51Z,27
s015839,u0725,c001,mobile,5.3.0,2026-08-22T19:13:12Z,164
s015840,u0927,c006,mobile,5.3.0,2026-08-22T19:13:15Z,27
s015841,u0113,c030,web,,2026-08-22T19:13:30Z,21
s015842,u0936,c001,mobile,5.3.0,2026-08-22T19:13:36Z,8
s015843,u0126,c050,web,,2026-08-22T19:14:26Z,52
s015844,u0216,c006,mobile,5.3.0,2026-08-22T19:14:42Z,12
s015845,u0515,c056,tv,,2026-08-22T19:14:56Z,66
s015846,u0357,c029,mobile,5.3.0,2026-08-22T19:16:10Z,20
s015847,u0381,c024,web,,2026-08-22T19:16:31Z,82
s015848,u0590,c001,web,,2026-08-22T19:16:37Z,22
s015849,u0318,c004,tv,,2026-08-22T19:18:08Z,14
s015850,u0307,c006,mobile,5.3.0,2026-08-22T19:18:16Z,15
s015851,u0227,c001,mobile,5.3.0,2026-08-22T19:18:45Z,24
s015852,u0888,c005,web,,2026-08-22T19:18:57Z,18
s015853,u0732,c011,web,,2026-08-22T19:19:37Z,32
s015854,u0387,c016,web,,2026-08-22T19:21:41Z,21
s015855,u0382,c005,tv,,2026-08-22T19:22:50Z,123
s015856,u0785,c005,mobile,5.3.0,2026-08-22T19:23:36Z,27
s015857,u0967,c023,mobile,5.3.0,2026-08-22T19:24:16Z,11
s015858,u0609,c051,mobile,5.3.0,2026-08-22T19:24:35Z,7
s015859,u0201,c004,tv,,2026-08-22T19:25:08Z,43
s015860,u0194,c009,web,,2026-08-22T19:26:53Z,29
s015861,u0909,c009,mobile,5.3.0,2026-08-22T19:26:54Z,14
s015862,u0365,c003,tv,,2026-08-22T19:27:11Z,81
s015863,u0904,c010,mobile,5.3.0,2026-08-22T19:27:51Z,8
s015864,u0795,c003,mobile,5.3.0,2026-08-22T19:27:58Z,7
s015865,u0251,c001,web,,2026-08-22T19:28:30Z,29
s015866,u0912,c007,mobile,5.3.0,2026-08-22T19:29:56Z,35
s015867,u0409,c001,web,,2026-08-22T19:30:31Z,63
s015868,u0689,c001,tv,,2026-08-22T19:31:48Z,138
s015869,u0503,c007,mobile,5.3.0,2026-08-22T19:32:25Z,26
s015870,u0503,c007,mobile,5.3.0,2026-08-22T19:32:25Z,23
s015871,u0555,c022,mobile,5.3.0,2026-08-22T19:32:30Z,26
s015872,u0129,c018,web,,2026-08-22T19:32:40Z,65
s015873,u0291,c024,tv,,2026-08-22T19:32:52Z,22
s015874,u0636,c001,mobile,5.3.0,2026-08-22T19:33:04Z,101
s015875,u0429,c007,tv,,2026-08-22T19:33:07Z,74
s015876,u0248,c002,mobile,5.3.0,2026-08-22T19:33:29Z,29
s015877,u0266,c002,tv,,2026-08-22T19:34:07Z,28
s015878,u0829,c001,tv,,2026-08-22T19:34:15Z,27
s015879,u0655,c010,mobile,5.3.0,2026-08-22T19:35:01Z,25
s015880,u0096,c006,mobile,5.3.0,2026-08-22T19:35:12Z,38
s015881,u0100,c018,web,,2026-08-22T19:35:14Z,34
s015882,u0883,c008,mobile,5.3.0,2026-08-22T19:35:20Z,9
s015883,u0450,c013,web,,2026-08-22T19:35:58Z,22
s015884,u0339,c013,tv,,2026-08-22T19:36:08Z,34
s015885,u0485,c033,tv,,2026-08-22T19:36:52Z,18
s015886,u0351,c027,tv,,2026-08-22T19:36:56Z,134
s015887,u1057,c036,tv,,2026-08-22T19:37:28Z,12
s015888,u0607,c007,tv,,2026-08-22T19:38:21Z,24
s015889,u0427,c005,web,,2026-08-22T19:38:52Z,27
s015890,u0236,c001,web,,2026-08-22T19:39:08Z,41
s015891,u0210,c001,tv,,2026-08-22T19:39:45Z,59
s015892,u0666,c040,web,,2026-08-22T19:40:15Z,19
s015893,u0491,c002,web,,2026-08-22T19:40:17Z,36
s015894,u0207,c017,web,,2026-08-22T19:40:24Z,46
s015895,u0651,c040,mobile,5.3.0,2026-08-22T19:41:09Z,24
s015896,u1055,c008,web,,2026-08-22T19:41:32Z,21
s015897,u0614,c010,mobile,5.3.0,2026-08-22T19:42:40Z,21
s015898,u0737,c029,mobile,5.3.0,2026-08-22T19:43:02Z,68
s015899,u0264,c001,mobile,5.3.0,2026-08-22T19:44:27Z,22
s015900,u0532,c001,web,,2026-08-22T19:44:38Z,42
s015901,u0753,c009,tv,,2026-08-22T19:44:45Z,59
s015902,u0501,c010,mobile,5.3.0,2026-08-22T19:45:59Z,9
s015903,u0194,c015,web,,2026-08-22T19:46:05Z,92
s015904,u0703,c002,web,,2026-08-22T19:46:14Z,44
s015905,u0547,c001,mobile,5.3.0,2026-08-22T19:46:35Z,13
s015906,u0771,c021,tv,,2026-08-22T19:46:40Z,59
s015907,u0532,c012,web,,2026-08-22T19:46:42Z,21
s015908,u0179,c002,web,,2026-08-22T19:47:03Z,40
s015909,u0369,c038,mobile,5.3.0,2026-08-22T19:47:36Z,30
s015910,u0714,c016,mobile,5.3.0,2026-08-22T19:48:18Z,15
s015911,u0881,c010,mobile,5.3.0,2026-08-22T19:48:46Z,20
s015912,u0130,c016,tv,,2026-08-22T19:49:16Z,15
s015913,u0967,c044,mobile,5.3.0,2026-08-22T19:49:37Z,8
s015914,u0216,c002,mobile,5.3.0,2026-08-22T19:49:55Z,4
s015915,u0355,c015,mobile,5.3.0,2026-08-22T19:49:55Z,36
s015916,u1060,c025,mobile,5.3.0,2026-08-22T19:50:25Z,36
s015917,u0746,c007,mobile,5.3.0,2026-08-22T19:54:05Z,21
s015918,u0650,c001,mobile,5.3.0,2026-08-22T19:55:20Z,25
s015919,u0883,c003,mobile,5.3.0,2026-08-22T19:55:21Z,17
s015920,u0683,c006,mobile,5.3.0,2026-08-22T19:56:01Z,73
s015921,u0639,c052,web,,2026-08-22T19:56:28Z,102
s015922,u0393,c047,mobile,5.3.0,2026-08-22T19:57:08Z,18
s015923,u0701,c053,mobile,5.3.0,2026-08-22T19:57:28Z,9
s015924,u0448,c002,mobile,5.3.0,2026-08-22T19:57:42Z,11
s015925,u0784,c013,web,,2026-08-22T19:57:56Z,36
s015926,u0325,c003,mobile,5.3.0,2026-08-22T21:02:33Z,66
s015927,u0643,c017,tv,,2026-08-22T21:02:51Z,48
s015928,u0309,c004,tv,,2026-08-22T21:02:58Z,26
s015929,u0807,c013,mobile,5.3.0,2026-08-22T21:03:08Z,12
s015930,u0178,c001,mobile,5.3.0,2026-08-22T21:04:22Z,15
s015931,u0131,c003,mobile,5.3.0,2026-08-22T21:05:33Z,15
s015932,u0028,c019,tv,,2026-08-22T21:05:53Z,33
s015933,u0356,c047,web,,2026-08-22T21:07:29Z,12
s015934,u0977,c026,mobile,5.3.0,2026-08-22T21:07:54Z,6
s015935,u0257,c001,mobile,5.3.0,2026-08-22T21:08:00Z,11
s015936,u0551,c017,mobile,5.3.0,2026-08-22T21:08:31Z,27
s015937,u0324,c001,tv,,2026-08-22T21:10:21Z,240
s015938,u0415,c015,tv,,2026-08-22T21:10:50Z,44
s015939,u0229,c018,tv,,2026-08-22T21:11:08Z,39
s015940,u0820,c002,mobile,5.3.0,2026-08-22T21:11:25Z,26
s015941,u0599,c002,tv,,2026-08-22T21:11:37Z,65
s015942,u0199,c001,web,,2026-08-22T21:11:38Z,19
s015943,u0826,c014,mobile,5.3.0,2026-08-22T21:11:54Z,29
s015944,u0348,c050,mobile,5.3.0,2026-08-22T21:12:16Z,23
s015945,u0765,c006,tv,,2026-08-22T21:13:10Z,37
s015946,u0247,c015,mobile,5.3.0,2026-08-22T21:13:11Z,9
s015947,u0479,c010,mobile,5.3.0,2026-08-22T21:13:36Z,17
s015948,u0869,c001,tv,,2026-08-22T21:13:43Z,76
s015949,u0914,c015,mobile,5.3.0,2026-08-22T21:14:28Z,13
s015950,u0735,c004,tv,,2026-08-22T21:14:36Z,92
s015951,u0743,c028,tv,,2026-08-22T21:14:54Z,102
s015952,u0355,c003,web,,2026-08-22T21:15:34Z,56
s015953,u0434,c005,mobile,5.3.0,2026-08-22T21:15:55Z,40
s015954,u0659,c006,web,,2026-08-22T21:16:03Z,31
s015955,u0467,c016,tv,,2026-08-22T21:16:40Z,100
s015956,u0522,c001,web,,2026-08-22T21:16:42Z,58
s015957,u0251,c001,web,,2026-08-22T21:17:27Z,101
s015958,u0892,c023,tv,,2026-08-22T21:17:41Z,83
s015959,u0086,c043,mobile,5.3.0,2026-08-22T21:18:11Z,7
s015960,u0474,c006,mobile,5.3.0,2026-08-22T21:19:16Z,36
s015961,u0253,c009,tv,,2026-08-22T21:20:45Z,43
s015962,u0656,c004,tv,,2026-08-22T21:20:55Z,59
s015963,u0160,c027,mobile,5.3.0,2026-08-22T21:21:14Z,17
s015964,u0701,c040,mobile,5.3.0,2026-08-22T21:22:04Z,18
s015965,u1021,c001,web,,2026-08-22T21:22:13Z,8
s015966,u0199,c058,web,,2026-08-22T21:22:40Z,17
s015967,u0590,c001,tv,,2026-08-22T21:23:28Z,20
s015968,u0137,c039,tv,,2026-08-22T21:25:15Z,44
s015969,u0219,c001,mobile,5.3.0,2026-08-22T21:25:52Z,33
s015970,u0165,c004,tv,,2026-08-22T21:26:48Z,56
s015971,u0164,c001,tv,,2026-08-22T21:28:08Z,6
s015972,u0128,c004,tv,,2026-08-22T21:29:28Z,65
s015973,u0096,c037,mobile,5.3.0,2026-08-22T21:30:43Z,22
s015974,u0912,c012,mobile,5.3.0,2026-08-22T21:30:59Z,17
s015975,u0688,c002,mobile,5.3.0,2026-08-22T21:31:01Z,40
s015976,u0505,c002,web,,2026-08-22T21:31:30Z,32
s015977,u0689,c046,tv,,2026-08-22T21:34:18Z,63
s015978,u0609,c001,mobile,5.3.0,2026-08-22T21:34:36Z,35
s015979,u0209,c001,mobile,5.3.0,2026-08-22T21:34:46Z,12
s015980,u0260,c024,mobile,5.3.0,2026-08-22T21:35:42Z,30
s015981,u0225,c018,web,,2026-08-22T21:35:45Z,37
s015982,u0052,c049,web,,2026-08-22T21:35:54Z,55
s015983,u0750,c002,tv,,2026-08-22T21:36:55Z,49
s015984,u0496,c002,mobile,5.3.0,2026-08-22T21:37:11Z,25
s015985,u0943,c011,tv,,2026-08-22T21:37:29Z,18
s015986,u0779,c005,web,,2026-08-22T21:38:38Z,36
s015987,u0008,c058,mobile,5.3.0,2026-08-22T21:38:58Z,6
s015988,u0920,c009,mobile,5.3.0,2026-08-22T21:39:51Z,5
s015989,u0791,c032,mobile,5.3.0,2026-08-22T21:40:48Z,14
s015990,u0634,c011,tv,,2026-08-22T21:40:49Z,50
s015991,u0323,c011,tv,,2026-08-22T21:41:03Z,150
s015992,u0546,c001,mobile,5.3.0,2026-08-22T21:42:04Z,23
s015993,u0883,c003,mobile,5.3.0,2026-08-22T21:42:07Z,9
s015994,u0184,c032,tv,,2026-08-22T21:42:15Z,38
s015995,u0743,c002,tv,,2026-08-22T21:43:01Z,35
s015996,u0307,c052,mobile,5.3.0,2026-08-22T21:43:10Z,23
s015997,u0983,c019,mobile,5.3.0,2026-08-22T21:43:30Z,15
s015998,u0515,c006,tv,,2026-08-22T21:44:39Z,240
s015999,u0904,c003,mobile,5.3.0,2026-08-22T21:44:39Z,11
s016000,u0688,c002,mobile,5.3.0,2026-08-22T21:44:43Z,13
s016001,u0826,c004,mobile,5.3.0,2026-08-22T21:44:45Z,8
s016002,u0105,c003,web,,2026-08-22T21:44:58Z,17
s016003,u0344,c001,mobile,5.3.0,2026-08-22T21:46:56Z,35
s016004,u0785,c002,tv,,2026-08-22T21:47:02Z,44
s016005,u0442,c002,tv,,2026-08-22T21:47:32Z,31
s016006,u0202,c011,mobile,5.3.0,2026-08-22T21:47:42Z,12
s016007,u0702,c001,web,,2026-08-22T21:48:01Z,44
s016008,u0295,c045,mobile,5.3.0,2026-08-22T21:48:08Z,19
s016009,u0227,c006,mobile,5.3.0,2026-08-22T21:48:26Z,39
s016010,u0099,c012,web,,2026-08-22T21:48:53Z,90
s016011,u0176,c015,web,,2026-08-22T21:49:17Z,64
s016012,u0126,c008,tv,,2026-08-22T21:49:38Z,26
s016013,u0215,c007,tv,,2026-08-22T21:49:39Z,240
s016014,u0332,c020,mobile,5.3.0,2026-08-22T21:49:41Z,4
s016015,u0203,c031,tv,,2026-08-22T21:50:35Z,64
s016016,u0027,c007,tv,,2026-08-22T21:51:39Z,13
s016017,u0949,c004,mobile,5.3.0,2026-08-22T21:51:59Z,18
s016018,u0295,c002,tv,,2026-08-22T21:52:07Z,44
s016019,u0607,c001,tv,,2026-08-22T21:52:12Z,46
s016020,u0780,c009,tv,,2026-08-22T21:52:25Z,80
s016021,u0376,c034,tv,,2026-08-22T21:52:43Z,67
s016022,u0703,c008,web,,2026-08-22T21:52:55Z,9
s016023,u0714,c018,mobile,5.3.0,2026-08-22T21:53:37Z,5
s016024,u0139,c001,web,,2026-08-22T21:53:41Z,35
s016025,u0349,c032,web,,2026-08-22T21:55:00Z,29
s016026,u0213,c030,web,,2026-08-22T21:55:23Z,21
s016027,u0630,c001,mobile,5.3.0,2026-08-22T21:56:12Z,51
s016028,u0935,c004,web,,2026-08-22T21:59:49Z,81
s016029,u0295,c015,mobile,5.3.0,2026-08-22T23:01:59Z,12
s016030,u0409,c007,web,,2026-08-22T23:03:20Z,54
s016031,u0453,c001,mobile,5.3.0,2026-08-22T23:03:54Z,20
s016032,u0035,c010,web,,2026-08-22T23:04:16Z,47
s016033,u0772,c043,mobile,5.3.0,2026-08-22T23:06:33Z,36
s016034,u0309,c003,tv,,2026-08-22T23:07:06Z,27
s016035,u0138,c002,mobile,5.3.0,2026-08-22T23:08:46Z,30
s016036,u0782,c007,web,,2026-08-22T23:10:49Z,37
s016037,u0247,c013,mobile,5.3.0,2026-08-22T23:11:10Z,8
s016038,u0296,c004,mobile,5.3.0,2026-08-22T23:13:05Z,35
s016039,u0109,c060,mobile,5.3.0,2026-08-22T23:19:48Z,17
s016040,u0750,c004,tv,,2026-08-22T23:20:58Z,12
s016041,u0184,c041,tv,,2026-08-22T23:23:03Z,37
s016042,u0546,c001,web,,2026-08-22T23:26:48Z,59
s016043,u0795,c018,mobile,5.3.0,2026-08-22T23:31:01Z,20
s016044,u0106,c018,web,,2026-08-22T23:32:17Z,21
s016045,u0009,c001,mobile,5.3.0,2026-08-22T23:33:20Z,30
s016046,u0158,c004,web,,2026-08-22T23:34:27Z,11
s016047,u0617,c021,tv,,2026-08-22T23:35:39Z,167
s016048,u0609,c004,mobile,5.3.0,2026-08-22T23:38:27Z,24
s016049,u0581,c038,mobile,5.3.0,2026-08-22T23:39:08Z,120
s016050,u0482,c005,web,,2026-08-22T23:40:59Z,60
s016051,u0208,c031,tv,,2026-08-22T23:45:01Z,36
s016052,u0663,c006,web,,2026-08-22T23:45:11Z,48
s016053,u0663,c001,web,,2026-08-22T23:45:15Z,57
s016054,u0010,c060,tv,,2026-08-22T23:46:52Z,36
s016055,u0126,c047,tv,,2026-08-22T23:48:11Z,36
s016056,u0628,c026,tv,,2026-08-22T23:48:13Z,33
s016057,u0060,c008,mobile,5.3.0,2026-08-22T23:50:51Z,20
s016058,u0152,c001,web,,2026-08-22T23:52:38Z,60
s016059,u1039,c044,mobile,5.3.0,2026-08-22T23:54:11Z,9
s016060,u0312,c001,mobile,5.3.0,2026-08-22T23:54:38Z,8
s016061,u0684,c009,tv,,2026-08-22T23:58:07Z,37
s016062,u0929,c058,mobile,5.3.0,2026-08-22T23:58:08Z,42
s016063,u0817,c001,web,,2026-08-22T23:58:31Z,10
s016064,u0330,c019,web,,2026-08-22T23:58:42Z,18
s016065,u0307,c035,mobile,5.3.0,2026-08-22T23:59:08Z,33
s016066,u0126,c021,tv,,2026-08-23T08:01:43Z,42
s016067,u0815,c015,mobile,5.3.0,2026-08-23T08:04:41Z,50
s016068,u0109,c018,mobile,5.3.0,2026-08-23T08:05:23Z,35
s016069,u0794,c001,mobile,5.3.0,2026-08-23T08:05:52Z,14
s016070,u0736,c007,tv,,2026-08-23T08:05:57Z,23
s016071,u0518,c007,mobile,5.3.0,2026-08-23T08:12:28Z,34
s016072,u0307,c002,tv,,2026-08-23T08:14:22Z,15
s016073,u0099,c014,web,,2026-08-23T08:14:36Z,15
s016074,u0714,c006,mobile,5.3.0,2026-08-23T08:20:07Z,9
s016075,u0756,c016,tv,,2026-08-23T08:22:14Z,27
s016076,u0099,c014,web,,2026-08-23T08:23:49Z,8
s016077,u0507,c022,tv,,2026-08-23T08:26:26Z,22
s016078,u0335,c035,tv,,2026-08-23T08:29:07Z,30
s016079,u0822,c001,web,,2026-08-23T08:31:11Z,117
s016080,u1024,c049,web,,2026-08-23T08:32:28Z,45
s016081,u0609,c030,mobile,5.3.0,2026-08-23T08:32:50Z,32
s016082,u0427,c011,web,,2026-08-23T08:33:36Z,40
s016083,u0340,c044,web,,2026-08-23T08:34:56Z,25
s016084,u0246,c004,tv,,2026-08-23T08:35:43Z,106
s016085,u0994,c002,mobile,5.3.0,2026-08-23T08:38:55Z,6
s016086,u0826,c014,mobile,5.3.0,2026-08-23T08:43:48Z,13
s016087,u0222,c009,mobile,5.3.0,2026-08-23T08:45:24Z,10
s016088,u0045,c053,mobile,5.3.0,2026-08-23T08:46:43Z,45
s016089,u0227,c001,mobile,5.3.0,2026-08-23T08:49:08Z,17
s016090,u0366,c001,mobile,5.3.0,2026-08-23T08:51:55Z,34
s016091,u0385,c001,web,,2026-08-23T08:52:20Z,57
s016092,u0766,c025,mobile,5.3.0,2026-08-23T08:58:08Z,23
s016093,u0563,c004,tv,,2026-08-23T12:00:02Z,20
s016094,u0684,c013,mobile,5.3.0,2026-08-23T12:01:26Z,24
s016095,u1047,c005,tv,,2026-08-23T12:07:25Z,44
s016096,u0765,c024,tv,,2026-08-23T12:07:28Z,48
s016097,u0175,c006,web,,2026-08-23T12:09:22Z,16
s016098,u0512,c001,mobile,5.3.0,2026-08-23T12:13:57Z,7
s016099,u0789,c055,mobile,5.3.0,2026-08-23T12:14:50Z,36
s016100,u0591,c004,mobile,5.3.0,2026-08-23T12:15:31Z,15
s016101,u0617,c016,tv,,2026-08-23T12:23:44Z,79
s016102,u0317,c001,web,,2026-08-23T12:24:27Z,84
s016103,u0307,c039,mobile,5.3.0,2026-08-23T12:24:35Z,21
s016104,u0961,c002,tv,,2026-08-23T12:25:15Z,24
s016105,u0165,c002,tv,,2026-08-23T12:26:48Z,20
s016106,u0193,c009,web,,2026-08-23T12:35:55Z,33
s016107,u0506,c041,mobile,5.3.0,2026-08-23T12:36:54Z,42
s016108,u1033,c004,mobile,5.3.0,2026-08-23T12:37:10Z,71
s016109,u0463,c005,mobile,5.3.0,2026-08-23T12:38:15Z,33
s016110,u0786,c001,tv,,2026-08-23T12:40:16Z,49
s016111,u0605,c054,web,,2026-08-23T12:51:59Z,58
s016112,u0865,c022,tv,,2026-08-23T12:52:24Z,83
s016113,u0813,c003,web,,2026-08-23T12:54:20Z,33
s016114,u0955,c014,mobile,5.3.0,2026-08-23T12:54:51Z,6
s016115,u0183,c027,tv,,2026-08-23T17:01:08Z,38
s016116,u0663,c003,web,,2026-08-23T17:02:42Z,39
s016117,u0596,c003,mobile,5.3.0,2026-08-23T17:03:50Z,66
s016118,u0121,c019,tv,,2026-08-23T17:04:47Z,36
s016119,u0346,c053,mobile,5.3.0,2026-08-23T17:05:24Z,24
s016120,u0929,c001,mobile,5.3.0,2026-08-23T17:05:59Z,11
s016121,u1055,c005,mobile,5.3.0,2026-08-23T17:06:15Z,11
s016122,u0277,c054,web,,2026-08-23T17:07:41Z,19
s016123,u0574,c003,mobile,5.3.0,2026-08-23T17:09:13Z,23
s016124,u0929,c025,mobile,5.3.0,2026-08-23T17:09:29Z,27
s016125,u0659,c001,web,,2026-08-23T17:10:32Z,11
s016126,u0184,c016,tv,,2026-08-23T17:13:11Z,34
s016127,u1011,c041,mobile,5.3.0,2026-08-23T17:14:03Z,19
s016128,u0500,c018,tv,,2026-08-23T17:14:57Z,60
s016129,u0179,c006,tv,,2026-08-23T17:15:27Z,81
s016130,u0677,c001,mobile,5.3.0,2026-08-23T17:15:41Z,12
s016131,u0500,c005,tv,,2026-08-23T17:16:05Z,35
s016132,u0227,c005,mobile,5.3.0,2026-08-23T17:16:15Z,21
s016133,u0950,c001,tv,,2026-08-23T17:17:21Z,31
s016134,u0370,c007,mobile,5.3.0,2026-08-23T17:19:02Z,26
s016135,u0634,c001,tv,,2026-08-23T17:20:18Z,25
s016136,u0190,c012,mobile,5.3.0,2026-08-23T17:20:51Z,145
s016137,u0117,c003,mobile,5.3.0,2026-08-23T17:21:37Z,44
s016138,u0782,c029,web,,2026-08-23T17:22:26Z,31
s016139,u0328,c009,mobile,5.3.0,2026-08-23T17:23:51Z,21
s016140,u0248,c025,mobile,5.3.0,2026-08-23T17:24:37Z,12
s016141,u0035,c008,mobile,5.3.0,2026-08-23T17:24:50Z,32
s016142,u0783,c004,tv,,2026-08-23T17:24:51Z,32
s016143,u0032,c008,mobile,5.3.0,2026-08-23T17:24:59Z,14
s016144,u0541,c040,tv,,2026-08-23T17:25:51Z,38
s016145,u0066,c002,tv,,2026-08-23T17:26:10Z,27
s016146,u0081,c003,tv,,2026-08-23T17:26:52Z,41
s016147,u0158,c033,web,,2026-08-23T17:27:31Z,102
s016148,u0876,c008,mobile,5.3.0,2026-08-23T17:29:18Z,5
s016149,u0797,c007,tv,,2026-08-23T17:30:23Z,50
s016150,u0506,c001,mobile,5.3.0,2026-08-23T17:31:13Z,7
s016151,u0121,c003,tv,,2026-08-23T17:32:24Z,62
s016152,u0227,c045,mobile,5.3.0,2026-08-23T17:32:40Z,15
s016153,u0318,c055,tv,,2026-08-23T17:33:45Z,22
s016154,u0655,c002,mobile,5.3.0,2026-08-23T17:36:07Z,42
s016155,u0589,c022,web,,2026-08-23T17:37:37Z,43
s016156,u0175,c003,web,,2026-08-23T17:38:02Z,37
s016157,u0715,c001,web,,2026-08-23T17:38:12Z,13
s016158,u0491,c004,mobile,5.3.0,2026-08-23T17:38:19Z,10
s016159,u0293,c033,web,,2026-08-23T17:39:28Z,31
s016160,u0719,c007,mobile,5.3.0,2026-08-23T17:39:50Z,14
s016161,u0743,c028,tv,,2026-08-23T17:40:52Z,52
s016162,u0354,c005,mobile,5.3.0,2026-08-23T17:42:32Z,8
s016163,u0049,c049,web,,2026-08-23T17:44:30Z,57
s016164,u0004,c045,mobile,5.3.0,2026-08-23T17:47:26Z,31
s016165,u0113,c020,web,,2026-08-23T17:47:34Z,55
s016166,u0684,c046,web,,2026-08-23T17:47:53Z,27
s016167,u0707,c012,web,,2026-08-23T17:48:15Z,10
s016168,u0634,c002,tv,,2026-08-23T17:51:13Z,29
s016169,u0576,c044,web,,2026-08-23T17:51:51Z,28
s016170,u0828,c023,tv,,2026-08-23T17:52:35Z,27
s016171,u0899,c006,mobile,5.3.0,2026-08-23T17:52:41Z,34
s016172,u0637,c041,mobile,5.3.0,2026-08-23T17:55:33Z,18
s016173,u0218,c007,mobile,5.3.0,2026-08-23T17:56:07Z,22
s016174,u0042,c001,tv,,2026-08-23T19:00:30Z,56
s016175,u0758,c038,web,,2026-08-23T19:00:30Z,240
s016176,u0357,c041,mobile,5.3.0,2026-08-23T19:00:52Z,13
s016177,u0945,c003,mobile,5.3.0,2026-08-23T19:01:31Z,17
s016178,u0209,c035,web,,2026-08-23T19:01:42Z,47
s016179,u0124,c007,mobile,5.3.0,2026-08-23T19:01:47Z,15
s016180,u0590,c006,tv,,2026-08-23T19:02:23Z,35
s016181,u0178,c002,web,,2026-08-23T19:02:46Z,44
s016182,u0735,c005,mobile,5.3.0,2026-08-23T19:03:36Z,27
s016183,u0510,c033,mobile,5.3.0,2026-08-23T19:04:06Z,12
s016184,u0298,c017,web,,2026-08-23T19:04:16Z,57
s016185,u0057,c041,mobile,5.3.0,2026-08-23T19:04:55Z,7
s016186,u0191,c037,web,,2026-08-23T19:05:15Z,37
s016187,u0377,c005,mobile,5.3.0,2026-08-23T19:05:15Z,27
s016188,u0778,c001,mobile,5.3.0,2026-08-23T19:05:24Z,8
s016189,u0076,c002,tv,,2026-08-23T19:05:33Z,102
s016190,u0346,c003,mobile,5.3.0,2026-08-23T19:05:39Z,30
s016191,u0491,c004,web,,2026-08-23T19:07:04Z,28
s016192,u0214,c007,web,,2026-08-23T19:07:15Z,34
s016193,u0330,c059,web,,2026-08-23T19:08:10Z,29
s016194,u0633,c027,tv,,2026-08-23T19:08:20Z,72
s016195,u0341,c034,mobile,5.3.0,2026-08-23T19:10:22Z,28
s016196,u0619,c004,mobile,5.3.0,2026-08-23T19:11:05Z,22
s016197,u0131,c006,mobile,5.3.0,2026-08-23T19:11:55Z,24
s016198,u1009,c040,mobile,5.3.0,2026-08-23T19:11:56Z,17
s016199,u0146,c018,mobile,5.3.0,2026-08-23T19:11:58Z,16
s016200,u0506,c020,mobile,5.3.0,2026-08-23T19:12:09Z,10
s016201,u0777,c024,tv,,2026-08-23T19:12:17Z,68
s016202,u0191,c001,web,,2026-08-23T19:12:46Z,35
s016203,u0314,c030,tv,,2026-08-23T19:12:47Z,54
s016204,u1028,c001,mobile,5.3.0,2026-08-23T19:13:13Z,15
s016205,u0064,c059,web,,2026-08-23T19:13:30Z,21
s016206,u1041,c048,mobile,5.3.0,2026-08-23T19:13:38Z,6
s016207,u0135,c009,mobile,5.3.0,2026-08-23T19:13:44Z,23
s016208,u0827,c002,mobile,5.3.0,2026-08-23T19:14:14Z,18
s016209,u0206,c024,mobile,5.3.0,2026-08-23T19:15:15Z,21
s016210,u0656,c001,mobile,5.3.0,2026-08-23T19:15:22Z,21
s016211,u0340,c044,tv,,2026-08-23T19:16:32Z,103
s016212,u0762,c037,tv,,2026-08-23T19:17:27Z,59
s016213,u0027,c055,tv,,2026-08-23T19:19:28Z,13
s016214,u0657,c023,tv,,2026-08-23T19:20:37Z,48
s016215,u0402,c014,web,,2026-08-23T19:21:27Z,49
s016216,u0226,c005,mobile,5.3.0,2026-08-23T19:23:11Z,41
s016217,u0562,c057,tv,,2026-08-23T19:23:52Z,24
s016218,u0354,c001,mobile,5.3.0,2026-08-23T19:25:02Z,18
s016219,u0115,c003,mobile,5.3.0,2026-08-23T19:25:09Z,23
s016220,u0102,c006,mobile,5.3.0,2026-08-23T19:26:22Z,11
s016221,u0983,c008,mobile,5.3.0,2026-08-23T19:26:22Z,91
s016222,u0905,c014,mobile,5.3.0,2026-08-23T19:26:55Z,23
s016223,u0282,c040,mobile,5.3.0,2026-08-23T19:27:28Z,11
s016224,u0569,c027,web,,2026-08-23T19:28:01Z,48
s016225,u0247,c005,mobile,5.3.0,2026-08-23T19:28:23Z,11
s016226,u0754,c014,mobile,5.3.0,2026-08-23T19:28:33Z,28
s016227,u0097,c001,mobile,5.3.0,2026-08-23T19:28:47Z,21
s016228,u0615,c013,mobile,5.3.0,2026-08-23T19:31:13Z,11
s016229,u0505,c014,web,,2026-08-23T19:31:31Z,39
s016230,u0534,c008,tv,,2026-08-23T19:31:47Z,56
s016231,u0787,c012,mobile,5.3.0,2026-08-23T19:32:48Z,10
s016232,u0692,c003,mobile,5.3.0,2026-08-23T19:33:50Z,18
s016233,u0912,c008,mobile,5.3.0,2026-08-23T19:34:59Z,7
s016234,u0872,c002,mobile,5.3.0,2026-08-23T19:35:38Z,44
s016235,u0515,c038,tv,,2026-08-23T19:35:51Z,68
s016236,u0135,c012,web,,2026-08-23T19:37:16Z,46
s016237,u0794,c018,mobile,5.3.0,2026-08-23T19:37:21Z,32
s016238,u0158,c055,web,,2026-08-23T19:37:22Z,19
s016239,u0179,c010,tv,,2026-08-23T19:37:33Z,34
s016240,u0357,c042,mobile,5.3.0,2026-08-23T19:37:42Z,25
s016241,u0089,c005,web,,2026-08-23T19:39:40Z,30
s016242,u0205,c001,mobile,5.3.0,2026-08-23T19:39:54Z,77
s016243,u0195,c004,web,,2026-08-23T19:40:29Z,12
s016244,u0154,c002,web,,2026-08-23T19:40:40Z,67
s016245,u0484,c010,mobile,5.3.0,2026-08-23T19:42:00Z,11
s016246,u0933,c012,mobile,5.3.0,2026-08-23T19:42:21Z,35
s016247,u0490,c002,web,,2026-08-23T19:43:46Z,42
s016248,u0663,c001,web,,2026-08-23T19:43:55Z,66
s016249,u0859,c001,web,,2026-08-23T19:45:17Z,22
s016250,u1034,c015,mobile,5.3.0,2026-08-23T19:45:22Z,15
s016251,u0833,c012,web,,2026-08-23T19:45:34Z,38
s016252,u0648,c004,mobile,5.3.0,2026-08-23T19:47:04Z,13
s016253,u0152,c009,web,,2026-08-23T19:47:09Z,63
s016254,u0188,c006,mobile,5.3.0,2026-08-23T19:47:59Z,19
s016255,u0633,c039,mobile,5.3.0,2026-08-23T19:48:14Z,18
s016256,u0241,c003,web,,2026-08-23T19:48:19Z,11
s016257,u0555,c002,mobile,5.3.0,2026-08-23T19:48:37Z,20
s016258,u0655,c017,mobile,5.3.0,2026-08-23T19:48:42Z,23
s016259,u0814,c024,web,,2026-08-23T19:49:09Z,15
s016260,u0549,c015,tv,,2026-08-23T19:50:01Z,57
s016261,u0922,c003,mobile,5.3.0,2026-08-23T19:51:14Z,25
s016262,u0777,c009,tv,,2026-08-23T19:51:18Z,19
s016263,u1006,c018,mobile,5.3.0,2026-08-23T19:51:34Z,51
s016264,u0210,c002,tv,,2026-08-23T19:51:43Z,24
s016265,u0179,c016,tv,,2026-08-23T19:51:50Z,53
s016266,u0701,c002,mobile,5.3.0,2026-08-23T19:51:56Z,31
s016267,u0574,c005,mobile,5.3.0,2026-08-23T19:52:03Z,20
s016268,u0010,c005,tv,,2026-08-23T19:52:55Z,50
s016269,u1021,c001,web,,2026-08-23T19:53:26Z,62
s016270,u0923,c004,mobile,5.3.0,2026-08-23T19:53:49Z,13
s016271,u0023,c049,mobile,5.3.0,2026-08-23T19:54:33Z,44
s016272,u0238,c001,web,,2026-08-23T19:54:48Z,33
s016273,u0731,c006,mobile,5.3.0,2026-08-23T19:55:37Z,74
s016274,u0324,c002,tv,,2026-08-23T19:56:16Z,52
s016275,u0202,c005,tv,,2026-08-23T19:57:28Z,67
s016276,u0288,c004,web,,2026-08-23T19:59:16Z,36
s016277,u0402,c002,mobile,5.3.0,2026-08-23T21:00:50Z,25
s016278,u0139,c031,web,,2026-08-23T21:00:54Z,67
s016279,u0813,c003,web,,2026-08-23T21:01:09Z,31
s016280,u0796,c002,mobile,5.3.0,2026-08-23T21:02:38Z,6
s016281,u0328,c003,tv,,2026-08-23T21:03:04Z,42
s016282,u0179,c039,tv,,2026-08-23T21:03:56Z,16
s016283,u0524,c003,web,,2026-08-23T21:05:07Z,109
s016284,u0450,c009,mobile,5.3.0,2026-08-23T21:06:42Z,15
s016285,u0041,c012,web,,2026-08-23T21:06:45Z,35
s016286,u0822,c010,web,,2026-08-23T21:07:27Z,78
s016287,u0203,c047,mobile,5.3.0,2026-08-23T21:07:38Z,26
s016288,u0413,c013,web,,2026-08-23T21:07:43Z,68
s016289,u0028,c008,tv,,2026-08-23T21:07:52Z,54
s016290,u0471,c001,web,,2026-08-23T21:08:39Z,14
s016291,u0271,c015,web,,2026-08-23T21:08:44Z,107
s016292,u0199,c003,web,,2026-08-23T21:10:48Z,33
s016293,u0218,c016,mobile,5.3.0,2026-08-23T21:12:13Z,13
s016294,u0221,c037,mobile,5.3.0,2026-08-23T21:13:04Z,12
s016295,u0357,c005,mobile,5.3.0,2026-08-23T21:13:47Z,29
s016296,u0024,c026,tv,,2026-08-23T21:15:22Z,21
s016297,u0017,c031,tv,,2026-08-23T21:15:25Z,58
s016298,u0016,c013,tv,,2026-08-23T21:15:26Z,176
s016299,u0054,c014,web,,2026-08-23T21:15:28Z,84
s016300,u0448,c057,mobile,5.3.0,2026-08-23T21:15:43Z,52
s016301,u0800,c050,mobile,5.3.0,2026-08-23T21:15:50Z,11
s016302,u0827,c051,web,,2026-08-23T21:15:58Z,74
s016303,u0453,c006,mobile,5.3.0,2026-08-23T21:16:05Z,68
s016304,u0262,c048,mobile,5.3.0,2026-08-23T21:16:22Z,16
s016305,u0569,c003,web,,2026-08-23T21:16:25Z,63
s016306,u0820,c042,mobile,5.3.0,2026-08-23T21:17:02Z,18
s016307,u0313,c007,tv,,2026-08-23T21:19:04Z,127
s016308,u0714,c002,mobile,5.3.0,2026-08-23T21:20:08Z,9
s016309,u0525,c003,tv,,2026-08-23T21:20:48Z,56
s016310,u0687,c003,web,,2026-08-23T21:21:19Z,24
s016311,u0230,c001,mobile,5.3.0,2026-08-23T21:21:48Z,22
s016312,u0369,c002,mobile,5.3.0,2026-08-23T21:22:56Z,6
s016313,u1020,c017,mobile,5.3.0,2026-08-23T21:23:46Z,20
s016314,u0225,c002,web,,2026-08-23T21:24:20Z,14
s016315,u0068,c001,web,,2026-08-23T21:25:25Z,89
s016316,u0409,c002,web,,2026-08-23T21:25:29Z,52
s016317,u0910,c021,web,,2026-08-23T21:25:29Z,12
s016318,u0534,c002,mobile,5.3.0,2026-08-23T21:25:39Z,32
s016319,u0953,c002,tv,,2026-08-23T21:26:27Z,132
s016320,u0577,c007,tv,,2026-08-23T21:26:36Z,13
s016321,u0722,c018,mobile,5.3.0,2026-08-23T21:26:40Z,63
s016322,u0117,c004,mobile,5.3.0,2026-08-23T21:26:52Z,37
s016323,u0909,c004,web,,2026-08-23T21:28:20Z,25
s016324,u0197,c003,tv,,2026-08-23T21:28:38Z,46
s016325,u0120,c023,tv,,2026-08-23T21:28:50Z,38
s016326,u0038,c028,mobile,5.3.0,2026-08-23T21:29:51Z,18
s016327,u0733,c050,tv,,2026-08-23T21:29:54Z,29
s016328,u0881,c001,mobile,5.3.0,2026-08-23T21:30:01Z,15
s016329,u0356,c036,web,,2026-08-23T21:30:10Z,26
s016330,u0568,c010,mobile,5.3.0,2026-08-23T21:30:27Z,14
s016331,u0702,c019,mobile,5.3.0,2026-08-23T21:30:46Z,19
s016332,u0189,c003,mobile,5.3.0,2026-08-23T21:32:00Z,14
s016333,u0333,c004,mobile,5.3.0,2026-08-23T21:32:00Z,18
s016334,u0473,c003,web,,2026-08-23T21:32:04Z,48
s016335,u0655,c035,mobile,5.3.0,2026-08-23T21:32:11Z,10
s016336,u0190,c007,mobile,5.3.0,2026-08-23T21:33:04Z,43
s016337,u0248,c056,mobile,5.3.0,2026-08-23T21:35:17Z,57
s016338,u0138,c010,mobile,5.3.0,2026-08-23T21:35:19Z,12
s016339,u0735,c023,mobile,5.3.0,2026-08-23T21:35:22Z,46
s016340,u0057,c002,mobile,5.3.0,2026-08-23T21:36:42Z,23
s016341,u0046,c012,web,,2026-08-23T21:36:43Z,15
s016342,u0213,c035,web,,2026-08-23T21:36:43Z,24
s016343,u0867,c019,mobile,5.3.0,2026-08-23T21:37:03Z,13
s016344,u0052,c002,web,,2026-08-23T21:37:08Z,55
s016345,u0256,c001,tv,,2026-08-23T21:37:18Z,16
s016346,u0179,c002,tv,,2026-08-23T21:39:55Z,38
s016347,u1054,c007,mobile,5.3.0,2026-08-23T21:40:49Z,18
s016348,u0873,c007,mobile,5.3.0,2026-08-23T21:41:00Z,4
s016349,u0731,c001,mobile,5.3.0,2026-08-23T21:41:50Z,15
s016350,u0757,c010,mobile,5.3.0,2026-08-23T21:41:52Z,28
s016351,u1015,c006,mobile,5.3.0,2026-08-23T21:42:27Z,18
s016352,u0562,c007,tv,,2026-08-23T21:43:35Z,16
s016353,u1027,c002,mobile,5.3.0,2026-08-23T21:44:13Z,21
s016354,u0584,c002,web,,2026-08-23T21:44:59Z,39
s016355,u0727,c002,mobile,5.3.0,2026-08-23T21:45:01Z,32
s016356,u0607,c011,mobile,5.3.0,2026-08-23T21:46:01Z,35
s016357,u0594,c002,tv,,2026-08-23T21:48:14Z,74
s016358,u0459,c004,mobile,5.3.0,2026-08-23T21:48:50Z,6
s016359,u0637,c001,mobile,5.3.0,2026-08-23T21:49:18Z,24
s016360,u0638,c045,web,,2026-08-23T21:50:03Z,22
s016361,u0638,c002,web,,2026-08-23T21:50:23Z,28
s016362,u0904,c001,mobile,5.3.0,2026-08-23T21:50:25Z,4
s016363,u0317,c004,web,,2026-08-23T21:52:22Z,47
s016364,u0978,c029,mobile,5.3.0,2026-08-23T21:55:21Z,23
s016365,u0821,c002,mobile,5.3.0,2026-08-23T21:55:27Z,8
s016366,u0312,c001,mobile,5.3.0,2026-08-23T21:56:45Z,29
s016367,u0588,c005,web,,2026-08-23T21:56:48Z,73
s016368,u0662,c005,web,,2026-08-23T21:57:06Z,14
s016369,u0298,c005,tv,,2026-08-23T21:57:43Z,15
s016370,u0416,c007,web,,2026-08-23T21:58:02Z,27
s016371,u0954,c015,mobile,5.3.0,2026-08-23T21:58:06Z,22
s016372,u0878,c005,mobile,5.3.0,2026-08-23T21:59:01Z,20
s016373,u0526,c030,mobile,5.3.0,2026-08-23T21:59:07Z,32
s016374,u0195,c045,web,,2026-08-23T21:59:37Z,66
s016375,u0477,c005,mobile,5.3.0,2026-08-23T21:59:58Z,23
s016376,u0551,c007,mobile,5.3.0,2026-08-23T23:00:32Z,48
s016377,u0266,c002,tv,,2026-08-23T23:01:26Z,42
s016378,u0027,c004,tv,,2026-08-23T23:03:15Z,59
s016379,u0183,c002,tv,,2026-08-23T23:03:39Z,23
s016380,u0076,c015,tv,,2026-08-23T23:03:57Z,19
s016381,u0359,c054,mobile,5.3.0,2026-08-23T23:04:16Z,24
s016382,u1061,c002,tv,,2026-08-23T23:05:48Z,30
s016383,u0783,c020,tv,,2026-08-23T23:07:40Z,15
s016384,u0575,c004,tv,,2026-08-23T23:09:23Z,34
s016385,u0364,c046,tv,,2026-08-23T23:10:59Z,36
s016386,u0618,c003,web,,2026-08-23T23:14:32Z,21
s016387,u0160,c001,tv,,2026-08-23T23:15:15Z,47
s016388,u0130,c018,tv,,2026-08-23T23:16:25Z,79
s016389,u0518,c003,mobile,5.3.0,2026-08-23T23:18:17Z,100
s016390,u0651,c034,tv,,2026-08-23T23:18:19Z,109
s016391,u0480,c042,web,,2026-08-23T23:19:32Z,37
s016392,u0101,c053,tv,,2026-08-23T23:19:48Z,45
s016393,u0247,c007,mobile,5.3.0,2026-08-23T23:20:41Z,13
s016394,u0628,c001,tv,,2026-08-23T23:21:23Z,29
s016395,u0396,c040,tv,,2026-08-23T23:22:15Z,103
s016396,u0265,c044,tv,,2026-08-23T23:23:13Z,46
s016397,u0211,c044,tv,,2026-08-23T23:24:52Z,23
s016398,u0741,c018,tv,,2026-08-23T23:30:55Z,34
s016399,u0025,c019,mobile,5.3.0,2026-08-23T23:32:24Z,23
s016400,u0800,c008,mobile,5.3.0,2026-08-23T23:35:05Z,6
s016401,u0760,c002,mobile,5.3.0,2026-08-23T23:36:30Z,115
s016402,u0225,c003,web,,2026-08-23T23:39:44Z,28
s016403,u0875,c038,mobile,5.3.0,2026-08-23T23:46:25Z,40
s016404,u0306,c039,web,,2026-08-23T23:47:26Z,59
s016405,u0588,c001,web,,2026-08-23T23:51:22Z,71
s016406,u0248,c001,mobile,5.3.0,2026-08-23T23:52:47Z,25
s016407,u0138,c022,mobile,5.3.0,2026-08-23T23:53:33Z,9
s016408,u0479,c001,mobile,5.3.0,2026-08-23T23:55:55Z,28
s016409,u0182,c015,web,,2026-08-23T23:56:00Z,17
s016410,u0624,c030,mobile,5.3.0,2026-08-23T23:56:35Z,23
s016411,u0516,c010,mobile,5.3.0,2026-08-23T23:59:10Z,20
s016412,u0579,c004,web,,2026-08-24T08:04:51Z,7
s016413,u0174,c002,web,,2026-08-24T08:05:39Z,12
s016414,u0200,c044,mobile,5.3.0,2026-08-24T08:08:37Z,16
s016415,u0919,c006,web,,2026-08-24T08:09:49Z,11
s016416,u0198,c015,mobile,5.3.0,2026-08-24T08:12:03Z,27
s016417,u0165,c011,tv,,2026-08-24T08:15:02Z,6
s016418,u0353,c043,mobile,5.3.0,2026-08-24T08:17:37Z,20
s016419,u0289,c002,mobile,5.3.0,2026-08-24T08:22:42Z,20
s016420,u0121,c005,tv,,2026-08-24T08:23:03Z,114
s016421,u0270,c001,web,,2026-08-24T08:24:19Z,6
s016422,u0045,c002,mobile,5.3.0,2026-08-24T08:25:28Z,8
s016423,u0374,c055,web,,2026-08-24T08:25:43Z,68
s016424,u0931,c024,mobile,5.3.0,2026-08-24T08:26:41Z,23
s016425,u0162,c007,mobile,5.3.0,2026-08-24T08:27:05Z,16
s016426,u0510,c002,mobile,5.3.0,2026-08-24T08:27:47Z,61
s016427,u0370,c002,mobile,5.3.0,2026-08-24T08:29:18Z,43
s016428,u0669,c048,mobile,5.3.0,2026-08-24T08:29:20Z,50
s016429,u0629,c001,tv,,2026-08-24T08:44:39Z,65
s016430,u0027,c049,tv,,2026-08-24T08:52:23Z,41
s016431,u0462,c014,mobile,5.3.0,2026-08-24T08:59:25Z,26
s016432,u0723,c019,mobile,5.3.0,2026-08-24T12:00:47Z,58
s016433,u0673,c041,mobile,5.3.0,2026-08-24T12:00:49Z,15
s016434,u0716,c001,tv,,2026-08-24T12:03:27Z,23
s016435,u0640,c032,tv,,2026-08-24T12:05:02Z,26
s016436,u0622,c001,mobile,5.3.0,2026-08-24T12:06:31Z,8
s016437,u0535,c001,web,,2026-08-24T12:07:05Z,55
s016438,u0373,c013,mobile,5.3.0,2026-08-24T12:07:14Z,57
s016439,u0681,c056,tv,,2026-08-24T12:07:23Z,35
s016440,u0087,c038,mobile,5.3.0,2026-08-24T12:08:08Z,36
s016441,u0039,c016,mobile,5.3.0,2026-08-24T12:09:33Z,20
s016442,u0651,c055,tv,,2026-08-24T12:09:42Z,42
s016443,u0710,c007,tv,,2026-08-24T12:11:30Z,14
s016444,u0835,c041,tv,,2026-08-24T12:12:38Z,23
s016445,u0415,c001,tv,,2026-08-24T12:13:19Z,29
s016446,u0171,c006,mobile,5.3.0,2026-08-24T12:15:51Z,42
s016447,u0402,c025,mobile,5.3.0,2026-08-24T12:18:10Z,16
s016448,u0487,c020,tv,,2026-08-24T12:21:15Z,57
s016449,u0179,c002,mobile,5.3.0,2026-08-24T12:22:54Z,10
s016450,u0146,c013,mobile,5.3.0,2026-08-24T12:25:36Z,20
s016451,u0269,c001,web,,2026-08-24T12:28:31Z,14
s016452,u0187,c012,web,,2026-08-24T12:29:00Z,46
s016453,u0927,c049,mobile,5.3.0,2026-08-24T12:31:08Z,8
s016454,u0029,c001,mobile,5.3.0,2026-08-24T12:33:52Z,121
s016455,u0630,c004,mobile,5.3.0,2026-08-24T12:34:59Z,8
s016456,u0017,c024,tv,,2026-08-24T12:35:05Z,21
s016457,u1018,c001,mobile,5.3.0,2026-08-24T12:35:18Z,62
s016458,u0675,c005,tv,,2026-08-24T12:35:37Z,38
s016459,u0709,c014,mobile,5.3.0,2026-08-24T12:35:50Z,13
s016460,u1011,c003,mobile,5.3.0,2026-08-24T12:36:20Z,54
s016461,u0855,c010,web,,2026-08-24T12:36:23Z,27
s016462,u0525,c050,web,,2026-08-24T12:37:08Z,36
s016463,u0883,c001,web,,2026-08-24T12:37:19Z,11
s016464,u0953,c002,tv,,2026-08-24T12:40:24Z,33
s016465,u0725,c020,mobile,5.3.0,2026-08-24T12:41:12Z,33
s016466,u0047,c041,mobile,5.3.0,2026-08-24T12:45:55Z,24
s016467,u0849,c003,mobile,5.3.0,2026-08-24T12:46:17Z,20
s016468,u0851,c001,web,,2026-08-24T12:47:33Z,11
s016469,u1005,c012,tv,,2026-08-24T12:48:36Z,16
s016470,u0202,c001,tv,,2026-08-24T12:59:30Z,52
s016471,u0738,c003,mobile,5.3.0,2026-08-24T17:01:08Z,8
s016472,u0288,c016,web,,2026-08-24T17:02:10Z,10
s016473,u0551,c007,mobile,5.3.0,2026-08-24T17:02:31Z,23
s016474,u0149,c006,tv,,2026-08-24T17:03:21Z,32
s016475,u0784,c007,web,,2026-08-24T17:04:48Z,77
s016476,u0349,c002,tv,,2026-08-24T17:05:13Z,20
s016477,u0110,c012,mobile,5.3.0,2026-08-24T17:05:14Z,13
s016478,u0282,c009,mobile,5.3.0,2026-08-24T17:06:05Z,6
s016479,u0129,c040,web,,2026-08-24T17:07:13Z,94
s016480,u0053,c055,tv,,2026-08-24T17:08:26Z,32
s016481,u0626,c001,web,,2026-08-24T17:08:30Z,12
s016482,u0627,c008,mobile,5.3.0,2026-08-24T17:09:04Z,21
s016483,u1004,c003,mobile,5.3.0,2026-08-24T17:13:10Z,4
s016484,u0203,c032,mobile,5.3.0,2026-08-24T17:16:19Z,38
s016485,u0926,c058,mobile,5.3.0,2026-08-24T17:16:19Z,41
s016486,u0752,c006,tv,,2026-08-24T17:19:55Z,107
s016487,u0714,c012,mobile,5.3.0,2026-08-24T17:20:53Z,9
s016488,u0234,c001,mobile,5.3.0,2026-08-24T17:20:59Z,11
s016489,u0655,c003,mobile,5.3.0,2026-08-24T17:21:31Z,42
s016490,u0025,c007,mobile,5.3.0,2026-08-24T17:22:16Z,39
s016491,u0725,c001,mobile,5.3.0,2026-08-24T17:22:18Z,138
s016492,u0449,c040,mobile,5.3.0,2026-08-24T17:23:13Z,30
s016493,u0217,c049,tv,,2026-08-24T17:23:57Z,22
s016494,u0287,c018,mobile,5.3.0,2026-08-24T17:25:55Z,4
s016495,u0035,c019,web,,2026-08-24T17:26:12Z,75
s016496,u0275,c002,mobile,5.3.0,2026-08-24T17:26:43Z,38
s016497,u0026,c001,mobile,5.3.0,2026-08-24T17:27:46Z,43
s016498,u0530,c012,mobile,5.3.0,2026-08-24T17:30:01Z,13
s016499,u0206,c046,mobile,5.3.0,2026-08-24T17:31:50Z,19
s016500,u0124,c056,mobile,5.3.0,2026-08-24T17:33:51Z,26
s016501,u0637,c011,mobile,5.3.0,2026-08-24T17:33:52Z,14
s016502,u0410,c003,web,,2026-08-24T17:35:10Z,22
s016503,u0983,c003,mobile,5.3.0,2026-08-24T17:35:22Z,9
s016504,u0659,c004,web,,2026-08-24T17:36:18Z,40
s016505,u1133,c003,web,,2026-08-24T17:37:23Z,11
s016506,u0189,c049,mobile,5.3.0,2026-08-24T17:38:40Z,15
s016507,u1032,c001,mobile,5.3.0,2026-08-24T17:42:29Z,21
s016508,u0709,c002,mobile,5.3.0,2026-08-24T17:43:00Z,14
s016509,u0002,c012,tv,,2026-08-24T17:43:36Z,108
s016510,u0524,c028,mobile,5.3.0,2026-08-24T17:43:51Z,40
s016511,u0452,c002,mobile,5.3.0,2026-08-24T17:45:56Z,12
s016512,u0817,c005,web,,2026-08-24T17:46:40Z,38
s016513,u0173,c050,tv,,2026-08-24T17:48:48Z,28
s016514,u0926,c034,mobile,5.3.0,2026-08-24T17:49:45Z,4
s016515,u0875,c019,mobile,5.3.0,2026-08-24T17:50:56Z,16
s016516,u0724,c005,mobile,5.3.0,2026-08-24T17:52:42Z,16
s016517,u0760,c006,mobile,5.3.0,2026-08-24T17:54:06Z,14
s016518,u0645,c005,mobile,5.3.0,2026-08-24T17:54:15Z,21
s016519,u0807,c023,mobile,5.3.0,2026-08-24T17:55:10Z,36
s016520,u0669,c002,mobile,5.3.0,2026-08-24T17:56:15Z,40
s016521,u0652,c012,web,,2026-08-24T17:57:16Z,51
s016522,u0662,c008,web,,2026-08-24T17:57:36Z,49
s016523,u0178,c049,web,,2026-08-24T17:57:42Z,8
s016524,u0499,c003,mobile,5.3.0,2026-08-24T19:00:01Z,33
s016525,u0753,c015,tv,,2026-08-24T19:00:10Z,37
s016526,u0147,c059,mobile,5.3.0,2026-08-24T19:01:37Z,14
s016527,u0588,c053,web,,2026-08-24T19:01:40Z,57
s016528,u0160,c029,tv,,2026-08-24T19:01:46Z,100
s016529,u0791,c005,mobile,5.3.0,2026-08-24T19:02:01Z,26
s016530,u0467,c007,tv,,2026-08-24T19:02:02Z,40
s016531,u0906,c059,web,,2026-08-24T19:02:17Z,48
s016532,u0861,c001,tv,,2026-08-24T19:03:43Z,23
s016533,u0675,c018,tv,,2026-08-24T19:04:09Z,12
s016534,u0361,c031,mobile,5.3.0,2026-08-24T19:04:25Z,14
s016535,u0351,c031,tv,,2026-08-24T19:05:27Z,124
s016536,u0309,c002,tv,,2026-08-24T19:05:55Z,108
s016537,u0630,c003,mobile,5.3.0,2026-08-24T19:06:32Z,51
s016538,u0279,c016,web,,2026-08-24T19:07:54Z,25
s016539,u0750,c006,tv,,2026-08-24T19:08:48Z,69
s016540,u0222,c039,mobile,5.3.0,2026-08-24T19:09:34Z,13
s016541,u0596,c006,mobile,5.3.0,2026-08-24T19:09:39Z,12
s016542,u0786,c010,tv,,2026-08-24T19:10:48Z,108
s016543,u0160,c007,tv,,2026-08-24T19:11:20Z,29
s016544,u0835,c020,tv,,2026-08-24T19:11:32Z,38
s016545,u0629,c004,tv,,2026-08-24T19:11:46Z,28
s016546,u1003,c019,mobile,5.3.0,2026-08-24T19:12:02Z,18
s016547,u0903,c009,mobile,5.3.0,2026-08-24T19:12:09Z,22
s016548,u1019,c039,mobile,5.3.0,2026-08-24T19:12:41Z,16
s016549,u1029,c052,mobile,5.3.0,2026-08-24T19:12:46Z,20
s016550,u1054,c034,web,,2026-08-24T19:13:12Z,38
s016551,u0619,c002,mobile,5.3.0,2026-08-24T19:13:23Z,43
s016552,u0970,c034,mobile,5.3.0,2026-08-24T19:13:31Z,32
s016553,u0571,c023,mobile,5.3.0,2026-08-24T19:14:23Z,13
s016554,u0116,c001,mobile,5.3.0,2026-08-24T19:14:38Z,20
s016555,u0621,c021,tv,,2026-08-24T19:15:09Z,20
s016556,u0575,c032,tv,,2026-08-24T19:16:14Z,88
s016557,u0735,c021,mobile,5.3.0,2026-08-24T19:17:56Z,32
s016558,u0407,c001,mobile,5.3.0,2026-08-24T19:18:21Z,41
s016559,u0396,c001,tv,,2026-08-24T19:18:36Z,52
s016560,u0455,c001,web,,2026-08-24T19:19:07Z,66
s016561,u0097,c044,mobile,5.3.0,2026-08-24T19:19:24Z,15
s016562,u0054,c033,web,,2026-08-24T19:20:03Z,19
s016563,u0077,c024,mobile,5.3.0,2026-08-24T19:20:53Z,27
s016564,u0479,c002,mobile,5.3.0,2026-08-24T19:21:57Z,10
s016565,u0138,c013,mobile,5.3.0,2026-08-24T19:22:00Z,39
s016566,u0060,c044,tv,,2026-08-24T19:22:41Z,134
s016567,u0275,c008,web,,2026-08-24T19:23:23Z,94
s016568,u0067,c014,tv,,2026-08-24T19:23:36Z,15
s016569,u0298,c030,web,,2026-08-24T19:23:40Z,21
s016570,u0760,c001,mobile,5.3.0,2026-08-24T19:23:49Z,53
s016571,u0769,c004,web,,2026-08-24T19:24:51Z,70
s016572,u0416,c033,web,,2026-08-24T19:25:17Z,11
s016573,u0320,c035,mobile,5.3.0,2026-08-24T19:25:59Z,3
s016574,u0516,c019,mobile,5.3.0,2026-08-24T19:27:05Z,23
s016575,u0137,c050,tv,,2026-08-24T19:27:22Z,26
s016576,u0412,c005,web,,2026-08-24T19:27:45Z,49
s016577,u0339,c017,tv,,2026-08-24T19:27:54Z,19
s016578,u0044,c005,mobile,5.3.0,2026-08-24T19:28:03Z,36
s016579,u0255,c012,web,,2026-08-24T19:28:09Z,28
s016580,u0877,c001,mobile,5.3.0,2026-08-24T19:29:26Z,16
s016581,u0434,c040,tv,,2026-08-24T19:29:28Z,21
s016582,u0033,c018,web,,2026-08-24T19:30:16Z,87
s016583,u0775,c001,mobile,5.3.0,2026-08-24T19:30:31Z,41
s016584,u0145,c038,tv,,2026-08-24T19:32:09Z,31
s016585,u0491,c058,web,,2026-08-24T19:32:23Z,35
s016586,u0493,c029,web,,2026-08-24T19:32:48Z,15
s016587,u0390,c012,web,,2026-08-24T19:33:07Z,37
s016588,u0044,c049,mobile,5.3.0,2026-08-24T19:33:55Z,34
s016589,u0715,c005,mobile,5.3.0,2026-08-24T19:34:15Z,7
s016590,u0447,c012,mobile,5.3.0,2026-08-24T19:34:23Z,7
s016591,u0313,c018,tv,,2026-08-24T19:34:24Z,112
s016592,u0889,c014,web,,2026-08-24T19:34:39Z,18
s016593,u0472,c001,tv,,2026-08-24T19:35:17Z,92
s016594,u0933,c001,mobile,5.3.0,2026-08-24T19:37:00Z,9
s016595,u0216,c001,mobile,5.3.0,2026-08-24T19:37:21Z,20
s016596,u0385,c007,web,,2026-08-24T19:37:26Z,27
s016597,u0520,c054,web,,2026-08-24T19:38:14Z,37
s016598,u0491,c010,web,,2026-08-24T19:39:00Z,21
s016599,u0375,c010,tv,,2026-08-24T19:39:03Z,46
s016600,u0654,c057,mobile,5.3.0,2026-08-24T19:39:08Z,23
s016601,u0754,c001,mobile,5.3.0,2026-08-24T19:39:28Z,9
s016602,u0409,c015,web,,2026-08-24T19:39:52Z,69
s016603,u0007,c003,web,,2026-08-24T19:42:31Z,48
s016604,u0363,c003,web,,2026-08-24T19:43:14Z,68
s016605,u0750,c001,tv,,2026-08-24T19:44:22Z,42
s016606,u0158,c035,web,,2026-08-24T19:44:37Z,42
s016607,u0964,c002,web,,2026-08-24T19:44:50Z,35
s016608,u0182,c002,mobile,5.3.0,2026-08-24T19:45:32Z,19
s016609,u0466,c003,tv,,2026-08-24T19:46:00Z,29
s016610,u0307,c018,web,,2026-08-24T19:46:29Z,28
s016611,u0011,c004,tv,,2026-08-24T19:46:35Z,36
s016612,u0184,c005,tv,,2026-08-24T19:46:49Z,11
s016613,u0647,c004,web,,2026-08-24T19:46:54Z,27
s016614,u0152,c010,web,,2026-08-24T19:46:59Z,40
s016615,u0491,c003,mobile,5.3.0,2026-08-24T19:49:23Z,6
s016616,u0796,c054,tv,,2026-08-24T19:49:26Z,76
s016617,u0666,c001,mobile,5.3.0,2026-08-24T19:50:47Z,15
s016618,u0988,c009,mobile,5.3.0,2026-08-24T19:52:18Z,15
s016619,u0396,c001,tv,,2026-08-24T19:52:43Z,25
s016620,u0681,c019,tv,,2026-08-24T19:53:40Z,59
s016621,u0491,c013,web,,2026-08-24T19:54:07Z,65
s016622,u0485,c001,tv,,2026-08-24T19:54:13Z,58
s016623,u0105,c018,web,,2026-08-24T19:54:51Z,57
s016624,u0251,c010,web,,2026-08-24T19:55:03Z,18
s016625,u0930,c002,mobile,5.3.0,2026-08-24T19:55:07Z,15
s016626,u0615,c004,mobile,5.3.0,2026-08-24T19:55:12Z,24
s016627,u0130,c043,tv,,2026-08-24T19:55:59Z,25
s016628,u0226,c026,mobile,5.3.0,2026-08-24T19:56:30Z,31
s016629,u0949,c011,mobile,5.3.0,2026-08-24T19:57:51Z,11
s016630,u0216,c002,mobile,5.3.0,2026-08-24T19:58:17Z,25
s016631,u0122,c003,web,,2026-08-24T19:58:49Z,18
s016632,u0607,c039,tv,,2026-08-24T19:59:16Z,26
s016633,u0562,c001,tv,,2026-08-24T19:59:19Z,34
s016634,u0689,c053,tv,,2026-08-24T19:59:19Z,51
s016635,u0360,c002,mobile,5.3.0,2026-08-24T19:59:49Z,30
s016636,u0390,c004,web,,2026-08-24T19:59:50Z,28
s016637,u0161,c044,tv,,2026-08-24T21:00:50Z,92
s016638,u0412,c035,web,,2026-08-24T21:00:58Z,89
s016639,u0949,c004,mobile,5.3.0,2026-08-24T21:01:04Z,7
s016640,u0817,c018,mobile,5.3.0,2026-08-24T21:01:13Z,17
s016641,u0725,c004,mobile,5.3.0,2026-08-24T21:01:58Z,12
s016642,u0644,c022,mobile,5.3.0,2026-08-24T21:02:10Z,24
s016643,u0601,c002,tv,,2026-08-24T21:02:16Z,233
s016644,u0271,c005,web,,2026-08-24T21:02:22Z,62
s016645,u0403,c010,web,,2026-08-24T21:02:59Z,18
s016646,u0555,c056,mobile,5.3.0,2026-08-24T21:03:04Z,25
s016647,u0241,c047,web,,2026-08-24T21:03:32Z,15
s016648,u0750,c010,tv,,2026-08-24T21:03:32Z,65
s016649,u0823,c038,web,,2026-08-24T21:04:29Z,53
s016650,u0190,c002,mobile,5.3.0,2026-08-24T21:04:49Z,35
s016651,u0682,c002,web,,2026-08-24T21:05:42Z,150
s016652,u0826,c001,mobile,5.3.0,2026-08-24T21:06:12Z,30
s016653,u0169,c001,mobile,5.3.0,2026-08-24T21:06:22Z,30
s016654,u0566,c047,web,,2026-08-24T21:06:37Z,23
s016655,u0725,c026,mobile,5.3.0,2026-08-24T21:07:05Z,34
s016656,u0006,c009,web,,2026-08-24T21:07:39Z,49
s016657,u0965,c003,mobile,5.3.0,2026-08-24T21:08:32Z,4
s016658,u0757,c001,mobile,5.3.0,2026-08-24T21:08:47Z,47
s016659,u0334,c016,mobile,5.3.0,2026-08-24T21:09:27Z,36
s016660,u0203,c021,mobile,5.3.0,2026-08-24T21:09:41Z,48
s016661,u0472,c006,mobile,5.3.0,2026-08-24T21:10:35Z,21
s016662,u0640,c014,mobile,5.3.0,2026-08-24T21:11:04Z,134
s016663,u0097,c051,mobile,5.3.0,2026-08-24T21:11:27Z,15
s016664,u0898,c004,mobile,5.3.0,2026-08-24T21:11:44Z,4
s016665,u0564,c017,tv,,2026-08-24T21:12:27Z,25
s016666,u0225,c001,web,,2026-08-24T21:12:56Z,48
s016667,u0130,c025,tv,,2026-08-24T21:13:46Z,33
s016668,u0612,c011,tv,,2026-08-24T21:15:04Z,66
s016669,u0535,c001,mobile,5.3.0,2026-08-24T21:15:15Z,19
s016670,u0643,c031,mobile,5.3.0,2026-08-24T21:15:15Z,23
s016671,u0581,c002,mobile,5.3.0,2026-08-24T21:16:13Z,12
s016672,u0374,c039,web,,2026-08-24T21:17:11Z,12
s016673,u0630,c001,mobile,5.3.0,2026-08-24T21:17:37Z,23
s016674,u0191,c008,web,,2026-08-24T21:19:10Z,35
s016675,u0482,c011,web,,2026-08-24T21:21:20Z,70
s016676,u0743,c010,tv,,2026-08-24T21:21:33Z,50
s016677,u0658,c001,mobile,5.3.0,2026-08-24T21:21:40Z,15
s016678,u0175,c001,web,,2026-08-24T21:22:02Z,30
s016679,u0146,c013,mobile,5.3.0,2026-08-24T21:22:31Z,24
s016680,u0227,c041,mobile,5.3.0,2026-08-24T21:23:17Z,69
s016681,u0916,c009,mobile,5.3.0,2026-08-24T21:23:55Z,69
s016682,u0370,c008,mobile,5.3.0,2026-08-24T21:24:58Z,20
s016683,u0989,c018,web,,2026-08-24T21:25:39Z,28
s016684,u0591,c035,mobile,5.3.0,2026-08-24T21:25:44Z,13
s016685,u0171,c039,web,,2026-08-24T21:25:49Z,12
s016686,u0825,c013,tv,,2026-08-24T21:26:42Z,48
s016687,u0479,c016,mobile,5.3.0,2026-08-24T21:26:49Z,9
s016688,u0199,c041,web,,2026-08-24T21:27:10Z,23
s016689,u0140,c015,mobile,5.3.0,2026-08-24T21:28:13Z,77
s016690,u0420,c047,tv,,2026-08-24T21:29:44Z,50
s016691,u0786,c014,tv,,2026-08-24T21:29:54Z,26
s016692,u0688,c002,mobile,5.3.0,2026-08-24T21:30:49Z,15
s016693,u0997,c006,mobile,5.3.0,2026-08-24T21:30:53Z,8
s016694,u0100,c014,web,,2026-08-24T21:30:59Z,65
s016695,u0755,c029,tv,,2026-08-24T21:31:17Z,86
s016696,u0428,c011,tv,,2026-08-24T21:31:35Z,50
s016697,u0805,c040,mobile,5.3.0,2026-08-24T21:31:57Z,38
s016698,u0941,c001,mobile,5.3.0,2026-08-24T21:32:08Z,14
s016699,u0549,c020,tv,,2026-08-24T21:32:27Z,83
s016700,u0305,c007,web,,2026-08-24T21:32:29Z,12
s016701,u0801,c002,web,,2026-08-24T21:32:55Z,18
s016702,u0396,c039,tv,,2026-08-24T21:33:44Z,57
s016703,u0836,c003,mobile,5.3.0,2026-08-24T21:33:57Z,13
s016704,u0286,c001,mobile,5.3.0,2026-08-24T21:34:04Z,23
s016705,u0512,c004,mobile,5.3.0,2026-08-24T21:34:08Z,23
s016706,u0300,c015,mobile,5.3.0,2026-08-24T21:34:25Z,9
s016707,u0609,c003,mobile,5.3.0,2026-08-24T21:36:05Z,31
s016708,u0259,c003,mobile,5.3.0,2026-08-24T21:36:13Z,11
s016709,u0458,c052,mobile,5.3.0,2026-08-24T21:37:06Z,20
s016710,u0131,c046,mobile,5.3.0,2026-08-24T21:37:12Z,54
s016711,u0160,c025,tv,,2026-08-24T21:38:17Z,33
s016712,u0187,c001,web,,2026-08-24T21:39:36Z,45
s016713,u0771,c018,mobile,5.3.0,2026-08-24T21:40:17Z,32
s016714,u0349,c018,web,,2026-08-24T21:40:45Z,49
s016715,u0042,c047,tv,,2026-08-24T21:42:49Z,18
s016716,u0196,c004,tv,,2026-08-24T21:43:59Z,41
s016717,u0061,c014,tv,,2026-08-24T21:44:04Z,240
s016718,u0358,c035,mobile,5.3.0,2026-08-24T21:44:11Z,10
s016719,u0430,c013,mobile,5.3.0,2026-08-24T21:44:17Z,11
s016720,u0930,c048,mobile,5.3.0,2026-08-24T21:44:48Z,10
s016721,u0196,c009,tv,,2026-08-24T21:44:58Z,44
s016722,u0235,c001,web,,2026-08-24T21:45:58Z,61
s016723,u0010,c032,tv,,2026-08-24T21:47:17Z,71
s016724,u0497,c035,mobile,5.3.0,2026-08-24T21:47:25Z,28
s016725,u0515,c034,tv,,2026-08-24T21:48:11Z,35
s016726,u0027,c025,tv,,2026-08-24T21:48:49Z,7
s016727,u0982,c003,mobile,5.3.0,2026-08-24T21:48:56Z,27
s016728,u0512,c032,tv,,2026-08-24T21:49:01Z,125
s016729,u0353,c010,mobile,5.3.0,2026-08-24T21:49:27Z,28
s016730,u0140,c002,tv,,2026-08-24T21:49:30Z,15
s016731,u0528,c056,mobile,5.3.0,2026-08-24T21:50:40Z,45
s016732,u0014,c001,web,,2026-08-24T21:51:49Z,18
s016733,u0521,c027,mobile,5.3.0,2026-08-24T21:51:52Z,8
s016734,u0209,c002,web,,2026-08-24T21:53:08Z,28
s016735,u0563,c008,tv,,2026-08-24T21:54:42Z,45
s016736,u0899,c009,mobile,5.3.0,2026-08-24T21:55:35Z,23
s016737,u0612,c003,tv,,2026-08-24T21:55:49Z,20
s016738,u0789,c059,mobile,5.3.0,2026-08-24T21:56:00Z,9
s016739,u0123,c057,web,,2026-08-24T21:56:35Z,17
s016740,u0346,c004,mobile,5.3.0,2026-08-24T21:57:44Z,10
s016741,u0743,c007,tv,,2026-08-24T21:57:57Z,48
s016742,u0881,c014,mobile,5.3.0,2026-08-24T21:57:58Z,26
s016743,u0943,c021,tv,,2026-08-24T21:58:00Z,37
s016744,u0950,c056,mobile,5.3.0,2026-08-24T21:58:05Z,21
s016745,u0500,c022,tv,,2026-08-24T21:58:42Z,57
s016746,u0895,c011,mobile,5.3.0,2026-08-24T21:58:49Z,15
s016747,u0873,c001,mobile,5.3.0,2026-08-24T23:01:55Z,5
s016748,u0082,c048,mobile,5.3.0,2026-08-24T23:03:45Z,41
s016749,u0269,c004,web,,2026-08-24T23:04:48Z,32
s016750,u0970,c019,mobile,5.3.0,2026-08-24T23:05:37Z,16
s016751,u0599,c010,tv,,2026-08-24T23:05:42Z,18
s016752,u0395,c016,tv,,2026-08-24T23:06:30Z,149
s016753,u0775,c015,mobile,5.3.0,2026-08-24T23:07:39Z,21
s016754,u0493,c003,web,,2026-08-24T23:11:16Z,41
s016755,u0406,c029,web,,2026-08-24T23:11:54Z,98
s016756,u0671,c018,mobile,5.3.0,2026-08-24T23:13:31Z,25
s016757,u0616,c017,tv,,2026-08-24T23:17:34Z,54
s016758,u0933,c013,mobile,5.3.0,2026-08-24T23:18:37Z,33
s016759,u0797,c005,tv,,2026-08-24T23:18:40Z,64
s016760,u0568,c014,mobile,5.3.0,2026-08-24T23:20:22Z,11
s016761,u0184,c040,mobile,5.3.0,2026-08-24T23:24:09Z,15
s016762,u0595,c009,web,,2026-08-24T23:26:12Z,34
s016763,u0921,c002,mobile,5.3.0,2026-08-24T23:27:01Z,43
s016764,u0635,c016,web,,2026-08-24T23:27:04Z,55
s016765,u0629,c055,tv,,2026-08-24T23:29:18Z,101
s016766,u0466,c005,mobile,5.3.0,2026-08-24T23:30:18Z,21
s016767,u0752,c008,tv,,2026-08-24T23:31:59Z,54
s016768,u0004,c003,mobile,5.3.0,2026-08-24T23:33:05Z,16
s016769,u0390,c020,web,,2026-08-24T23:33:15Z,31
s016770,u0654,c002,web,,2026-08-24T23:33:28Z,231
s016771,u0185,c004,mobile,5.3.0,2026-08-24T23:35:50Z,17
s016772,u0326,c007,tv,,2026-08-24T23:36:16Z,28
s016773,u0947,c037,mobile,5.3.0,2026-08-24T23:38:10Z,10
s016774,u0409,c044,web,,2026-08-24T23:41:34Z,64
s016775,u1130,c003,web,,2026-08-24T23:41:54Z,31
s016776,u0807,c004,web,,2026-08-24T23:42:34Z,55
s016777,u0930,c057,mobile,5.3.0,2026-08-24T23:42:35Z,12
s016778,u0471,c002,mobile,5.3.0,2026-08-24T23:43:32Z,27
s016779,u0616,c001,tv,,2026-08-24T23:44:18Z,49
s016780,u1016,c001,tv,,2026-08-24T23:44:34Z,73
s016781,u0270,c008,web,,2026-08-24T23:46:15Z,8
s016782,u0922,c030,tv,,2026-08-24T23:47:17Z,17
s016783,u0066,c006,web,,2026-08-24T23:48:28Z,39
s016784,u0113,c003,web,,2026-08-24T23:49:09Z,51
s016785,u0481,c003,web,,2026-08-24T23:49:32Z,37
s016786,u0265,c020,tv,,2026-08-24T23:55:15Z,67
s016787,u0187,c032,web,,2026-08-24T23:55:30Z,19
s016788,u0532,c014,web,,2026-08-24T23:55:37Z,32
s016789,u0314,c003,tv,,2026-08-24T23:56:59Z,52
s016790,u0010,c031,tv,,2026-08-24T23:57:58Z,44
s016791,u0865,c001,tv,,2026-08-24T23:58:40Z,81
s016792,u0469,c005,tv,,2026-08-24T23:59:14Z,12
s016793,u0438,c053,tv,,2026-08-25T08:01:55Z,145
s016794,u0383,c001,web,,2026-08-25T08:02:54Z,46
s016795,u0697,c034,web,,2026-08-25T08:06:41Z,25
s016796,u0791,c003,mobile,5.3.0,2026-08-25T08:07:13Z,10
s016797,u0288,c050,mobile,5.3.0,2026-08-25T08:10:41Z,16
s016798,u0591,c022,mobile,5.3.0,2026-08-25T08:16:39Z,19
s016799,u0409,c010,web,,2026-08-25T08:17:47Z,111
s016800,u0191,c059,web,,2026-08-25T08:19:10Z,56
s016801,u0411,c002,mobile,5.3.0,2026-08-25T08:32:12Z,15
s016802,u0411,c001,tv,,2026-08-25T08:33:10Z,54
s016803,u0637,c002,mobile,5.3.0,2026-08-25T08:33:13Z,20
s016804,u0997,c011,mobile,5.3.0,2026-08-25T08:39:57Z,17
s016805,u0795,c003,mobile,5.3.0,2026-08-25T08:42:11Z,12
s016806,u0413,c003,web,,2026-08-25T08:42:13Z,74
s016807,u0166,c040,web,,2026-08-25T08:42:19Z,90
s016808,u0481,c010,tv,,2026-08-25T08:48:45Z,31
s016809,u0102,c020,mobile,5.3.0,2026-08-25T08:51:27Z,11
s016810,u0151,c016,mobile,5.3.0,2026-08-25T12:01:06Z,18
s016811,u0525,c001,web,,2026-08-25T12:02:11Z,28
s016812,u1106,c013,mobile,5.3.0,2026-08-25T12:02:19Z,18
s016813,u0569,c046,web,,2026-08-25T12:02:27Z,57
s016814,u1118,c014,web,,2026-08-25T12:04:10Z,10
s016815,u0720,c028,mobile,5.3.0,2026-08-25T12:05:17Z,43
s016816,u0801,c003,web,,2026-08-25T12:07:48Z,14
s016817,u0430,c001,mobile,5.3.0,2026-08-25T12:08:22Z,13
s016818,u0124,c039,mobile,5.3.0,2026-08-25T12:09:01Z,123
s016819,u0904,c014,mobile,5.3.0,2026-08-25T12:14:42Z,6
s016820,u1137,c014,mobile,5.3.0,2026-08-25T12:17:05Z,10
s016821,u0415,c025,tv,,2026-08-25T12:17:15Z,90
s016822,u0230,c003,mobile,5.3.0,2026-08-25T12:17:57Z,59
s016823,u0429,c013,tv,,2026-08-25T12:19:25Z,26
s016824,u0211,c001,tv,,2026-08-25T12:21:13Z,26
s016825,u0400,c003,mobile,5.3.0,2026-08-25T12:23:26Z,53
s016826,u0479,c034,mobile,5.3.0,2026-08-25T12:23:50Z,33
s016827,u0710,c047,tv,,2026-08-25T12:25:02Z,40
s016828,u0633,c001,tv,,2026-08-25T12:26:16Z,78
s016829,u0002,c016,mobile,5.3.0,2026-08-25T12:28:10Z,38
s016830,u0715,c001,mobile,5.3.0,2026-08-25T12:28:23Z,11
s016831,u0862,c009,mobile,5.3.0,2026-08-25T12:29:25Z,4
s016832,u0568,c005,mobile,5.3.0,2026-08-25T12:31:34Z,21
s016833,u0227,c002,mobile,5.3.0,2026-08-25T12:32:51Z,19
s016834,u0184,c024,web,,2026-08-25T12:36:40Z,7
s016835,u0226,c006,mobile,5.3.0,2026-08-25T12:37:10Z,22
s016836,u0360,c002,tv,,2026-08-25T12:38:28Z,75
s016837,u0250,c001,mobile,5.3.0,2026-08-25T12:39:21Z,19
s016838,u0225,c044,web,,2026-08-25T12:39:28Z,99
s016839,u0892,c019,tv,,2026-08-25T12:43:28Z,32
s016840,u0126,c039,tv,,2026-08-25T12:44:57Z,115
s016841,u0366,c039,mobile,5.3.0,2026-08-25T12:45:13Z,10
s016842,u0895,c025,mobile,5.3.0,2026-08-25T12:47:43Z,12
s016843,u0307,c021,mobile,5.3.0,2026-08-25T12:51:34Z,26
s016844,u0163,c042,mobile,5.3.0,2026-08-25T12:51:49Z,4
s016845,u0796,c004,tv,,2026-08-25T12:52:57Z,34
s016846,u0382,c021,tv,,2026-08-25T12:54:05Z,25
s016847,u0715,c005,mobile,5.3.0,2026-08-25T12:54:09Z,19
s016848,u0674,c013,mobile,5.3.0,2026-08-25T12:55:20Z,43
s016849,u0680,c032,mobile,5.3.0,2026-08-25T12:59:45Z,25
s016850,u0443,c005,mobile,5.3.0,2026-08-25T17:00:35Z,11
s016851,u0078,c007,web,,2026-08-25T17:00:52Z,19
s016852,u0259,c026,mobile,5.3.0,2026-08-25T17:01:01Z,14
s016853,u0707,c034,web,,2026-08-25T17:04:35Z,51
s016854,u0602,c020,mobile,5.3.0,2026-08-25T17:05:58Z,12
s016855,u0138,c002,web,,2026-08-25T17:06:03Z,25
s016856,u0398,c002,mobile,5.3.0,2026-08-25T17:06:26Z,26
s016857,u0668,c002,mobile,5.3.0,2026-08-25T17:07:04Z,12
s016858,u0962,c006,mobile,5.3.0,2026-08-25T17:07:22Z,37
s016859,u0612,c002,tv,,2026-08-25T17:10:19Z,41
s016860,u0714,c007,mobile,5.3.0,2026-08-25T17:10:24Z,10
s016861,u0248,c002,mobile,5.3.0,2026-08-25T17:11:24Z,38
s016862,u0175,c006,web,,2026-08-25T17:14:35Z,23
s016863,u1126,c011,web,,2026-08-25T17:16:09Z,27
s016864,u0183,c003,tv,,2026-08-25T17:16:17Z,44
s016865,u0355,c001,web,,2026-08-25T17:16:47Z,45
s016866,u0030,c004,mobile,5.3.0,2026-08-25T17:17:02Z,17
s016867,u0630,c008,tv,,2026-08-25T17:19:51Z,19
s016868,u0369,c032,mobile,5.3.0,2026-08-25T17:21:15Z,27
s016869,u0668,c020,mobile,5.3.0,2026-08-25T17:25:27Z,29
s016870,u0510,c010,mobile,5.3.0,2026-08-25T17:25:57Z,15
s016871,u0071,c028,web,,2026-08-25T17:26:58Z,18
s016872,u0201,c039,tv,,2026-08-25T17:27:43Z,89
s016873,u0431,c025,mobile,5.3.0,2026-08-25T17:28:02Z,7
s016874,u0651,c007,tv,,2026-08-25T17:29:15Z,50
s016875,u0934,c013,web,,2026-08-25T17:31:24Z,58
s016876,u0065,c008,mobile,5.3.0,2026-08-25T17:32:16Z,27
s016877,u0065,c015,mobile,5.3.0,2026-08-25T17:33:18Z,10
s016878,u0603,c005,web,,2026-08-25T17:33:33Z,37
s016879,u0351,c026,tv,,2026-08-25T17:34:08Z,77
s016880,u1043,c032,mobile,5.3.0,2026-08-25T17:36:51Z,28
s016881,u0609,c046,mobile,5.3.0,2026-08-25T17:37:25Z,7
s016882,u0795,c009,mobile,5.3.0,2026-08-25T17:44:35Z,21
s016883,u0370,c002,mobile,5.3.0,2026-08-25T17:44:41Z,39
s016884,u0678,c005,mobile,5.3.0,2026-08-25T17:45:48Z,62
s016885,u0541,c014,tv,,2026-08-25T17:46:09Z,132
s016886,u0677,c001,mobile,5.3.0,2026-08-25T17:46:33Z,16
s016887,u0429,c058,tv,,2026-08-25T17:47:08Z,46
s016888,u0562,c003,tv,,2026-08-25T17:48:39Z,22
s016889,u0044,c019,mobile,5.3.0,2026-08-25T17:49:04Z,2
s016890,u0636,c011,mobile,5.3.0,2026-08-25T17:50:08Z,34
s016891,u0318,c028,tv,,2026-08-25T17:51:00Z,12
s016892,u0018,c001,web,,2026-08-25T17:53:43Z,105
s016893,u0463,c005,tv,,2026-08-25T17:53:56Z,67
s016894,u0801,c001,web,,2026-08-25T17:56:56Z,24
s016895,u0827,c002,mobile,5.3.0,2026-08-25T17:57:23Z,25
s016896,u0687,c001,mobile,5.3.0,2026-08-25T17:58:02Z,14
s016897,u0612,c001,tv,,2026-08-25T17:58:08Z,44
s016898,u0154,c045,web,,2026-08-25T17:58:10Z,30
s016899,u0103,c005,tv,,2026-08-25T17:59:33Z,50
s016900,u0883,c040,mobile,5.3.0,2026-08-25T19:00:14Z,7
s016901,u0138,c016,mobile,5.3.0,2026-08-25T19:00:15Z,22
s016902,u0583,c033,mobile,5.3.0,2026-08-25T19:00:26Z,30
s016903,u0590,c051,tv,,2026-08-25T19:00:43Z,17
s016904,u0247,c006,mobile,5.3.0,2026-08-25T19:02:22Z,23
s016905,u0312,c006,mobile,5.3.0,2026-08-25T19:02:41Z,57
s016906,u0229,c001,tv,,2026-08-25T19:03:25Z,51
s016907,u0744,c046,web,,2026-08-25T19:03:33Z,16
s016908,u0427,c005,web,,2026-08-25T19:03:43Z,28
s016909,u0599,c034,tv,,2026-08-25T19:03:46Z,20
s016910,u0381,c001,web,,2026-08-25T19:03:51Z,111
s016911,u0386,c018,mobile,5.3.0,2026-08-25T19:04:14Z,73
s016912,u1033,c022,mobile,5.3.0,2026-08-25T19:04:32Z,21
s016913,u0835,c010,tv,,2026-08-25T19:05:50Z,86
s016914,u0673,c003,mobile,5.3.0,2026-08-25T19:06:23Z,23
s016915,u0258,c002,mobile,5.3.0,2026-08-25T19:06:27Z,73
s016916,u0795,c042,mobile,5.3.0,2026-08-25T19:06:44Z,12
s016917,u0035,c005,web,,2026-08-25T19:07:06Z,33
s016918,u0011,c004,tv,,2026-08-25T19:07:11Z,22
s016919,u0145,c006,tv,,2026-08-25T19:07:20Z,59
s016920,u0427,c011,web,,2026-08-25T19:07:42Z,43
s016921,u0434,c002,mobile,5.3.0,2026-08-25T19:08:17Z,42
s016922,u0042,c007,tv,,2026-08-25T19:08:22Z,58
s016923,u0609,c009,mobile,5.3.0,2026-08-25T19:10:14Z,28
s016924,u1023,c005,mobile,5.3.0,2026-08-25T19:12:06Z,19
s016925,u0286,c018,mobile,5.3.0,2026-08-25T19:12:18Z,52
s016926,u0064,c007,web,,2026-08-25T19:12:21Z,34
s016927,u0650,c010,web,,2026-08-25T19:13:23Z,9
s016928,u0516,c019,tv,,2026-08-25T19:13:29Z,159
s016929,u0410,c055,web,,2026-08-25T19:13:43Z,8
s016930,u0481,c006,tv,,2026-08-25T19:14:45Z,31
s016931,u0066,c001,web,,2026-08-25T19:14:55Z,38
s016932,u1017,c002,mobile,5.3.0,2026-08-25T19:14:57Z,15
s016933,u0302,c015,tv,,2026-08-25T19:15:21Z,28
s016934,u0567,c002,mobile,5.3.0,2026-08-25T19:15:54Z,25
s016935,u0894,c025,mobile,5.3.0,2026-08-25T19:16:27Z,19
s016936,u0808,c015,tv,,2026-08-25T19:16:54Z,34
s016937,u0455,c026,web,,2026-08-25T19:17:43Z,30
s016938,u0381,c016,mobile,5.3.0,2026-08-25T19:18:04Z,34
s016939,u0216,c002,mobile,5.3.0,2026-08-25T19:19:04Z,20
s016940,u0952,c032,mobile,5.3.0,2026-08-25T19:19:05Z,7
s016941,u0177,c002,tv,,2026-08-25T19:19:59Z,52
s016942,u0734,c005,tv,,2026-08-25T19:20:28Z,108
s016943,u0883,c039,mobile,5.3.0,2026-08-25T19:20:44Z,13
s016944,u0523,c009,web,,2026-08-25T19:21:21Z,60
s016945,u0183,c001,tv,,2026-08-25T19:21:30Z,25
s016946,u0681,c010,mobile,5.3.0,2026-08-25T19:22:16Z,16
s016947,u0980,c021,mobile,5.3.0,2026-08-25T19:22:50Z,13
s016948,u0346,c001,mobile,5.3.0,2026-08-25T19:23:29Z,39
s016949,u0893,c004,mobile,5.3.0,2026-08-25T19:25:03Z,32
s016950,u0562,c010,tv,,2026-08-25T19:25:11Z,29
s016951,u0103,c020,tv,,2026-08-25T19:26:58Z,47
s016952,u0725,c001,mobile,5.3.0,2026-08-25T19:27:06Z,37
s016953,u0008,c006,mobile,5.3.0,2026-08-25T19:27:12Z,10
s016954,u0774,c017,mobile,5.3.0,2026-08-25T19:27:37Z,9
s016955,u0784,c002,web,,2026-08-25T19:27:37Z,20
s016956,u0173,c025,mobile,5.3.0,2026-08-25T19:28:02Z,25
s016957,u0442,c014,tv,,2026-08-25T19:28:30Z,32
s016958,u0491,c012,web,,2026-08-25T19:28:47Z,15
s016959,u0344,c004,web,,2026-08-25T19:29:36Z,16
s016960,u0065,c020,mobile,5.3.0,2026-08-25T19:30:10Z,18
s016961,u0656,c002,tv,,2026-08-25T19:31:37Z,27
s016962,u0183,c028,mobile,5.3.0,2026-08-25T19:32:51Z,15
s016963,u0601,c023,web,,2026-08-25T19:32:59Z,72
s016964,u0920,c001,mobile,5.3.0,2026-08-25T19:33:10Z,14
s016965,u0650,c011,mobile,5.3.0,2026-08-25T19:33:15Z,13
s016966,u0243,c011,web,,2026-08-25T19:33:44Z,70
s016967,u0200,c001,mobile,5.3.0,2026-08-25T19:35:52Z,21
s016968,u0885,c001,web,,2026-08-25T19:36:07Z,23
s016969,u0131,c004,mobile,5.3.0,2026-08-25T19:36:50Z,20
s016970,u0011,c002,web,,2026-08-25T19:37:05Z,31
s016971,u0672,c008,mobile,5.3.0,2026-08-25T19:37:56Z,7
s016972,u0117,c021,mobile,5.3.0,2026-08-25T19:38:11Z,7
s016973,u0307,c031,mobile,5.3.0,2026-08-25T19:39:22Z,7
s016974,u0485,c035,tv,,2026-08-25T19:39:28Z,47
s016975,u0952,c028,mobile,5.3.0,2026-08-25T19:40:06Z,10
s016976,u0031,c043,mobile,5.3.0,2026-08-25T19:41:22Z,12
s016977,u0970,c013,web,,2026-08-25T19:41:24Z,10
s016978,u0711,c037,mobile,5.3.0,2026-08-25T19:41:35Z,22
s016979,u0291,c013,mobile,5.3.0,2026-08-25T19:41:44Z,12
s016980,u0472,c001,mobile,5.3.0,2026-08-25T19:41:44Z,31
s016981,u0276,c005,mobile,5.3.0,2026-08-25T19:42:37Z,15
s016982,u0390,c029,web,,2026-08-25T19:43:36Z,21
s016983,u1006,c002,mobile,5.3.0,2026-08-25T19:44:26Z,7
s016984,u0015,c034,tv,,2026-08-25T19:44:31Z,129
s016985,u0042,c043,mobile,5.3.0,2026-08-25T19:45:31Z,100
s016986,u0505,c039,tv,,2026-08-25T19:45:36Z,87
s016987,u0385,c021,web,,2026-08-25T19:46:15Z,108
s016988,u0523,c021,web,,2026-08-25T19:46:42Z,28
s016989,u0146,c017,mobile,5.3.0,2026-08-25T19:46:43Z,47
s016990,u0099,c003,web,,2026-08-25T19:46:46Z,33
s016991,u0115,c009,mobile,5.3.0,2026-08-25T19:47:02Z,23
s016992,u0414,c002,mobile,5.3.0,2026-08-25T19:48:12Z,12
s016993,u0670,c006,tv,,2026-08-25T19:49:25Z,89
s016994,u0423,c045,mobile,5.3.0,2026-08-25T19:49:53Z,18
s016995,u0396,c001,tv,,2026-08-25T19:50:03Z,13
s016996,u1111,c001,mobile,5.3.0,2026-08-25T19:50:09Z,16
s016997,u0338,c001,tv,,2026-08-25T19:52:06Z,81
s016998,u0397,c025,mobile,5.3.0,2026-08-25T19:52:07Z,34
s016999,u0946,c004,mobile,5.3.0,2026-08-25T19:53:36Z,17
s017000,u0665,c034,mobile,5.3.0,2026-08-25T19:54:16Z,70
s017001,u0277,c001,web,,2026-08-25T19:55:04Z,70
s017002,u0822,c007,web,,2026-08-25T19:55:19Z,76
s017003,u0063,c005,mobile,5.3.0,2026-08-25T19:55:39Z,21
s017004,u0182,c027,mobile,5.3.0,2026-08-25T19:57:44Z,22
s017005,u0806,c040,web,,2026-08-25T19:58:15Z,24
s017006,u0346,c001,mobile,5.3.0,2026-08-25T19:58:34Z,22
s017007,u0371,c002,mobile,5.3.0,2026-08-25T19:59:37Z,18
s017008,u1021,c009,web,,2026-08-25T21:00:26Z,46
s017009,u0509,c013,mobile,5.3.0,2026-08-25T21:00:51Z,26
s017010,u0166,c045,web,,2026-08-25T21:02:54Z,77
s017011,u0546,c004,web,,2026-08-25T21:02:59Z,35
s017012,u0152,c039,web,,2026-08-25T21:03:43Z,31
s017013,u0932,c001,mobile,5.3.0,2026-08-25T21:05:01Z,6
s017014,u0798,c026,mobile,5.3.0,2026-08-25T21:05:24Z,25
s017015,u0190,c030,mobile,5.3.0,2026-08-25T21:06:11Z,64
s017016,u0320,c003,tv,,2026-08-25T21:06:34Z,18
s017017,u0425,c001,web,,2026-08-25T21:06:44Z,39
s017018,u0247,c004,mobile,5.3.0,2026-08-25T21:06:58Z,17
s017019,u0445,c006,mobile,5.3.0,2026-08-25T21:07:35Z,39
s017020,u0815,c008,mobile,5.3.0,2026-08-25T21:08:15Z,34
s017021,u0758,c012,tv,,2026-08-25T21:09:38Z,74
s017022,u0726,c050,web,,2026-08-25T21:09:57Z,29
s017023,u0922,c033,mobile,5.3.0,2026-08-25T21:10:00Z,8
s017024,u0226,c023,mobile,5.3.0,2026-08-25T21:10:10Z,15
s017025,u0496,c004,tv,,2026-08-25T21:10:32Z,23
s017026,u0313,c003,tv,,2026-08-25T21:10:39Z,55
s017027,u0431,c027,mobile,5.3.0,2026-08-25T21:11:11Z,18
s017028,u0983,c003,mobile,5.3.0,2026-08-25T21:11:18Z,13
s017029,u1012,c027,tv,,2026-08-25T21:11:35Z,19
s017030,u0139,c003,web,,2026-08-25T21:13:24Z,14
s017031,u0939,c018,mobile,5.3.0,2026-08-25T21:13:34Z,11
s017032,u0405,c016,mobile,5.3.0,2026-08-25T21:13:46Z,12
s017033,u0123,c011,web,,2026-08-25T21:14:05Z,221
s017034,u0980,c039,mobile,5.3.0,2026-08-25T21:15:23Z,6
s017035,u0201,c031,tv,,2026-08-25T21:15:53Z,38
s017036,u0113,c002,web,,2026-08-25T21:17:05Z,19
s017037,u0930,c005,mobile,5.3.0,2026-08-25T21:17:23Z,19
s017038,u0283,c010,web,,2026-08-25T21:17:47Z,49
s017039,u0893,c004,mobile,5.3.0,2026-08-25T21:18:50Z,20
s017040,u0066,c002,web,,2026-08-25T21:19:14Z,22
s017041,u0922,c029,mobile,5.3.0,2026-08-25T21:20:03Z,5
s017042,u0431,c015,mobile,5.3.0,2026-08-25T21:20:26Z,21
s017043,u0954,c018,mobile,5.3.0,2026-08-25T21:21:01Z,27
s017044,u0831,c018,tv,,2026-08-25T21:21:32Z,19
s017045,u0018,c007,web,,2026-08-25T21:22:04Z,53
s017046,u0370,c001,mobile,5.3.0,2026-08-25T21:22:15Z,10
s017047,u0274,c004,mobile,5.3.0,2026-08-25T21:24:23Z,12
s017048,u0427,c002,web,,2026-08-25T21:25:32Z,126
s017049,u0356,c037,web,,2026-08-25T21:26:37Z,34
s017050,u0861,c014,mobile,5.3.0,2026-08-25T21:27:19Z,6
s017051,u1043,c059,web,,2026-08-25T21:27:21Z,37
s017052,u0041,c036,mobile,5.3.0,2026-08-25T21:28:33Z,10
s017053,u1052,c010,mobile,5.3.0,2026-08-25T21:28:35Z,9
s017054,u0042,c017,tv,,2026-08-25T21:29:49Z,48
s017055,u0182,c007,web,,2026-08-25T21:30:01Z,104
s017056,u0425,c024,mobile,5.3.0,2026-08-25T21:30:39Z,27
s017057,u1038,c002,mobile,5.3.0,2026-08-25T21:30:41Z,38
s017058,u0549,c014,tv,,2026-08-25T21:31:32Z,33
s017059,u0243,c008,web,,2026-08-25T21:32:16Z,33
s017060,u0748,c045,mobile,5.3.0,2026-08-25T21:33:09Z,43
s017061,u0674,c001,mobile,5.3.0,2026-08-25T21:33:47Z,25
s017062,u0307,c016,mobile,5.3.0,2026-08-25T21:33:58Z,20
s017063,u0915,c002,mobile,5.3.0,2026-08-25T21:34:23Z,19
s017064,u0215,c004,tv,,2026-08-25T21:34:33Z,25
s017065,u0459,c018,mobile,5.3.0,2026-08-25T21:34:56Z,11
s017066,u0860,c001,web,,2026-08-25T21:35:06Z,36
s017067,u0216,c004,mobile,5.3.0,2026-08-25T21:35:17Z,28
s017068,u0003,c041,mobile,5.3.0,2026-08-25T21:35:52Z,12
s017069,u1043,c011,web,,2026-08-25T21:36:41Z,6
s017070,u0458,c039,web,,2026-08-25T21:36:42Z,140
s017071,u0278,c001,mobile,5.3.0,2026-08-25T21:37:12Z,15
s017072,u0252,c017,web,,2026-08-25T21:37:24Z,34
s017073,u0187,c004,web,,2026-08-25T21:37:52Z,32
s017074,u0439,c025,mobile,5.3.0,2026-08-25T21:37:55Z,34
s017075,u0549,c003,mobile,5.3.0,2026-08-25T21:38:14Z,16
s017076,u0658,c001,mobile,5.3.0,2026-08-25T21:38:24Z,39
s017077,u0518,c021,tv,,2026-08-25T21:38:35Z,34
s017078,u1072,c001,mobile,5.3.0,2026-08-25T21:39:57Z,9
s017079,u0989,c020,web,,2026-08-25T21:40:05Z,34
s017080,u0676,c019,tv,,2026-08-25T21:40:33Z,41
s017081,u0925,c055,mobile,5.3.0,2026-08-25T21:40:50Z,19
s017082,u0718,c017,mobile,5.3.0,2026-08-25T21:41:27Z,22
s017083,u0699,c008,mobile,5.3.0,2026-08-25T21:42:21Z,17
s017084,u0508,c002,web,,2026-08-25T21:42:44Z,36
s017085,u0053,c047,web,,2026-08-25T21:43:29Z,73
s017086,u0447,c039,mobile,5.3.0,2026-08-25T21:43:37Z,17
s017087,u0780,c001,tv,,2026-08-25T21:43:40Z,26
s017088,u0232,c001,web,,2026-08-25T21:44:11Z,120
s017089,u0216,c028,mobile,5.3.0,2026-08-25T21:44:27Z,11
s017090,u0442,c001,tv,,2026-08-25T21:45:39Z,65
s017091,u0612,c004,mobile,5.3.0,2026-08-25T21:46:08Z,12
s017092,u0900,c005,mobile,5.3.0,2026-08-25T21:46:37Z,6
s017093,u0289,c042,mobile,5.3.0,2026-08-25T21:46:41Z,14
s017094,u0723,c005,mobile,5.3.0,2026-08-25T21:46:57Z,70
s017095,u0666,c002,tv,,2026-08-25T21:47:21Z,14
s017096,u0523,c004,web,,2026-08-25T21:48:52Z,10
s017097,u0186,c034,mobile,5.3.0,2026-08-25T21:50:04Z,7
s017098,u0826,c021,web,,2026-08-25T21:50:26Z,59
s017099,u0698,c024,mobile,5.3.0,2026-08-25T21:51:22Z,37
s017100,u0135,c003,mobile,5.3.0,2026-08-25T21:52:10Z,19
s017101,u1134,c031,tv,,2026-08-25T21:52:57Z,25
s017102,u0189,c021,mobile,5.3.0,2026-08-25T21:53:33Z,17
s017103,u0211,c021,mobile,5.3.0,2026-08-25T21:54:47Z,35
s017104,u0929,c020,mobile,5.3.0,2026-08-25T21:55:26Z,30
s017105,u0426,c004,mobile,5.3.0,2026-08-25T21:55:56Z,49
s017106,u0313,c012,tv,,2026-08-25T21:59:26Z,60
s017107,u0056,c019,web,,2026-08-25T21:59:37Z,80
s017108,u0099,c004,mobile,5.3.0,2026-08-25T21:59:53Z,78
s017109,u0491,c011,web,,2026-08-25T23:00:04Z,48
s017110,u0506,c001,mobile,5.3.0,2026-08-25T23:03:14Z,50
s017111,u0196,c039,tv,,2026-08-25T23:04:36Z,25
s017112,u0082,c012,mobile,5.3.0,2026-08-25T23:04:57Z,23
s017113,u0872,c006,mobile,5.3.0,2026-08-25T23:05:09Z,5
s017114,u0896,c001,mobile,5.3.0,2026-08-25T23:08:45Z,6
s017115,u1037,c005,tv,,2026-08-25T23:14:11Z,6
s017116,u0287,c001,mobile,5.3.0,2026-08-25T23:14:33Z,14
s017117,u0130,c027,tv,,2026-08-25T23:15:03Z,34
s017118,u0461,c003,web,,2026-08-25T23:15:54Z,27
s017119,u0877,c025,mobile,5.3.0,2026-08-25T23:16:52Z,13
s017120,u0158,c007,web,,2026-08-25T23:20:09Z,23
s017121,u0138,c006,mobile,5.3.0,2026-08-25T23:23:47Z,20
s017122,u0049,c001,web,,2026-08-25T23:24:01Z,25
s017123,u0201,c001,tv,,2026-08-25T23:24:45Z,38
s017124,u0861,c052,mobile,5.3.0,2026-08-25T23:28:58Z,9
s017125,u0775,c002,mobile,5.3.0,2026-08-25T23:31:48Z,11
s017126,u0430,c047,mobile,5.3.0,2026-08-25T23:33:25Z,20
s017127,u0833,c006,mobile,5.3.0,2026-08-25T23:33:31Z,46
s017128,u0283,c007,mobile,5.3.0,2026-08-25T23:33:39Z,76
s017129,u0257,c011,mobile,5.3.0,2026-08-25T23:34:06Z,77
s017130,u1006,c036,mobile,5.3.0,2026-08-25T23:35:16Z,4
s017131,u0692,c017,mobile,5.3.0,2026-08-25T23:35:35Z,24
s017132,u0723,c015,mobile,5.3.0,2026-08-25T23:35:46Z,118
s017133,u0064,c020,web,,2026-08-25T23:37:56Z,29
s017134,u0008,c039,mobile,5.3.0,2026-08-25T23:38:37Z,17
s017135,u0014,c002,web,,2026-08-25T23:38:38Z,56
s017136,u0969,c050,web,,2026-08-25T23:42:43Z,34
s017137,u0530,c008,mobile,5.3.0,2026-08-25T23:44:44Z,4
s017138,u0090,c027,tv,,2026-08-25T23:50:07Z,20
s017139,u0835,c048,tv,,2026-08-25T23:51:39Z,23
s017140,u0022,c016,mobile,5.3.0,2026-08-25T23:54:24Z,7
s017141,u0035,c060,tv,,2026-08-25T23:56:44Z,40
s017142,u0253,c027,tv,,2026-08-25T23:57:04Z,56
s017143,u0430,c009,mobile,5.3.0,2026-08-25T23:57:43Z,14
s017144,u0686,c038,tv,,2026-08-25T23:58:40Z,20
s017145,u0615,c004,mobile,5.3.0,2026-08-26T08:02:29Z,18
s017146,u0189,c001,tv,,2026-08-26T08:07:25Z,25
s017147,u0287,c009,mobile,5.3.0,2026-08-26T08:16:39Z,7
s017148,u0344,c010,tv,,2026-08-26T08:18:22Z,63
s017149,u0779,c002,web,,2026-08-26T08:19:39Z,72
s017150,u0463,c014,tv,,2026-08-26T08:24:02Z,50
s017151,u0595,c023,web,,2026-08-26T08:25:15Z,29
s017152,u0124,c004,mobile,5.3.0,2026-08-26T08:33:01Z,51
s017153,u1043,c002,web,,2026-08-26T08:35:22Z,20
s017154,u0057,c005,mobile,5.3.0,2026-08-26T08:35:27Z,9
s017155,u0344,c009,mobile,5.3.0,2026-08-26T08:37:04Z,23
s017156,u0130,c010,mobile,5.3.0,2026-08-26T08:37:33Z,20
s017157,u0997,c001,mobile,5.3.0,2026-08-26T08:40:15Z,23
s017158,u0933,c048,mobile,5.3.0,2026-08-26T08:42:09Z,11
s017159,u0328,c015,tv,,2026-08-26T08:54:24Z,26
s017160,u0718,c054,mobile,5.3.0,2026-08-26T08:56:14Z,38
s017161,u0104,c002,web,,2026-08-26T08:58:03Z,26
s017162,u0010,c029,mobile,5.3.0,2026-08-26T12:00:40Z,17
s017163,u0147,c008,tv,,2026-08-26T12:01:32Z,17
s017164,u0104,c018,web,,2026-08-26T12:02:31Z,14
s017165,u0590,c042,tv,,2026-08-26T12:04:21Z,32
s017166,u0190,c034,mobile,5.3.0,2026-08-26T12:04:47Z,24
s017167,u0953,c037,web,,2026-08-26T12:05:31Z,31
s017168,u0236,c001,mobile,5.3.0,2026-08-26T12:10:53Z,23
s017169,u0381,c052,web,,2026-08-26T12:12:01Z,25
s017170,u0829,c041,mobile,5.3.0,2026-08-26T12:20:09Z,52
s017171,u0146,c004,mobile,5.3.0,2026-08-26T12:22:10Z,26
s017172,u0183,c007,mobile,5.3.0,2026-08-26T12:22:58Z,43
s017173,u0791,c008,mobile,5.3.0,2026-08-26T12:23:34Z,12
s017174,u0590,c004,tv,,2026-08-26T12:24:20Z,43
s017175,u0706,c031,web,,2026-08-26T12:24:34Z,60
s017176,u0262,c028,mobile,5.3.0,2026-08-26T12:25:17Z,4
s017177,u0352,c002,tv,,2026-08-26T12:26:10Z,55
s017178,u0741,c028,tv,,2026-08-26T12:27:31Z,51
s017179,u0650,c011,mobile,5.3.0,2026-08-26T12:28:59Z,5
s017180,u1080,c004,mobile,5.3.0,2026-08-26T12:29:18Z,7
s017181,u0525,c003,web,,2026-08-26T12:29:28Z,61
s017182,u1113,c003,mobile,5.3.0,2026-08-26T12:31:28Z,13
s017183,u0707,c027,web,,2026-08-26T12:32:04Z,37
s017184,u0018,c001,web,,2026-08-26T12:34:51Z,90
s017185,u0886,c003,mobile,5.3.0,2026-08-26T12:35:54Z,8
s017186,u0226,c022,mobile,5.3.0,2026-08-26T12:36:21Z,9
s017187,u0794,c011,mobile,5.3.0,2026-08-26T12:37:46Z,8
s017188,u0789,c003,mobile,5.3.0,2026-08-26T12:37:59Z,14
s017189,u0844,c012,web,,2026-08-26T12:38:47Z,36
s017190,u0288,c022,web,,2026-08-26T12:40:09Z,38
s017191,u0225,c020,web,,2026-08-26T12:40:58Z,15
s017192,u0288,c001,web,,2026-08-26T12:42:14Z,9
s017193,u0920,c002,mobile,5.3.0,2026-08-26T12:44:43Z,14
s017194,u0220,c001,tv,,2026-08-26T12:52:04Z,84
s017195,u0643,c005,tv,,2026-08-26T12:53:09Z,62
s017196,u0890,c025,mobile,5.3.0,2026-08-26T12:53:26Z,10
s017197,u0018,c051,tv,,2026-08-26T12:54:03Z,74
s017198,u0271,c003,web,,2026-08-26T12:54:48Z,55
s017199,u0018,c002,web,,2026-08-26T12:56:56Z,19
s017200,u0386,c001,mobile,5.3.0,2026-08-26T17:00:21Z,63
s017201,u0122,c051,web,,2026-08-26T17:01:16Z,32
s017202,u1110,c006,mobile,5.3.0,2026-08-26T17:01:29Z,14
s017203,u1137,c044,mobile,5.3.0,2026-08-26T17:03:20Z,28
s017204,u0625,c056,web,,2026-08-26T17:04:05Z,28
s017205,u0156,c038,web,,2026-08-26T17:04:31Z,39
s017206,u0844,c007,web,,2026-08-26T17:05:10Z,53
s017207,u0796,c003,tv,,2026-08-26T17:06:19Z,50
s017208,u0165,c002,tv,,2026-08-26T17:06:25Z,33
s017209,u0752,c001,tv,,2026-08-26T17:07:17Z,79
s017210,u0090,c003,tv,,2026-08-26T17:07:27Z,30
s017211,u0421,c001,mobile,5.3.0,2026-08-26T17:07:32Z,30
s017212,u0941,c005,mobile,5.3.0,2026-08-26T17:08:32Z,16
s017213,u0510,c013,mobile,5.3.0,2026-08-26T17:08:52Z,30
s017214,u0066,c053,web,,2026-08-26T17:09:36Z,51
s017215,u1051,c024,mobile,5.3.0,2026-08-26T17:11:22Z,29
s017216,u0004,c020,web,,2026-08-26T17:12:12Z,50
s017217,u0835,c001,tv,,2026-08-26T17:12:18Z,95
s017218,u1049,c028,mobile,5.3.0,2026-08-26T17:13:43Z,20
s017219,u0066,c003,web,,2026-08-26T17:13:55Z,27
s017220,u0488,c003,mobile,5.3.0,2026-08-26T17:14:17Z,9
s017221,u0822,c024,web,,2026-08-26T17:15:00Z,74
s017222,u0637,c005,mobile,5.3.0,2026-08-26T17:15:09Z,22
s017223,u0066,c007,web,,2026-08-26T17:17:29Z,48
s017224,u0601,c003,tv,,2026-08-26T17:18:38Z,151
s017225,u0289,c001,mobile,5.3.0,2026-08-26T17:19:54Z,10
s017226,u0291,c006,web,,2026-08-26T17:20:22Z,43
s017227,u0629,c016,tv,,2026-08-26T17:20:51Z,61
s017228,u0866,c001,web,,2026-08-26T17:21:13Z,25
s017229,u0157,c059,web,,2026-08-26T17:21:46Z,10
s017230,u0185,c018,mobile,5.3.0,2026-08-26T17:22:24Z,21
s017231,u0210,c002,tv,,2026-08-26T17:23:45Z,13
s017232,u0711,c015,mobile,5.3.0,2026-08-26T17:28:11Z,17
s017233,u0185,c004,mobile,5.3.0,2026-08-26T17:28:19Z,14
s017234,u0271,c003,web,,2026-08-26T17:30:54Z,59
s017235,u0047,c036,mobile,5.3.0,2026-08-26T17:31:28Z,18
s017236,u0227,c057,mobile,5.3.0,2026-08-26T17:31:49Z,18
s017237,u0283,c046,mobile,5.3.0,2026-08-26T17:35:02Z,90
s017238,u0512,c053,mobile,5.3.0,2026-08-26T17:35:09Z,14
s017239,u1048,c038,tv,,2026-08-26T17:35:19Z,50
s017240,u0080,c030,tv,,2026-08-26T17:35:53Z,49
s017241,u0474,c010,mobile,5.3.0,2026-08-26T17:36:45Z,11
s017242,u0216,c015,mobile,5.3.0,2026-08-26T17:37:04Z,25
s017243,u0873,c042,mobile,5.3.0,2026-08-26T17:38:01Z,6
s017244,u0909,c006,web,,2026-08-26T17:38:24Z,68
s017245,u0457,c042,mobile,5.3.0,2026-08-26T17:38:32Z,12
s017246,u0638,c008,web,,2026-08-26T17:43:33Z,38
s017247,u0994,c004,web,,2026-08-26T17:44:12Z,22
s017248,u0618,c003,tv,,2026-08-26T17:45:40Z,27
s017249,u0413,c005,mobile,5.3.0,2026-08-26T17:45:50Z,27
s017250,u0377,c002,mobile,5.3.0,2026-08-26T17:46:26Z,30
s017251,u0288,c015,web,,2026-08-26T17:47:15Z,53
s017252,u0808,c001,web,,2026-08-26T17:48:34Z,34
s017253,u0817,c001,mobile,5.3.0,2026-08-26T17:48:37Z,19
s017254,u0683,c001,mobile,5.3.0,2026-08-26T17:53:08Z,38
s017255,u0307,c028,mobile,5.3.0,2026-08-26T17:53:11Z,52
s017256,u0471,c021,web,,2026-08-26T17:55:58Z,33
s017257,u0170,c016,mobile,5.3.0,2026-08-26T17:56:06Z,27
s017258,u0790,c019,mobile,5.3.0,2026-08-26T17:56:18Z,35
s017259,u0759,c053,tv,,2026-08-26T17:57:28Z,40
s017260,u0906,c006,mobile,5.3.0,2026-08-26T17:59:31Z,12
s017261,u0832,c001,web,,2026-08-26T19:00:53Z,37
s017262,u0588,c005,web,,2026-08-26T19:01:49Z,79
s017263,u0617,c016,tv,,2026-08-26T19:01:57Z,111
s017264,u0629,c009,tv,,2026-08-26T19:02:53Z,39
s017265,u0794,c001,mobile,5.3.0,2026-08-26T19:03:06Z,9
s017266,u0826,c013,mobile,5.3.0,2026-08-26T19:03:24Z,6
s017267,u0576,c001,web,,2026-08-26T19:04:08Z,52
s017268,u0802,c004,mobile,5.3.0,2026-08-26T19:04:17Z,29
s017269,u0359,c036,mobile,5.3.0,2026-08-26T19:04:46Z,13
s017270,u0160,c033,tv,,2026-08-26T19:05:11Z,34
s017271,u0246,c058,mobile,5.3.0,2026-08-26T19:05:26Z,16
s017272,u0588,c009,web,,2026-08-26T19:05:50Z,29
s017273,u0629,c003,tv,,2026-08-26T19:06:31Z,23
s017274,u0947,c001,mobile,5.3.0,2026-08-26T19:07:01Z,27
s017275,u0104,c022,web,,2026-08-26T19:07:33Z,37
s017276,u0172,c003,web,,2026-08-26T19:07:53Z,29
s017277,u0389,c001,web,,2026-08-26T19:07:53Z,66
s017278,u0462,c013,mobile,5.3.0,2026-08-26T19:08:23Z,16
s017279,u1113,c001,web,,2026-08-26T19:08:29Z,9
s017280,u0312,c008,mobile,5.3.0,2026-08-26T19:08:37Z,20
s017281,u0184,c022,web,,2026-08-26T19:09:18Z,31
s017282,u0219,c022,mobile,5.3.0,2026-08-26T19:09:38Z,40
s017283,u0413,c003,web,,2026-08-26T19:10:42Z,84
s017284,u0667,c001,web,,2026-08-26T19:10:56Z,46
s017285,u0748,c057,mobile,5.3.0,2026-08-26T19:11:07Z,36
s017286,u0480,c002,web,,2026-08-26T19:11:20Z,56
s017287,u0027,c005,tv,,2026-08-26T19:11:25Z,20
s017288,u0556,c017,web,,2026-08-26T19:11:32Z,34
s017289,u0082,c002,mobile,5.3.0,2026-08-26T19:12:07Z,38
s017290,u0193,c054,web,,2026-08-26T19:12:26Z,29
s017291,u0745,c005,mobile,5.3.0,2026-08-26T19:12:30Z,6
s017292,u0341,c013,mobile,5.3.0,2026-08-26T19:12:51Z,20
s017293,u0036,c015,mobile,5.3.0,2026-08-26T19:13:03Z,11
s017294,u0491,c006,web,,2026-08-26T19:13:05Z,86
s017295,u0067,c009,tv,,2026-08-26T19:13:22Z,71
s017296,u0480,c004,web,,2026-08-26T19:13:31Z,30
s017297,u0394,c049,tv,,2026-08-26T19:13:50Z,43
s017298,u1055,c032,mobile,5.3.0,2026-08-26T19:14:20Z,38
s017299,u0283,c032,mobile,5.3.0,2026-08-26T19:15:15Z,16
s017300,u0017,c002,tv,,2026-08-26T19:15:21Z,68
s017301,u0612,c025,tv,,2026-08-26T19:16:26Z,75
s017302,u0615,c024,mobile,5.3.0,2026-08-26T19:16:30Z,17
s017303,u0579,c006,web,,2026-08-26T19:16:40Z,9
s017304,u0246,c002,mobile,5.3.0,2026-08-26T19:17:02Z,15
s017305,u0679,c031,mobile,5.3.0,2026-08-26T19:17:11Z,51
s017306,u0631,c002,mobile,5.3.0,2026-08-26T19:17:16Z,41
s017307,u0668,c021,mobile,5.3.0,2026-08-26T19:17:30Z,10
s017308,u0641,c001,web,,2026-08-26T19:17:50Z,27
s017309,u0608,c037,web,,2026-08-26T19:18:14Z,62
s017310,u0706,c005,web,,2026-08-26T19:18:55Z,23
s017311,u0606,c006,mobile,5.3.0,2026-08-26T19:19:00Z,12
s017312,u0698,c021,mobile,5.3.0,2026-08-26T19:19:12Z,12
s017313,u0904,c001,mobile,5.3.0,2026-08-26T19:19:16Z,9
s017314,u0878,c021,mobile,5.3.0,2026-08-26T19:19:57Z,35
s017315,u0999,c052,web,,2026-08-26T19:19:57Z,17
s017316,u0875,c004,mobile,5.3.0,2026-08-26T19:21:10Z,24
s017317,u0809,c014,tv,,2026-08-26T19:21:49Z,21
s017318,u0522,c018,web,,2026-08-26T19:22:26Z,48
s017319,u0624,c054,mobile,5.3.0,2026-08-26T19:23:39Z,5
s017320,u0415,c014,tv,,2026-08-26T19:24:46Z,53
s017321,u0674,c045,mobile,5.3.0,2026-08-26T19:24:53Z,13
s017322,u0219,c001,mobile,5.3.0,2026-08-26T19:25:18Z,21
s017323,u0232,c001,tv,,2026-08-26T19:25:29Z,21
s017324,u0377,c003,mobile,5.3.0,2026-08-26T19:25:30Z,9
s017325,u0527,c039,tv,,2026-08-26T19:26:05Z,53
s017326,u0738,c045,mobile,5.3.0,2026-08-26T19:26:49Z,16
s017327,u0381,c025,web,,2026-08-26T19:27:16Z,25
s017328,u0900,c003,mobile,5.3.0,2026-08-26T19:28:22Z,35
s017329,u0202,c023,tv,,2026-08-26T19:28:24Z,33
s017330,u0218,c021,mobile,5.3.0,2026-08-26T19:29:01Z,14
s017331,u0265,c004,web,,2026-08-26T19:30:44Z,24
s017332,u0835,c022,tv,,2026-08-26T19:31:13Z,84
s017333,u0530,c018,mobile,5.3.0,2026-08-26T19:32:14Z,5
s017334,u0809,c001,tv,,2026-08-26T19:32:33Z,51
s017335,u0363,c029,web,,2026-08-26T19:32:41Z,36
s017336,u0717,c011,web,,2026-08-26T19:34:08Z,42
s017337,u0659,c004,web,,2026-08-26T19:34:19Z,198
s017338,u0690,c001,web,,2026-08-26T19:34:53Z,59
s017339,u0945,c037,mobile,5.3.0,2026-08-26T19:35:01Z,12
s017340,u0117,c003,mobile,5.3.0,2026-08-26T19:35:22Z,17
s017341,u0807,c001,mobile,5.3.0,2026-08-26T19:36:30Z,14
s017342,u0781,c001,mobile,5.3.0,2026-08-26T19:37:41Z,23
s017343,u0157,c006,web,,2026-08-26T19:38:42Z,19
s017344,u0640,c003,mobile,5.3.0,2026-08-26T19:39:46Z,18
s017345,u0018,c020,web,,2026-08-26T19:40:09Z,73
s017346,u0893,c014,web,,2026-08-26T19:40:46Z,12
s017347,u0482,c028,web,,2026-08-26T19:41:30Z,60
s017348,u1031,c058,mobile,5.3.0,2026-08-26T19:43:12Z,34
s017349,u0303,c002,mobile,5.3.0,2026-08-26T19:44:07Z,30
s017350,u0028,c008,tv,,2026-08-26T19:44:31Z,102
s017351,u0600,c003,web,,2026-08-26T19:45:19Z,41
s017352,u0852,c005,web,,2026-08-26T19:45:38Z,31
s017353,u0124,c001,mobile,5.3.0,2026-08-26T19:45:50Z,21
s017354,u0510,c020,mobile,5.3.0,2026-08-26T19:46:23Z,13
s017355,u0162,c001,mobile,5.3.0,2026-08-26T19:47:34Z,10
s017356,u0279,c024,web,,2026-08-26T19:47:40Z,45
s017357,u0593,c001,mobile,5.3.0,2026-08-26T19:47:54Z,48
s017358,u0295,c050,mobile,5.3.0,2026-08-26T19:48:07Z,46
s017359,u0412,c008,mobile,5.3.0,2026-08-26T19:48:50Z,34
s017360,u0467,c018,tv,,2026-08-26T19:49:01Z,31
s017361,u0922,c003,mobile,5.3.0,2026-08-26T19:49:01Z,10
s017362,u0935,c050,web,,2026-08-26T19:49:07Z,70
s017363,u0630,c002,mobile,5.3.0,2026-08-26T19:49:22Z,14
s017364,u0517,c027,tv,,2026-08-26T19:50:33Z,106
s017365,u0155,c039,tv,,2026-08-26T19:51:02Z,42
s017366,u0046,c032,web,,2026-08-26T19:51:09Z,81
s017367,u0704,c024,tv,,2026-08-26T19:51:59Z,47
s017368,u0138,c002,mobile,5.3.0,2026-08-26T19:52:02Z,10
s017369,u0957,c012,mobile,5.3.0,2026-08-26T19:52:14Z,23
s017370,u0634,c030,tv,,2026-08-26T19:52:25Z,56
s017371,u0800,c020,mobile,5.3.0,2026-08-26T19:52:30Z,16
s017372,u0209,c003,tv,,2026-08-26T19:53:31Z,8
s017373,u0441,c011,tv,,2026-08-26T19:54:35Z,52
s017374,u1021,c004,web,,2026-08-26T19:54:54Z,8
s017375,u0225,c041,web,,2026-08-26T19:55:15Z,38
s017376,u1089,c001,mobile,5.3.0,2026-08-26T19:55:23Z,15
s017377,u0797,c003,tv,,2026-08-26T19:55:36Z,86
s017378,u0383,c033,tv,,2026-08-26T19:55:39Z,20
s017379,u0497,c002,mobile,5.3.0,2026-08-26T19:55:46Z,70
s017380,u0943,c014,mobile,5.3.0,2026-08-26T19:55:55Z,10
s017381,u0092,c021,mobile,5.3.0,2026-08-26T19:56:34Z,59
s017382,u0796,c018,tv,,2026-08-26T19:57:03Z,6
s017383,u0076,c001,tv,,2026-08-26T19:57:23Z,29
s017384,u0439,c010,mobile,5.3.0,2026-08-26T19:57:24Z,23
s017385,u0397,c001,mobile,5.3.0,2026-08-26T19:57:43Z,12
s017386,u0426,c003,mobile,5.3.0,2026-08-26T19:57:43Z,27
s017387,u0206,c015,mobile,5.3.0,2026-08-26T19:57:45Z,7
s017388,u0527,c001,tv,,2026-08-26T19:58:33Z,53
s017389,u0952,c056,mobile,5.3.0,2026-08-26T19:58:56Z,7
s017390,u0454,c008,tv,,2026-08-26T19:58:58Z,38
s017391,u1074,c008,web,,2026-08-26T19:59:00Z,11
s017392,u0295,c007,mobile,5.3.0,2026-08-26T21:00:00Z,17
s017393,u0230,c001,mobile,5.3.0,2026-08-26T21:00:10Z,19
s017394,u0806,c001,web,,2026-08-26T21:00:39Z,51
s017395,u0371,c036,tv,,2026-08-26T21:01:39Z,72
s017396,u1101,c015,tv,,2026-08-26T21:02:27Z,64
s017397,u0445,c020,mobile,5.3.0,2026-08-26T21:03:49Z,29
s017398,u0816,c010,tv,,2026-08-26T21:06:07Z,70
s017399,u0739,c050,tv,,2026-08-26T21:06:38Z,49
s017400,u0465,c054,web,,2026-08-26T21:07:05Z,83
s017401,u1067,c001,web,,2026-08-26T21:08:09Z,7
s017402,u1104,c038,mobile,5.3.0,2026-08-26T21:10:41Z,17
s017403,u0482,c049,mobile,5.3.0,2026-08-26T21:11:17Z,21
s017404,u0104,c001,web,,2026-08-26T21:11:33Z,27
s017405,u0683,c001,mobile,5.3.0,2026-08-26T21:11:58Z,23
s017406,u0337,c002,tv,,2026-08-26T21:12:17Z,61
s017407,u0754,c033,mobile,5.3.0,2026-08-26T21:12:29Z,21
s017408,u0654,c003,web,,2026-08-26T21:13:07Z,126
s017409,u0346,c029,mobile,5.3.0,2026-08-26T21:14:26Z,36
s017410,u0008,c040,mobile,5.3.0,2026-08-26T21:14:44Z,33
s017411,u0389,c001,web,,2026-08-26T21:14:52Z,75
s017412,u0042,c050,mobile,5.3.0,2026-08-26T21:15:16Z,10
s017413,u0944,c033,mobile,5.3.0,2026-08-26T21:15:18Z,18
s017414,u0520,c015,web,,2026-08-26T21:15:27Z,40
s017415,u0042,c019,tv,,2026-08-26T21:16:43Z,31
s017416,u0497,c010,web,,2026-08-26T21:17:37Z,59
s017417,u0738,c003,mobile,5.3.0,2026-08-26T21:20:33Z,41
s017418,u0775,c010,mobile,5.3.0,2026-08-26T21:20:42Z,14
s017419,u0134,c002,tv,,2026-08-26T21:21:04Z,16
s017420,u0128,c001,tv,,2026-08-26T21:21:36Z,64
s017421,u0211,c047,web,,2026-08-26T21:21:43Z,16
s017422,u0778,c001,mobile,5.3.0,2026-08-26T21:22:00Z,17
s017423,u0451,c032,mobile,5.3.0,2026-08-26T21:22:11Z,18
s017424,u0622,c008,mobile,5.3.0,2026-08-26T21:22:20Z,15
s017425,u0155,c004,tv,,2026-08-26T21:23:01Z,49
s017426,u0488,c001,mobile,5.3.0,2026-08-26T21:23:33Z,35
s017427,u1089,c013,mobile,5.3.0,2026-08-26T21:23:35Z,9
s017428,u0385,c010,web,,2026-08-26T21:23:50Z,31
s017429,u0334,c049,tv,,2026-08-26T21:23:58Z,24
s017430,u0598,c027,tv,,2026-08-26T21:24:03Z,120
s017431,u0427,c001,web,,2026-08-26T21:24:22Z,131
s017432,u0007,c010,tv,,2026-08-26T21:24:44Z,91
s017433,u1054,c039,mobile,5.3.0,2026-08-26T21:25:07Z,12
s017434,u0554,c001,web,,2026-08-26T21:25:15Z,67
s017435,u0800,c015,mobile,5.3.0,2026-08-26T21:25:20Z,15
s017436,u1106,c014,mobile,5.3.0,2026-08-26T21:26:06Z,25
s017437,u0759,c001,mobile,5.3.0,2026-08-26T21:28:12Z,26
s017438,u0805,c051,mobile,5.3.0,2026-08-26T21:28:17Z,8
s017439,u0524,c030,tv,,2026-08-26T21:28:34Z,109
s017440,u0968,c059,mobile,5.3.0,2026-08-26T21:30:25Z,15
s017441,u0041,c015,web,,2026-08-26T21:30:28Z,35
s017442,u0318,c016,tv,,2026-08-26T21:32:52Z,94
s017443,u0164,c001,tv,,2026-08-26T21:33:18Z,17
s017444,u0789,c001,mobile,5.3.0,2026-08-26T21:33:59Z,35
s017445,u0157,c016,mobile,5.3.0,2026-08-26T21:35:40Z,25
s017446,u0016,c001,tv,,2026-08-26T21:35:44Z,28
s017447,u0077,c004,mobile,5.3.0,2026-08-26T21:36:31Z,46
s017448,u1024,c002,web,,2026-08-26T21:36:38Z,16
s017449,u0793,c029,tv,,2026-08-26T21:36:40Z,69
s017450,u0794,c056,mobile,5.3.0,2026-08-26T21:37:02Z,48
s017451,u0593,c001,mobile,5.3.0,2026-08-26T21:37:30Z,79
s017452,u1040,c021,tv,,2026-08-26T21:38:50Z,23
s017453,u0094,c052,web,,2026-08-26T21:39:11Z,107
s017454,u0831,c005,tv,,2026-08-26T21:39:45Z,84
s017455,u0482,c005,tv,,2026-08-26T21:40:21Z,27
s017456,u0893,c021,mobile,5.3.0,2026-08-26T21:40:33Z,19
s017457,u0109,c022,mobile,5.3.0,2026-08-26T21:40:38Z,10
s017458,u0663,c021,web,,2026-08-26T21:40:42Z,51
s017459,u0279,c042,mobile,5.3.0,2026-08-26T21:40:58Z,6
s017460,u0420,c001,web,,2026-08-26T21:40:59Z,19
s017461,u0858,c006,mobile,5.3.0,2026-08-26T21:41:00Z,19
s017462,u0965,c002,mobile,5.3.0,2026-08-26T21:41:41Z,13
s017463,u0399,c012,mobile,5.3.0,2026-08-26T21:42:38Z,21
s017464,u0786,c015,tv,,2026-08-26T21:42:48Z,49
s017465,u0355,c008,web,,2026-08-26T21:42:52Z,136
s017466,u0559,c004,mobile,5.3.0,2026-08-26T21:43:37Z,17
s017467,u0822,c042,web,,2026-08-26T21:43:47Z,37
s017468,u0210,c044,mobile,5.3.0,2026-08-26T21:43:54Z,24
s017469,u0515,c001,tv,,2026-08-26T21:44:02Z,90
s017470,u0154,c009,web,,2026-08-26T21:44:13Z,82
s017471,u0868,c003,mobile,5.3.0,2026-08-26T21:45:07Z,4
s017472,u0529,c003,mobile,5.3.0,2026-08-26T21:45:52Z,16
s017473,u0479,c013,mobile,5.3.0,2026-08-26T21:45:58Z,33
s017474,u0608,c008,web,,2026-08-26T21:46:23Z,38
s017475,u0643,c001,tv,,2026-08-26T21:46:37Z,70
s017476,u0418,c004,mobile,5.3.0,2026-08-26T21:47:11Z,44
s017477,u1024,c006,web,,2026-08-26T21:47:35Z,20
s017478,u0155,c049,tv,,2026-08-26T21:48:36Z,86
s017479,u0725,c003,mobile,5.3.0,2026-08-26T21:48:57Z,27
s017480,u0882,c003,web,,2026-08-26T21:49:33Z,24
s017481,u0639,c001,web,,2026-08-26T21:50:04Z,35
s017482,u0060,c015,tv,,2026-08-26T21:51:37Z,190
s017483,u0042,c011,tv,,2026-08-26T21:51:47Z,65
s017484,u0035,c003,web,,2026-08-26T21:52:11Z,24
s017485,u0150,c019,tv,,2026-08-26T21:52:33Z,50
s017486,u0551,c039,mobile,5.3.0,2026-08-26T21:53:01Z,32
s017487,u0189,c010,tv,,2026-08-26T21:53:10Z,22
s017488,u0043,c019,mobile,5.3.0,2026-08-26T21:53:21Z,23
s017489,u0658,c025,mobile,5.3.0,2026-08-26T21:53:30Z,10
s017490,u0704,c002,web,,2026-08-26T21:53:33Z,23
s017491,u0630,c015,mobile,5.3.0,2026-08-26T21:57:04Z,14
s017492,u0389,c003,web,,2026-08-26T21:57:42Z,57
s017493,u0491,c005,web,,2026-08-26T21:57:55Z,116
s017494,u0090,c005,tv,,2026-08-26T21:58:45Z,23
s017495,u0702,c014,tv,,2026-08-26T21:58:46Z,29
s017496,u0251,c004,web,,2026-08-26T21:59:19Z,19
s017497,u0796,c006,mobile,5.3.0,2026-08-26T23:00:50Z,17
s017498,u0021,c003,tv,,2026-08-26T23:03:25Z,49
s017499,u0635,c030,web,,2026-08-26T23:03:46Z,29
s017500,u0970,c001,mobile,5.3.0,2026-08-26T23:05:58Z,8
s017501,u0794,c001,mobile,5.3.0,2026-08-26T23:07:17Z,13
s017502,u0017,c005,tv,,2026-08-26T23:08:42Z,49
s017503,u1040,c007,mobile,5.3.0,2026-08-26T23:08:53Z,19
s017504,u0227,c002,tv,,2026-08-26T23:11:06Z,180
s017505,u0080,c002,tv,,2026-08-26T23:11:36Z,92
s017506,u1134,c015,web,,2026-08-26T23:14:11Z,36
s017507,u0652,c007,web,,2026-08-26T23:14:22Z,65
s017508,u0772,c017,mobile,5.3.0,2026-08-26T23:16:19Z,18
s017509,u0067,c049,tv,,2026-08-26T23:16:37Z,94
s017510,u0460,c014,mobile,5.3.0,2026-08-26T23:16:44Z,14
s017511,u0905,c005,mobile,5.3.0,2026-08-26T23:18:19Z,8
s017512,u0166,c010,tv,,2026-08-26T23:19:25Z,25
s017513,u0035,c002,web,,2026-08-26T23:21:35Z,100
s017514,u0445,c002,mobile,5.3.0,2026-08-26T23:21:45Z,17
s017515,u0160,c002,tv,,2026-08-26T23:22:31Z,23
s017516,u0949,c005,mobile,5.3.0,2026-08-26T23:23:33Z,7
s017517,u0766,c012,mobile,5.3.0,2026-08-26T23:23:35Z,22
s017518,u0670,c001,tv,,2026-08-26T23:24:25Z,33
s017519,u0385,c016,web,,2026-08-26T23:24:46Z,32
s017520,u0222,c041,mobile,5.3.0,2026-08-26T23:25:28Z,16
s017521,u0131,c002,mobile,5.3.0,2026-08-26T23:25:58Z,87
s017522,u0592,c003,web,,2026-08-26T23:28:21Z,72
s017523,u0265,c007,tv,,2026-08-26T23:29:23Z,104
s017524,u0491,c001,tv,,2026-08-26T23:33:06Z,60
s017525,u0590,c005,tv,,2026-08-26T23:37:30Z,26
s017526,u1025,c011,mobile,5.3.0,2026-08-26T23:38:48Z,6
s017527,u0292,c005,tv,,2026-08-26T23:39:00Z,31
s017528,u0313,c029,tv,,2026-08-26T23:40:12Z,44
s017529,u0488,c055,mobile,5.3.0,2026-08-26T23:40:21Z,17
s017530,u0412,c043,web,,2026-08-26T23:40:29Z,111
s017531,u0554,c005,web,,2026-08-26T23:42:01Z,51
s017532,u0678,c001,mobile,5.3.0,2026-08-26T23:42:46Z,13
s017533,u0703,c001,web,,2026-08-26T23:45:04Z,31
s017534,u0448,c038,mobile,5.3.0,2026-08-26T23:46:33Z,33
s017535,u0218,c013,mobile,5.3.0,2026-08-26T23:47:46Z,34
s017536,u0028,c055,tv,,2026-08-26T23:48:00Z,90
s017537,u0586,c018,mobile,5.3.0,2026-08-26T23:48:18Z,25
s017538,u0566,c016,mobile,5.3.0,2026-08-26T23:48:57Z,19
s017539,u0643,c023,tv,,2026-08-26T23:52:37Z,67
s017540,u0524,c003,mobile,5.3.0,2026-08-26T23:56:34Z,61
s017541,u0182,c029,web,,2026-08-27T08:08:07Z,25
s017542,u0662,c005,web,,2026-08-27T08:10:17Z,25
s017543,u0575,c005,tv,,2026-08-27T08:16:15Z,140
s017544,u0003,c004,mobile,5.3.0,2026-08-27T08:20:35Z,14
s017545,u0933,c006,mobile,5.3.0,2026-08-27T08:23:02Z,10
s017546,u0159,c046,tv,,2026-08-27T08:30:59Z,23
s017547,u0472,c003,mobile,5.3.0,2026-08-27T08:37:37Z,30
s017548,u0172,c039,web,,2026-08-27T08:38:55Z,22
s017549,u0437,c001,mobile,5.3.0,2026-08-27T08:40:44Z,14
s017550,u0700,c055,web,,2026-08-27T08:47:56Z,50
s017551,u0126,c003,tv,,2026-08-27T08:58:23Z,39
s017552,u0840,c035,tv,,2026-08-27T12:04:21Z,112
s017553,u0536,c001,tv,,2026-08-27T12:04:37Z,196
s017554,u0801,c001,web,,2026-08-27T12:07:41Z,31
s017555,u0554,c012,web,,2026-08-27T12:09:49Z,59
s017556,u0415,c027,tv,,2026-08-27T12:09:53Z,48
s017557,u0676,c001,tv,,2026-08-27T12:11:36Z,124
s017558,u0151,c034,mobile,5.3.0,2026-08-27T12:17:39Z,28
s017559,u1065,c026,mobile,5.3.0,2026-08-27T12:19:08Z,14
s017560,u0381,c001,mobile,5.3.0,2026-08-27T12:19:27Z,112
s017561,u0772,c035,mobile,5.3.0,2026-08-27T12:19:38Z,154
s017562,u0200,c030,mobile,5.3.0,2026-08-27T12:20:46Z,78
s017563,u0945,c003,mobile,5.3.0,2026-08-27T12:22:35Z,8
s017564,u0893,c010,mobile,5.3.0,2026-08-27T12:23:32Z,17
s017565,u0027,c038,tv,,2026-08-27T12:27:05Z,75
s017566,u0029,c019,tv,,2026-08-27T12:28:22Z,233
s017567,u0983,c028,mobile,5.3.0,2026-08-27T12:31:57Z,17
s017568,u0760,c043,mobile,5.3.0,2026-08-27T12:32:47Z,38
s017569,u0421,c001,mobile,5.3.0,2026-08-27T12:33:13Z,14
s017570,u1088,c004,mobile,5.3.0,2026-08-27T12:33:55Z,34
s017571,u0138,c023,mobile,5.3.0,2026-08-27T12:34:23Z,9
s017572,u0446,c005,mobile,5.3.0,2026-08-27T12:34:42Z,55
s017573,u0146,c027,mobile,5.3.0,2026-08-27T12:40:55Z,32
s017574,u0407,c033,mobile,5.3.0,2026-08-27T12:42:23Z,31
s017575,u0372,c012,mobile,5.3.0,2026-08-27T12:43:20Z,13
s017576,u0844,c001,web,,2026-08-27T12:44:57Z,17
s017577,u0197,c039,mobile,5.3.0,2026-08-27T12:46:30Z,27
s017578,u0698,c006,mobile,5.3.0,2026-08-27T12:47:10Z,15
s017579,u0203,c027,mobile,5.3.0,2026-08-27T12:47:13Z,85
s017580,u0663,c002,mobile,5.3.0,2026-08-27T12:47:15Z,35
s017581,u0576,c004,web,,2026-08-27T12:48:09Z,126
s017582,u0216,c034,mobile,5.3.0,2026-08-27T12:48:22Z,45
s017583,u0314,c057,tv,,2026-08-27T12:50:00Z,53
s017584,u0491,c017,web,,2026-08-27T12:50:25Z,38
s017585,u1067,c001,web,,2026-08-27T12:51:17Z,22
s017586,u0104,c001,web,,2026-08-27T12:51:41Z,4
s017587,u0028,c001,tv,,2026-08-27T12:53:00Z,29
s017588,u0385,c002,web,,2026-08-27T12:55:06Z,60
s017589,u0355,c005,web,,2026-08-27T12:56:10Z,64
s017590,u0186,c036,mobile,5.3.0,2026-08-27T12:59:17Z,21
s017591,u0505,c007,tv,,2026-08-27T17:00:33Z,54
s017592,u0103,c011,tv,,2026-08-27T17:01:56Z,28
s017593,u0609,c013,mobile,5.3.0,2026-08-27T17:03:10Z,18
s017594,u0630,c037,mobile,5.3.0,2026-08-27T17:07:17Z,19
s017595,u0638,c047,mobile,5.3.0,2026-08-27T17:07:48Z,44
s017596,u0947,c011,mobile,5.3.0,2026-08-27T17:07:55Z,31
s017597,u0386,c030,mobile,5.3.0,2026-08-27T17:09:09Z,45
s017598,u0620,c002,tv,,2026-08-27T17:11:11Z,23
s017599,u0173,c003,tv,,2026-08-27T17:11:30Z,19
s017600,u0038,c001,tv,,2026-08-27T17:12:07Z,200
s017601,u0981,c026,mobile,5.3.0,2026-08-27T17:13:13Z,12
s017602,u1072,c049,mobile,5.3.0,2026-08-27T17:15:13Z,25
s017603,u0190,c002,tv,,2026-08-27T17:15:56Z,120
s017604,u0027,c023,tv,,2026-08-27T17:16:09Z,25
s017605,u0484,c003,tv,,2026-08-27T17:16:12Z,34
s017606,u0179,c012,tv,,2026-08-27T17:16:29Z,53
s017607,u0739,c004,tv,,2026-08-27T17:17:03Z,60
s017608,u0722,c018,mobile,5.3.0,2026-08-27T17:17:06Z,12
s017609,u0189,c018,mobile,5.3.0,2026-08-27T17:17:36Z,43
s017610,u0047,c031,mobile,5.3.0,2026-08-27T17:20:39Z,56
s017611,u0493,c058,mobile,5.3.0,2026-08-27T17:22:10Z,14
s017612,u0723,c005,mobile,5.3.0,2026-08-27T17:26:11Z,18
s017613,u1020,c006,web,,2026-08-27T17:26:46Z,13
s017614,u0586,c001,tv,,2026-08-27T17:33:46Z,82
s017615,u0562,c014,mobile,5.3.0,2026-08-27T17:33:49Z,3
s017616,u0805,c012,mobile,5.3.0,2026-08-27T17:35:42Z,25
s017617,u0779,c007,web,,2026-08-27T17:38:01Z,25
s017618,u0690,c003,mobile,5.3.0,2026-08-27T17:40:57Z,10
s017619,u0028,c011,tv,,2026-08-27T17:42:17Z,5
s017620,u0925,c021,mobile,5.3.0,2026-08-27T17:43:57Z,19
s017621,u0189,c014,mobile,5.3.0,2026-08-27T17:46:15Z,7
s017622,u0766,c026,mobile,5.3.0,2026-08-27T17:46:40Z,6
s017623,u0641,c056,web,,2026-08-27T17:47:18Z,16
s017624,u0115,c031,mobile,5.3.0,2026-08-27T17:47:21Z,23
s017625,u1013,c006,mobile,5.3.0,2026-08-27T17:49:53Z,55
s017626,u0454,c001,tv,,2026-08-27T17:52:35Z,16
s017627,u0925,c001,mobile,5.3.0,2026-08-27T17:53:07Z,9
s017628,u0028,c007,tv,,2026-08-27T17:54:42Z,55
s017629,u0452,c049,mobile,5.3.0,2026-08-27T17:54:50Z,33
s017630,u0522,c001,web,,2026-08-27T17:56:37Z,20
s017631,u0505,c014,web,,2026-08-27T17:57:13Z,39
s017632,u0479,c017,tv,,2026-08-27T17:57:59Z,13
s017633,u0067,c001,tv,,2026-08-27T17:58:27Z,41
s017634,u0080,c054,tv,,2026-08-27T17:59:06Z,67
s017635,u0950,c014,tv,,2026-08-27T19:00:14Z,16
s017636,u0588,c005,web,,2026-08-27T19:00:16Z,25
s017637,u0656,c001,tv,,2026-08-27T19:00:28Z,46
s017638,u0463,c001,mobile,5.3.0,2026-08-27T19:01:37Z,26
s017639,u0111,c026,mobile,5.3.0,2026-08-27T19:02:23Z,15
s017640,u0819,c005,tv,,2026-08-27T19:03:02Z,70
s017641,u0570,c008,mobile,5.3.0,2026-08-27T19:04:01Z,42
s017642,u0687,c001,mobile,5.3.0,2026-08-27T19:04:50Z,10
s017643,u0682,c002,web,,2026-08-27T19:05:11Z,60
s017644,u0226,c016,mobile,5.3.0,2026-08-27T19:05:13Z,24
s017645,u0993,c001,mobile,5.3.0,2026-08-27T19:05:24Z,6
s017646,u0593,c008,mobile,5.3.0,2026-08-27T19:06:29Z,39
s017647,u0442,c014,tv,,2026-08-27T19:07:05Z,42
s017648,u0615,c001,mobile,5.3.0,2026-08-27T19:07:31Z,32
s017649,u0617,c054,tv,,2026-08-27T19:09:10Z,71
s017650,u1024,c002,tv,,2026-08-27T19:10:30Z,22
s017651,u0658,c003,mobile,5.3.0,2026-08-27T19:11:54Z,7
s017652,u0952,c056,mobile,5.3.0,2026-08-27T19:12:25Z,22
s017653,u0157,c047,web,,2026-08-27T19:14:19Z,70
s017654,u0317,c006,tv,,2026-08-27T19:14:21Z,48
s017655,u0840,c010,tv,,2026-08-27T19:14:32Z,77
s017656,u0189,c024,mobile,5.3.0,2026-08-27T19:15:04Z,8
s017657,u0195,c004,web,,2026-08-27T19:15:42Z,18
s017658,u0165,c012,mobile,5.3.0,2026-08-27T19:15:54Z,47
s017659,u0260,c005,mobile,5.3.0,2026-08-27T19:16:48Z,24
s017660,u0954,c010,mobile,5.3.0,2026-08-27T19:17:27Z,15
s017661,u0958,c046,tv,,2026-08-27T19:17:39Z,11
s017662,u1092,c024,tv,,2026-08-27T19:17:57Z,41
s017663,u0191,c048,web,,2026-08-27T19:18:06Z,28
s017664,u0111,c028,mobile,5.3.0,2026-08-27T19:19:13Z,25
s017665,u0689,c045,tv,,2026-08-27T19:19:42Z,82
s017666,u0721,c001,web,,2026-08-27T19:19:54Z,14
s017667,u1021,c001,mobile,5.3.0,2026-08-27T19:20:01Z,11
s017668,u0179,c001,tv,,2026-08-27T19:20:26Z,48
s017669,u0878,c013,mobile,5.3.0,2026-08-27T19:20:27Z,29
s017670,u0930,c003,mobile,5.3.0,2026-08-27T19:20:57Z,10
s017671,u0193,c003,web,,2026-08-27T19:21:07Z,33
s017672,u0560,c003,mobile,5.3.0,2026-08-27T19:21:19Z,12
s017673,u0631,c048,mobile,5.3.0,2026-08-27T19:21:25Z,38
s017674,u0288,c002,web,,2026-08-27T19:21:58Z,48
s017675,u0190,c015,mobile,5.3.0,2026-08-27T19:22:00Z,43
s017676,u0997,c008,tv,,2026-08-27T19:22:15Z,36
s017677,u0295,c006,mobile,5.3.0,2026-08-27T19:22:48Z,44
s017678,u0458,c001,web,,2026-08-27T19:23:05Z,35
s017679,u0068,c005,web,,2026-08-27T19:23:06Z,23
s017680,u0385,c001,web,,2026-08-27T19:23:27Z,7
s017681,u0755,c051,tv,,2026-08-27T19:24:27Z,41
s017682,u0472,c001,mobile,5.3.0,2026-08-27T19:24:52Z,14
s017683,u0802,c011,mobile,5.3.0,2026-08-27T19:25:03Z,20
s017684,u0697,c034,web,,2026-08-27T19:25:15Z,36
s017685,u0431,c001,mobile,5.3.0,2026-08-27T19:25:47Z,47
s017686,u0702,c031,web,,2026-08-27T19:26:36Z,35
s017687,u0374,c045,web,,2026-08-27T19:26:52Z,53
s017688,u0930,c015,mobile,5.3.0,2026-08-27T19:27:24Z,15
s017689,u0154,c021,web,,2026-08-27T19:27:26Z,36
s017690,u0307,c002,mobile,5.3.0,2026-08-27T19:27:51Z,13
s017691,u0694,c008,mobile,5.3.0,2026-08-27T19:28:02Z,25
s017692,u0021,c058,tv,,2026-08-27T19:28:59Z,28
s017693,u0244,c014,mobile,5.3.0,2026-08-27T19:28:59Z,59
s017694,u0689,c005,tv,,2026-08-27T19:29:41Z,90
s017695,u0523,c001,web,,2026-08-27T19:29:54Z,23
s017696,u0513,c050,web,,2026-08-27T19:31:07Z,37
s017697,u0112,c005,tv,,2026-08-27T19:31:40Z,83
s017698,u0626,c052,web,,2026-08-27T19:32:34Z,8
s017699,u0324,c004,tv,,2026-08-27T19:32:49Z,47
s017700,u1065,c001,mobile,5.3.0,2026-08-27T19:33:12Z,20
s017701,u0218,c010,mobile,5.3.0,2026-08-27T19:33:40Z,14
s017702,u0177,c020,tv,,2026-08-27T19:33:55Z,31
s017703,u0804,c028,tv,,2026-08-27T19:34:00Z,29
s017704,u0762,c038,tv,,2026-08-27T19:34:03Z,11
s017705,u0245,c003,mobile,5.3.0,2026-08-27T19:34:17Z,39
s017706,u0210,c015,web,,2026-08-27T19:34:48Z,149
s017707,u0185,c008,tv,,2026-08-27T19:34:53Z,31
s017708,u0351,c002,tv,,2026-08-27T19:35:41Z,115
s017709,u0547,c016,mobile,5.3.0,2026-08-27T19:36:21Z,23
s017710,u0707,c018,web,,2026-08-27T19:37:32Z,47
s017711,u0658,c001,mobile,5.3.0,2026-08-27T19:38:12Z,4
s017712,u0039,c002,mobile,5.3.0,2026-08-27T19:38:18Z,20
s017713,u0090,c021,tv,,2026-08-27T19:38:27Z,16
s017714,u0997,c045,mobile,5.3.0,2026-08-27T19:38:30Z,29
s017715,u0630,c002,mobile,5.3.0,2026-08-27T19:38:40Z,8
s017716,u0223,c049,tv,,2026-08-27T19:38:53Z,36
s017717,u1020,c025,web,,2026-08-27T19:40:45Z,106
s017718,u0218,c019,mobile,5.3.0,2026-08-27T19:41:32Z,34
s017719,u0577,c038,tv,,2026-08-27T19:42:22Z,28
s017720,u0574,c001,mobile,5.3.0,2026-08-27T19:43:12Z,19
s017721,u0130,c028,tv,,2026-08-27T19:43:50Z,38
s017722,u0249,c003,tv,,2026-08-27T19:44:50Z,32
s017723,u1081,c008,mobile,5.3.0,2026-08-27T19:45:00Z,17
s017724,u0520,c042,web,,2026-08-27T19:45:55Z,23
s017725,u0047,c030,mobile,5.3.0,2026-08-27T19:46:56Z,10
s017726,u0181,c005,web,,2026-08-27T19:47:12Z,23
s017727,u0405,c038,mobile,5.3.0,2026-08-27T19:47:24Z,6
s017728,u0662,c007,web,,2026-08-27T19:47:39Z,45
s017729,u0739,c008,tv,,2026-08-27T19:50:20Z,26
s017730,u0593,c038,mobile,5.3.0,2026-08-27T19:50:23Z,24
s017731,u0049,c006,web,,2026-08-27T19:50:49Z,10
s017732,u0197,c015,web,,2026-08-27T19:51:00Z,52
s017733,u0288,c034,tv,,2026-08-27T19:51:08Z,22
s017734,u0377,c002,mobile,5.3.0,2026-08-27T19:51:36Z,84
s017735,u0396,c004,tv,,2026-08-27T19:52:18Z,49
s017736,u0714,c002,mobile,5.3.0,2026-08-27T19:52:57Z,4
s017737,u0345,c001,web,,2026-08-27T19:53:29Z,36
s017738,u0372,c003,mobile,5.3.0,2026-08-27T19:53:55Z,19
s017739,u1037,c019,web,,2026-08-27T19:54:48Z,41
s017740,u0554,c034,web,,2026-08-27T19:54:51Z,42
s017741,u0930,c049,web,,2026-08-27T19:55:03Z,46
s017742,u0138,c001,mobile,5.3.0,2026-08-27T19:55:10Z,34
s017743,u0586,c002,mobile,5.3.0,2026-08-27T19:56:07Z,32
s017744,u0287,c002,mobile,5.3.0,2026-08-27T19:56:33Z,45
s017745,u0699,c001,mobile,5.3.0,2026-08-27T19:56:43Z,28
s017746,u0365,c035,tv,,2026-08-27T19:57:25Z,62
s017747,u0437,c032,mobile,5.3.0,2026-08-27T19:58:47Z,37
s017748,u0628,c002,tv,,2026-08-27T19:59:33Z,100
s017749,u0967,c050,mobile,5.3.0,2026-08-27T21:01:32Z,30
s017750,u0378,c024,mobile,5.3.0,2026-08-27T21:01:39Z,49
s017751,u0686,c003,tv,,2026-08-27T21:02:01Z,37
s017752,u0809,c045,tv,,2026-08-27T21:02:21Z,44
s017753,u1026,c024,mobile,5.3.0,2026-08-27T21:02:33Z,17
s017754,u0710,c018,tv,,2026-08-27T21:02:49Z,20
s017755,u0345,c002,web,,2026-08-27T21:03:17Z,42
s017756,u0426,c028,mobile,5.3.0,2026-08-27T21:03:53Z,17
s017757,u0190,c009,mobile,5.3.0,2026-08-27T21:04:48Z,67
s017758,u0739,c001,web,,2026-08-27T21:05:17Z,71
s017759,u0383,c019,web,,2026-08-27T21:06:21Z,39
s017760,u0683,c032,mobile,5.3.0,2026-08-27T21:07:39Z,38
s017761,u0246,c032,mobile,5.3.0,2026-08-27T21:07:43Z,17
s017762,u0189,c009,mobile,5.3.0,2026-08-27T21:08:12Z,10
s017763,u1047,c049,tv,,2026-08-27T21:09:15Z,29
s017764,u0305,c014,tv,,2026-08-27T21:09:47Z,46
s017765,u0307,c021,mobile,5.3.0,2026-08-27T21:10:10Z,27
s017766,u0584,c004,web,,2026-08-27T21:10:38Z,62
s017767,u0421,c018,mobile,5.3.0,2026-08-27T21:10:39Z,28
s017768,u0697,c022,web,,2026-08-27T21:10:48Z,35
s017769,u0368,c041,mobile,5.3.0,2026-08-27T21:10:49Z,49
s017770,u0994,c002,mobile,5.3.0,2026-08-27T21:12:18Z,22
s017771,u0409,c038,web,,2026-08-27T21:13:17Z,60
s017772,u0155,c010,web,,2026-08-27T21:14:15Z,36
s017773,u0898,c022,web,,2026-08-27T21:15:09Z,83
s017774,u0587,c009,mobile,5.3.0,2026-08-27T21:15:21Z,10
s017775,u0760,c003,mobile,5.3.0,2026-08-27T21:17:01Z,22
s017776,u0455,c020,tv,,2026-08-27T21:18:19Z,22
s017777,u0977,c001,tv,,2026-08-27T21:18:19Z,41
s017778,u0783,c001,tv,,2026-08-27T21:18:29Z,35
s017779,u0675,c054,tv,,2026-08-27T21:19:49Z,51
s017780,u0083,c013,mobile,5.3.0,2026-08-27T21:20:37Z,27
s017781,u0576,c037,web,,2026-08-27T21:21:34Z,24
s017782,u0565,c001,mobile,5.3.0,2026-08-27T21:22:30Z,46
s017783,u0523,c011,web,,2026-08-27T21:22:47Z,58
s017784,u1120,c020,web,,2026-08-27T21:24:32Z,6
s017785,u0313,c014,tv,,2026-08-27T21:24:53Z,53
s017786,u0662,c009,web,,2026-08-27T21:25:16Z,44
s017787,u0725,c011,mobile,5.3.0,2026-08-27T21:25:34Z,19
s017788,u0012,c027,web,,2026-08-27T21:26:23Z,29
s017789,u0087,c025,mobile,5.3.0,2026-08-27T21:26:26Z,21
s017790,u0577,c003,tv,,2026-08-27T21:26:56Z,27
s017791,u0283,c038,mobile,5.3.0,2026-08-27T21:27:13Z,32
s017792,u0994,c004,mobile,5.3.0,2026-08-27T21:27:20Z,10
s017793,u0112,c005,tv,,2026-08-27T21:27:52Z,69
s017794,u0507,c004,tv,,2026-08-27T21:27:59Z,43
s017795,u0366,c054,tv,,2026-08-27T21:29:19Z,89
s017796,u0216,c011,mobile,5.3.0,2026-08-27T21:30:01Z,37
s017797,u0216,c031,mobile,5.3.0,2026-08-27T21:30:49Z,8
s017798,u0066,c002,web,,2026-08-27T21:31:09Z,68
s017799,u0124,c004,mobile,5.3.0,2026-08-27T21:31:21Z,17
s017800,u0774,c001,mobile,5.3.0,2026-08-27T21:31:51Z,11
s017801,u0641,c017,web,,2026-08-27T21:32:03Z,22
s017802,u0031,c032,mobile,5.3.0,2026-08-27T21:32:07Z,12
s017803,u0106,c005,web,,2026-08-27T21:32:30Z,13
s017804,u0219,c001,mobile,5.3.0,2026-08-27T21:32:55Z,27
s017805,u0652,c005,web,,2026-08-27T21:33:08Z,68
s017806,u0711,c001,mobile,5.3.0,2026-08-27T21:33:20Z,14
s017807,u0650,c037,tv,,2026-08-27T21:34:25Z,18
s017808,u0529,c045,web,,2026-08-27T21:34:50Z,25
s017809,u0766,c044,mobile,5.3.0,2026-08-27T21:35:17Z,32
s017810,u0113,c033,tv,,2026-08-27T21:36:17Z,61
s017811,u0173,c004,web,,2026-08-27T21:37:25Z,16
s017812,u0028,c031,tv,,2026-08-27T21:37:43Z,15
s017813,u0151,c010,mobile,5.3.0,2026-08-27T21:39:14Z,17
s017814,u0615,c004,mobile,5.3.0,2026-08-27T21:39:28Z,31
s017815,u0010,c001,mobile,5.3.0,2026-08-27T21:39:39Z,18
s017816,u0086,c015,mobile,5.3.0,2026-08-27T21:40:03Z,21
s017817,u0784,c002,web,,2026-08-27T21:40:14Z,22
s017818,u0826,c013,mobile,5.3.0,2026-08-27T21:40:18Z,29
s017819,u0402,c028,mobile,5.3.0,2026-08-27T21:40:26Z,18
s017820,u0227,c002,mobile,5.3.0,2026-08-27T21:40:35Z,16
s017821,u0766,c029,mobile,5.3.0,2026-08-27T21:40:46Z,26
s017822,u1134,c002,tv,,2026-08-27T21:41:28Z,17
s017823,u0479,c002,mobile,5.3.0,2026-08-27T21:41:59Z,8
s017824,u1018,c001,mobile,5.3.0,2026-08-27T21:42:16Z,20
s017825,u0218,c015,mobile,5.3.0,2026-08-27T21:43:47Z,34
s017826,u0784,c030,web,,2026-08-27T21:44:20Z,13
s017827,u0491,c005,web,,2026-08-27T21:45:23Z,34
s017828,u0480,c001,web,,2026-08-27T21:45:43Z,12
s017829,u0857,c001,mobile,5.3.0,2026-08-27T21:45:54Z,22
s017830,u0307,c055,mobile,5.3.0,2026-08-27T21:45:58Z,26
s017831,u0468,c008,tv,,2026-08-27T21:46:13Z,20
s017832,u1137,c055,mobile,5.3.0,2026-08-27T21:46:25Z,38
s017833,u0042,c028,tv,,2026-08-27T21:48:14Z,29
s017834,u0052,c028,web,,2026-08-27T21:48:59Z,28
s017835,u0826,c035,mobile,5.3.0,2026-08-27T21:49:03Z,21
s017836,u0637,c038,mobile,5.3.0,2026-08-27T21:49:21Z,20
s017837,u0366,c002,mobile,5.3.0,2026-08-27T21:49:36Z,35
s017838,u0420,c033,web,,2026-08-27T21:49:53Z,53
s017839,u0310,c052,tv,,2026-08-27T21:49:58Z,49
s017840,u0658,c003,tv,,2026-08-27T21:50:04Z,18
s017841,u1050,c046,mobile,5.3.0,2026-08-27T21:50:11Z,16
s017842,u0960,c051,mobile,5.3.0,2026-08-27T21:51:24Z,16
s017843,u0352,c002,tv,,2026-08-27T21:51:41Z,32
s017844,u0337,c018,tv,,2026-08-27T21:51:55Z,52
s017845,u0171,c003,mobile,5.3.0,2026-08-27T21:51:59Z,11
s017846,u0225,c003,mobile,5.3.0,2026-08-27T21:52:06Z,17
s017847,u0004,c033,mobile,5.3.0,2026-08-27T21:52:26Z,23
s017848,u0465,c019,web,,2026-08-27T21:52:59Z,117
s017849,u1046,c003,mobile,5.3.0,2026-08-27T21:53:20Z,11
s017850,u0097,c042,mobile,5.3.0,2026-08-27T21:54:15Z,19
s017851,u0655,c023,mobile,5.3.0,2026-08-27T21:54:42Z,16
s017852,u0416,c013,web,,2026-08-27T21:56:13Z,44
s017853,u0420,c003,tv,,2026-08-27T21:56:49Z,30
s017854,u0562,c013,tv,,2026-08-27T21:57:32Z,61
s017855,u1080,c003,tv,,2026-08-27T21:57:44Z,13
s017856,u0211,c023,mobile,5.3.0,2026-08-27T21:57:57Z,17
s017857,u0307,c002,mobile,5.3.0,2026-08-27T21:58:53Z,26
s017858,u0989,c001,web,,2026-08-27T21:59:35Z,27
s017859,u0066,c029,web,,2026-08-27T21:59:58Z,11
s017860,u0443,c030,mobile,5.3.0,2026-08-27T23:00:35Z,9
s017861,u0835,c002,tv,,2026-08-27T23:04:35Z,34
s017862,u0333,c002,mobile,5.3.0,2026-08-27T23:04:58Z,36
s017863,u0817,c015,mobile,5.3.0,2026-08-27T23:06:25Z,24
s017864,u0686,c001,tv,,2026-08-27T23:07:19Z,18
s017865,u0763,c011,web,,2026-08-27T23:07:31Z,73
s017866,u0121,c014,tv,,2026-08-27T23:08:42Z,41
s017867,u0548,c010,tv,,2026-08-27T23:09:18Z,65
s017868,u0697,c003,web,,2026-08-27T23:09:18Z,36
s017869,u0955,c031,web,,2026-08-27T23:09:34Z,54
s017870,u0216,c007,mobile,5.3.0,2026-08-27T23:10:58Z,27
s017871,u0764,c046,mobile,5.3.0,2026-08-27T23:11:07Z,19
s017872,u0536,c012,tv,,2026-08-27T23:11:36Z,22
s017873,u1116,c030,mobile,5.3.0,2026-08-27T23:12:27Z,28
s017874,u0562,c004,tv,,2026-08-27T23:12:57Z,25
s017875,u0064,c024,web,,2026-08-27T23:16:43Z,47
s017876,u0551,c028,mobile,5.3.0,2026-08-27T23:20:25Z,18
s017877,u0169,c001,mobile,5.3.0,2026-08-27T23:20:29Z,31
s017878,u0213,c032,web,,2026-08-27T23:21:17Z,36
s017879,u0313,c039,tv,,2026-08-27T23:23:57Z,25
s017880,u0046,c054,web,,2026-08-27T23:26:57Z,35
s017881,u0183,c008,tv,,2026-08-27T23:31:11Z,25
s017882,u0781,c007,mobile,5.3.0,2026-08-27T23:32:29Z,31
s017883,u0588,c052,web,,2026-08-27T23:32:43Z,79
s017884,u0222,c021,mobile,5.3.0,2026-08-27T23:32:53Z,7
s017885,u0659,c001,web,,2026-08-27T23:33:12Z,49
s017886,u0638,c022,web,,2026-08-27T23:33:48Z,133
s017887,u0448,c043,mobile,5.3.0,2026-08-27T23:36:35Z,52
s017888,u0205,c048,mobile,5.3.0,2026-08-27T23:37:01Z,24
s017889,u0387,c044,web,,2026-08-27T23:37:16Z,59
s017890,u0655,c024,web,,2026-08-27T23:39:41Z,34
s017891,u0430,c023,mobile,5.3.0,2026-08-27T23:40:24Z,29
s017892,u0363,c008,web,,2026-08-27T23:41:50Z,74
s017893,u0571,c028,mobile,5.3.0,2026-08-27T23:44:10Z,41
s017894,u0191,c001,web,,2026-08-27T23:44:49Z,20
s017895,u0286,c006,mobile,5.3.0,2026-08-27T23:45:17Z,32
s017896,u0663,c010,web,,2026-08-27T23:45:19Z,66
s017897,u0616,c001,tv,,2026-08-27T23:46:53Z,23
s017898,u0312,c009,mobile,5.3.0,2026-08-27T23:50:24Z,31
s017899,u1126,c013,web,,2026-08-27T23:53:29Z,81
s017900,u0150,c001,tv,,2026-08-27T23:56:21Z,143
s017901,u1032,c009,mobile,5.3.0,2026-08-27T23:57:49Z,29
s017902,u0692,c006,mobile,5.3.0,2026-08-27T23:59:32Z,14
s017903,u0598,c007,web,,2026-08-28T08:00:14Z,66
s017904,u0837,c001,mobile,5.3.0,2026-08-28T08:28:55Z,42
s017905,u0070,c013,tv,,2026-08-28T08:30:11Z,97
s017906,u0967,c003,mobile,5.3.0,2026-08-28T08:30:47Z,35
s017907,u0356,c026,web,,2026-08-28T08:35:16Z,30
s017908,u0227,c046,mobile,5.3.0,2026-08-28T08:37:17Z,20
s017909,u0279,c056,web,,2026-08-28T08:42:54Z,42
s017910,u0525,c047,web,,2026-08-28T08:43:42Z,20
s017911,u0518,c058,mobile,5.3.0,2026-08-28T08:45:29Z,25
s017912,u0358,c011,tv,,2026-08-28T08:50:07Z,21
s017913,u0287,c025,tv,,2026-08-28T08:52:28Z,49
s017914,u0936,c001,mobile,5.3.0,2026-08-28T08:57:50Z,5
s017915,u0067,c029,mobile,5.3.0,2026-08-28T08:59:44Z,22
s017916,u0546,c002,web,,2026-08-28T12:00:31Z,35
s017917,u0247,c002,mobile,5.3.0,2026-08-28T12:01:06Z,19
s017918,u0309,c059,web,,2026-08-28T12:01:21Z,47
s017919,u0742,c011,tv,,2026-08-28T12:02:51Z,82
s017920,u0982,c057,mobile,5.3.0,2026-08-28T12:03:11Z,14
s017921,u0603,c003,tv,,2026-08-28T12:03:42Z,46
s017922,u0547,c014,mobile,5.3.0,2026-08-28T12:06:38Z,29
s017923,u0382,c032,tv,,2026-08-28T12:07:26Z,56
s017924,u0234,c041,mobile,5.3.0,2026-08-28T12:08:15Z,59
s017925,u0295,c010,mobile,5.3.0,2026-08-28T12:08:28Z,14
s017926,u0655,c040,mobile,5.3.0,2026-08-28T12:12:21Z,40
s017927,u1115,c015,web,,2026-08-28T12:13:04Z,93
s017928,u0329,c001,mobile,5.3.0,2026-08-28T12:16:36Z,38
s017929,u0138,c014,mobile,5.3.0,2026-08-28T12:16:38Z,42
s017930,u0491,c028,web,,2026-08-28T12:17:40Z,27
s017931,u0867,c025,tv,,2026-08-28T12:18:24Z,23
s017932,u0422,c016,tv,,2026-08-28T12:19:06Z,91
s017933,u0687,c003,tv,,2026-08-28T12:19:26Z,19
s017934,u0377,c033,mobile,5.3.0,2026-08-28T12:23:50Z,30
s017935,u0354,c001,mobile,5.3.0,2026-08-28T12:24:09Z,19
s017936,u0451,c014,mobile,5.3.0,2026-08-28T12:27:38Z,30
s017937,u0663,c011,web,,2026-08-28T12:29:42Z,93
s017938,u0676,c021,tv,,2026-08-28T12:30:38Z,32
s017939,u1012,c009,tv,,2026-08-28T12:31:11Z,15
s017940,u0080,c006,tv,,2026-08-28T12:31:14Z,46
s017941,u0343,c024,web,,2026-08-28T12:31:18Z,33
s017942,u0491,c043,web,,2026-08-28T12:31:54Z,8
s017943,u0977,c001,mobile,5.3.0,2026-08-28T12:32:19Z,34
s017944,u0459,c003,web,,2026-08-28T12:33:50Z,38
s017945,u0152,c020,web,,2026-08-28T12:33:57Z,74
s017946,u0681,c013,tv,,2026-08-28T12:36:25Z,60
s017947,u0321,c006,mobile,5.3.0,2026-08-28T12:37:32Z,6
s017948,u0658,c005,mobile,5.3.0,2026-08-28T12:40:18Z,9
s017949,u0704,c046,tv,,2026-08-28T12:40:58Z,68
s017950,u0203,c043,web,,2026-08-28T12:43:50Z,240
s017951,u0826,c012,mobile,5.3.0,2026-08-28T12:44:41Z,12
s017952,u0185,c001,mobile,5.3.0,2026-08-28T12:44:53Z,16
s017953,u0523,c029,web,,2026-08-28T12:45:03Z,22
s017954,u1121,c034,tv,,2026-08-28T12:45:18Z,46
s017955,u0622,c005,mobile,5.3.0,2026-08-28T12:46:15Z,18
s017956,u0743,c026,tv,,2026-08-28T12:46:42Z,16
s017957,u0140,c001,mobile,5.3.0,2026-08-28T12:46:51Z,23
s017958,u0539,c020,web,,2026-08-28T12:50:16Z,22
s017959,u0295,c002,mobile,5.3.0,2026-08-28T12:51:56Z,18
s017960,u0496,c010,mobile,5.3.0,2026-08-28T12:52:33Z,86
s017961,u0275,c038,web,,2026-08-28T12:53:19Z,93
s017962,u0564,c036,web,,2026-08-28T12:54:00Z,11
s017963,u0036,c006,web,,2026-08-28T12:55:30Z,36
s017964,u0289,c023,mobile,5.3.0,2026-08-28T12:55:49Z,25
s017965,u0654,c013,web,,2026-08-28T12:55:53Z,49
s017966,u0121,c014,tv,,2026-08-28T12:57:17Z,29
s017967,u0090,c002,tv,,2026-08-28T12:59:12Z,22
s017968,u0499,c012,web,,2026-08-28T17:00:47Z,37
s017969,u0517,c002,mobile,5.3.0,2026-08-28T17:01:24Z,39
s017970,u0169,c002,mobile,5.3.0,2026-08-28T17:02:30Z,23
s017971,u0253,c003,tv,,2026-08-28T17:04:31Z,19
s017972,u0669,c036,mobile,5.3.0,2026-08-28T17:07:19Z,15
s017973,u0356,c015,web,,2026-08-28T17:08:18Z,73
s017974,u0624,c004,mobile,5.3.0,2026-08-28T17:10:09Z,15
s017975,u0628,c040,tv,,2026-08-28T17:11:08Z,61
s017976,u0064,c017,mobile,5.3.0,2026-08-28T17:12:30Z,45
s017977,u0910,c031,web,,2026-08-28T17:14:06Z,38
s017978,u0042,c034,tv,,2026-08-28T17:15:39Z,81
s017979,u0245,c001,tv,,2026-08-28T17:17:50Z,32
s017980,u0834,c028,mobile,5.3.0,2026-08-28T17:18:29Z,19
s017981,u0834,c005,mobile,5.3.0,2026-08-28T17:20:47Z,32
s017982,u1075,c013,mobile,5.3.0,2026-08-28T17:22:09Z,35
s017983,u0436,c005,mobile,5.3.0,2026-08-28T17:22:48Z,16
s017984,u0190,c001,mobile,5.3.0,2026-08-28T17:24:09Z,47
s017985,u0835,c005,tv,,2026-08-28T17:25:20Z,33
s017986,u0126,c003,web,,2026-08-28T17:25:29Z,12
s017987,u0673,c001,mobile,5.3.0,2026-08-28T17:25:32Z,19
s017988,u0590,c012,tv,,2026-08-28T17:28:36Z,120
s017989,u0110,c023,mobile,5.3.0,2026-08-28T17:29:00Z,45
s017990,u0163,c020,mobile,5.3.0,2026-08-28T17:29:56Z,29
s017991,u0684,c029,web,,2026-08-28T17:30:57Z,9
s017992,u0562,c015,tv,,2026-08-28T17:31:08Z,45
s017993,u0982,c014,mobile,5.3.0,2026-08-28T17:32:05Z,24
s017994,u0309,c005,tv,,2026-08-28T17:33:08Z,49
s017995,u0288,c022,mobile,5.3.0,2026-08-28T17:33:15Z,18
s017996,u0407,c001,mobile,5.3.0,2026-08-28T17:34:06Z,53
s017997,u0444,c001,web,,2026-08-28T17:35:44Z,16
s017998,u0822,c002,web,,2026-08-28T17:37:02Z,66
s017999,u0420,c002,web,,2026-08-28T17:37:46Z,11
s018000,u0964,c003,web,,2026-08-28T17:39:49Z,26
s018001,u0187,c001,web,,2026-08-28T17:42:27Z,19
s018002,u0786,c001,mobile,5.3.0,2026-08-28T17:42:44Z,8
s018003,u0893,c001,mobile,5.3.0,2026-08-28T17:42:45Z,14
s018004,u0945,c035,mobile,5.3.0,2026-08-28T17:43:28Z,5
s018005,u0030,c001,web,,2026-08-28T17:43:34Z,83
s018006,u0008,c004,mobile,5.3.0,2026-08-28T17:43:56Z,40
s018007,u0270,c034,web,,2026-08-28T17:43:56Z,45
s018008,u1133,c056,mobile,5.3.0,2026-08-28T17:44:44Z,10
s018009,u0851,c028,web,,2026-08-28T17:47:17Z,21
s018010,u1024,c016,web,,2026-08-28T17:48:03Z,17
s018011,u0907,c059,mobile,5.3.0,2026-08-28T17:49:58Z,21
s018012,u1043,c001,web,,2026-08-28T17:50:44Z,22
s018013,u0099,c017,web,,2026-08-28T17:50:50Z,26
s018014,u0279,c055,mobile,5.3.0,2026-08-28T17:50:50Z,16
s018015,u0122,c026,web,,2026-08-28T17:51:16Z,41
s018016,u0219,c031,mobile,5.3.0,2026-08-28T17:51:23Z,20
s018017,u0984,c002,mobile,5.3.0,2026-08-28T17:53:43Z,13
s018018,u0204,c016,mobile,5.3.0,2026-08-28T17:54:04Z,16
s018019,u0396,c037,tv,,2026-08-28T17:54:46Z,80
s018020,u0324,c021,tv,,2026-08-28T17:57:19Z,41
s018021,u0814,c028,web,,2026-08-28T17:57:54Z,6
s018022,u0168,c002,tv,,2026-08-28T17:58:07Z,25
s018023,u0495,c003,web,,2026-08-28T17:58:51Z,44
s018024,u0770,c032,tv,,2026-08-28T17:58:58Z,27
s018025,u0827,c006,mobile,5.3.0,2026-08-28T19:00:02Z,31
s018026,u0829,c021,mobile,5.3.0,2026-08-28T19:00:35Z,51
s018027,u0702,c001,web,,2026-08-28T19:02:06Z,54
s018028,u0609,c015,mobile,5.3.0,2026-08-28T19:02:24Z,25
s018029,u0771,c048,tv,,2026-08-28T19:02:29Z,46
s018030,u0365,c021,mobile,5.3.0,2026-08-28T19:03:10Z,37
s018031,u0804,c001,tv,,2026-08-28T19:03:52Z,38
s018032,u0624,c033,mobile,5.3.0,2026-08-28T19:04:05Z,52
s018033,u0707,c004,web,,2026-08-28T19:04:09Z,71
s018034,u0930,c001,mobile,5.3.0,2026-08-28T19:05:04Z,7
s018035,u0692,c002,mobile,5.3.0,2026-08-28T19:05:10Z,21
s018036,u0938,c037,tv,,2026-08-28T19:05:17Z,23
s018037,u0487,c022,tv,,2026-08-28T19:05:36Z,90
s018038,u0878,c057,web,,2026-08-28T19:07:14Z,27
s018039,u0126,c001,tv,,2026-08-28T19:07:27Z,69
s018040,u0905,c002,mobile,5.3.0,2026-08-28T19:07:28Z,6
s018041,u0157,c043,web,,2026-08-28T19:07:52Z,13
s018042,u0191,c011,web,,2026-08-28T19:08:08Z,53
s018043,u1036,c002,mobile,5.3.0,2026-08-28T19:08:13Z,8
s018044,u0251,c013,web,,2026-08-28T19:08:52Z,19
s018045,u0507,c001,web,,2026-08-28T19:09:10Z,25
s018046,u0332,c002,mobile,5.3.0,2026-08-28T19:09:17Z,20
s018047,u0953,c013,mobile,5.3.0,2026-08-28T19:09:47Z,26
s018048,u0198,c001,mobile,5.3.0,2026-08-28T19:10:32Z,8
s018049,u0066,c003,web,,2026-08-28T19:11:52Z,43
s018050,u1001,c005,mobile,5.3.0,2026-08-28T19:13:29Z,9
s018051,u0949,c008,mobile,5.3.0,2026-08-28T19:16:02Z,14
s018052,u0410,c001,web,,2026-08-28T19:16:31Z,35
s018053,u0059,c001,tv,,2026-08-28T19:16:59Z,13
s018054,u0427,c001,web,,2026-08-28T19:17:21Z,51
s018055,u0581,c036,mobile,5.3.0,2026-08-28T19:17:59Z,12
s018056,u0533,c004,web,,2026-08-28T19:18:04Z,30
s018057,u0301,c025,mobile,5.3.0,2026-08-28T19:18:25Z,27
s018058,u0930,c001,mobile,5.3.0,2026-08-28T19:19:33Z,19
s018059,u0671,c018,mobile,5.3.0,2026-08-28T19:19:37Z,15
s018060,u0230,c004,tv,,2026-08-28T19:19:50Z,19
s018061,u0491,c030,web,,2026-08-28T19:20:43Z,55
s018062,u0098,c042,tv,,2026-08-28T19:21:52Z,43
s018063,u0252,c001,mobile,5.3.0,2026-08-28T19:24:14Z,26
s018064,u1091,c003,mobile,5.3.0,2026-08-28T19:25:22Z,26
s018065,u0461,c005,web,,2026-08-28T19:25:37Z,21
s018066,u0038,c030,tv,,2026-08-28T19:25:57Z,240
s018067,u0201,c042,web,,2026-08-28T19:27:38Z,36
s018068,u0758,c001,web,,2026-08-28T19:28:43Z,43
s018069,u0896,c018,mobile,5.3.0,2026-08-28T19:29:30Z,14
s018070,u0312,c002,web,,2026-08-28T19:29:39Z,51
s018071,u0023,c006,mobile,5.3.0,2026-08-28T19:30:10Z,11
s018072,u0679,c032,mobile,5.3.0,2026-08-28T19:30:15Z,27
s018073,u0739,c038,tv,,2026-08-28T19:30:39Z,58
s018074,u1013,c012,mobile,5.3.0,2026-08-28T19:31:21Z,6
s018075,u0289,c005,mobile,5.3.0,2026-08-28T19:32:20Z,15
s018076,u0130,c001,tv,,2026-08-28T19:32:23Z,196
s018077,u0287,c029,mobile,5.3.0,2026-08-28T19:34:58Z,15
s018078,u1033,c003,mobile,5.3.0,2026-08-28T19:35:26Z,39
s018079,u0138,c016,tv,,2026-08-28T19:35:50Z,36
s018080,u0826,c010,mobile,5.3.0,2026-08-28T19:39:14Z,12
s018081,u0199,c008,web,,2026-08-28T19:39:29Z,23
s018082,u0434,c042,tv,,2026-08-28T19:40:35Z,43
s018083,u1072,c002,mobile,5.3.0,2026-08-28T19:41:07Z,6
s018084,u0626,c037,mobile,5.3.0,2026-08-28T19:41:52Z,25
s018085,u0718,c018,mobile,5.3.0,2026-08-28T19:43:17Z,11
s018086,u1130,c004,web,,2026-08-28T19:43:38Z,80
s018087,u0666,c033,mobile,5.3.0,2026-08-28T19:44:35Z,9
s018088,u0623,c015,web,,2026-08-28T19:45:08Z,77
s018089,u0867,c028,mobile,5.3.0,2026-08-28T19:45:31Z,11
s018090,u0203,c022,mobile,5.3.0,2026-08-28T19:45:52Z,15
s018091,u0706,c003,web,,2026-08-28T19:46:38Z,14
s018092,u0383,c001,web,,2026-08-28T19:47:31Z,41
s018093,u0808,c008,tv,,2026-08-28T19:47:44Z,40
s018094,u0547,c006,mobile,5.3.0,2026-08-28T19:50:09Z,9
s018095,u0943,c056,tv,,2026-08-28T19:50:13Z,35
s018096,u0103,c001,tv,,2026-08-28T19:50:37Z,26
s018097,u1068,c020,mobile,5.3.0,2026-08-28T19:50:57Z,10
s018098,u0267,c016,web,,2026-08-28T19:52:00Z,16
s018099,u0457,c001,tv,,2026-08-28T19:52:42Z,26
s018100,u1006,c044,mobile,5.3.0,2026-08-28T19:52:59Z,15
s018101,u0629,c011,web,,2026-08-28T19:54:53Z,8
s018102,u1121,c010,tv,,2026-08-28T19:55:17Z,12
s018103,u0246,c041,mobile,5.3.0,2026-08-28T19:55:43Z,10
s018104,u0620,c005,tv,,2026-08-28T19:55:45Z,48
s018105,u0826,c002,mobile,5.3.0,2026-08-28T19:56:00Z,14
s018106,u0536,c023,tv,,2026-08-28T19:56:27Z,35
s018107,u0596,c020,mobile,5.3.0,2026-08-28T19:56:36Z,59
s018108,u0700,c013,tv,,2026-08-28T19:56:44Z,49
s018109,u0189,c003,mobile,5.3.0,2026-08-28T19:56:56Z,18
s018110,u0725,c001,mobile,5.3.0,2026-08-28T19:57:41Z,20
s018111,u0211,c002,mobile,5.3.0,2026-08-28T19:58:48Z,22
s018112,u0825,c009,tv,,2026-08-28T19:58:51Z,60
s018113,u0707,c006,mobile,5.3.0,2026-08-28T19:59:13Z,17
s018114,u0259,c025,mobile,5.3.0,2026-08-28T21:00:01Z,27
s018115,u0683,c004,tv,,2026-08-28T21:00:15Z,44
s018116,u0549,c001,tv,,2026-08-28T21:00:31Z,40
s018117,u0609,c047,mobile,5.3.0,2026-08-28T21:00:40Z,14
s018118,u0250,c037,mobile,5.3.0,2026-08-28T21:00:49Z,46
s018119,u1033,c026,web,,2026-08-28T21:01:33Z,28
s018120,u0698,c010,mobile,5.3.0,2026-08-28T21:01:52Z,56
s018121,u0825,c024,tv,,2026-08-28T21:03:27Z,27
s018122,u0105,c001,tv,,2026-08-28T21:03:52Z,185
s018123,u0030,c047,web,,2026-08-28T21:04:42Z,49
s018124,u0892,c003,tv,,2026-08-28T21:04:43Z,22
s018125,u0707,c057,web,,2026-08-28T21:04:44Z,59
s018126,u0887,c003,mobile,5.3.0,2026-08-28T21:05:46Z,23
s018127,u0216,c001,mobile,5.3.0,2026-08-28T21:07:28Z,9
s018128,u0919,c003,web,,2026-08-28T21:07:29Z,14
s018129,u0579,c060,mobile,5.3.0,2026-08-28T21:07:47Z,5
s018130,u0128,c016,mobile,5.3.0,2026-08-28T21:08:22Z,20
s018131,u0136,c038,mobile,5.3.0,2026-08-28T21:09:38Z,57
s018132,u0538,c031,web,,2026-08-28T21:09:41Z,47
s018133,u0330,c016,web,,2026-08-28T21:10:00Z,23
s018134,u1066,c015,mobile,5.3.0,2026-08-28T21:10:56Z,59
s018135,u0551,c012,tv,,2026-08-28T21:11:41Z,22
s018136,u0774,c024,mobile,5.3.0,2026-08-28T21:12:00Z,17
s018137,u0259,c009,mobile,5.3.0,2026-08-28T21:12:41Z,9
s018138,u0198,c054,mobile,5.3.0,2026-08-28T21:13:58Z,15
s018139,u0815,c048,tv,,2026-08-28T21:14:25Z,33
s018140,u0663,c007,tv,,2026-08-28T21:14:28Z,103
s018141,u1107,c006,mobile,5.3.0,2026-08-28T21:14:43Z,25
s018142,u0279,c059,web,,2026-08-28T21:15:30Z,49
s018143,u1041,c008,mobile,5.3.0,2026-08-28T21:15:51Z,18
s018144,u0772,c002,mobile,5.3.0,2026-08-28T21:16:01Z,40
s018145,u0500,c002,tv,,2026-08-28T21:17:21Z,20
s018146,u0403,c042,tv,,2026-08-28T21:19:37Z,63
s018147,u0919,c012,mobile,5.3.0,2026-08-28T21:19:46Z,16
s018148,u0628,c019,tv,,2026-08-28T21:19:52Z,70
s018149,u0104,c020,tv,,2026-08-28T21:20:01Z,80
s018150,u0607,c046,tv,,2026-08-28T21:20:10Z,58
s018151,u0518,c001,mobile,5.3.0,2026-08-28T21:21:08Z,20
s018152,u0616,c011,mobile,5.3.0,2026-08-28T21:21:46Z,42
s018153,u0122,c001,tv,,2026-08-28T21:22:23Z,39
s018154,u0629,c003,tv,,2026-08-28T21:23:54Z,27
s018155,u0660,c013,mobile,5.3.0,2026-08-28T21:24:22Z,26
s018156,u0234,c004,mobile,5.3.0,2026-08-28T21:25:43Z,18
s018157,u0994,c027,mobile,5.3.0,2026-08-28T21:26:09Z,15
s018158,u0656,c042,tv,,2026-08-28T21:26:10Z,132
s018159,u0366,c003,mobile,5.3.0,2026-08-28T21:26:20Z,17
s018160,u0375,c003,tv,,2026-08-28T21:27:27Z,19
s018161,u0771,c043,tv,,2026-08-28T21:27:58Z,30
s018162,u0851,c010,mobile,5.3.0,2026-08-28T21:28:08Z,23
s018163,u0129,c009,web,,2026-08-28T21:31:19Z,21
s018164,u0185,c002,web,,2026-08-28T21:31:36Z,9
s018165,u0058,c016,mobile,5.3.0,2026-08-28T21:31:41Z,30
s018166,u0716,c019,tv,,2026-08-28T21:31:55Z,33
s018167,u0178,c011,web,,2026-08-28T21:32:12Z,74
s018168,u0138,c038,mobile,5.3.0,2026-08-28T21:32:32Z,35
s018169,u0689,c001,tv,,2026-08-28T21:32:53Z,15
s018170,u0744,c016,tv,,2026-08-28T21:33:41Z,44
s018171,u0431,c016,mobile,5.3.0,2026-08-28T21:33:56Z,11
s018172,u0763,c032,mobile,5.3.0,2026-08-28T21:33:58Z,95
s018173,u0722,c002,mobile,5.3.0,2026-08-28T21:34:14Z,66
s018174,u0973,c006,mobile,5.3.0,2026-08-28T21:34:28Z,35
s018175,u0455,c043,web,,2026-08-28T21:35:20Z,20
s018176,u0027,c001,web,,2026-08-28T21:35:40Z,31
s018177,u0090,c009,mobile,5.3.0,2026-08-28T21:37:08Z,12
s018178,u0761,c014,tv,,2026-08-28T21:37:08Z,18
s018179,u0911,c028,mobile,5.3.0,2026-08-28T21:37:20Z,16
s018180,u0688,c009,mobile,5.3.0,2026-08-28T21:37:29Z,55
s018181,u1043,c006,web,,2026-08-28T21:37:33Z,4
s018182,u0366,c028,mobile,5.3.0,2026-08-28T21:37:38Z,16
s018183,u0822,c002,web,,2026-08-28T21:38:25Z,148
s018184,u1134,c009,tv,,2026-08-28T21:38:34Z,24
s018185,u0432,c023,mobile,5.3.0,2026-08-28T21:38:39Z,55
s018186,u0442,c002,tv,,2026-08-28T21:39:59Z,28
s018187,u0668,c037,mobile,5.3.0,2026-08-28T21:40:20Z,31
s018188,u0694,c040,mobile,5.3.0,2026-08-28T21:43:35Z,12
s018189,u0722,c033,mobile,5.3.0,2026-08-28T21:44:07Z,26
s018190,u0106,c025,web,,2026-08-28T21:44:40Z,39
s018191,u0511,c001,tv,,2026-08-28T21:45:24Z,9
s018192,u0609,c036,mobile,5.3.0,2026-08-28T21:46:04Z,7
s018193,u0359,c002,web,,2026-08-28T21:46:10Z,22
s018194,u0203,c006,mobile,5.3.0,2026-08-28T21:47:37Z,57
s018195,u0067,c002,tv,,2026-08-28T21:48:03Z,77
s018196,u1051,c050,mobile,5.3.0,2026-08-28T21:48:07Z,35
s018197,u0659,c057,tv,,2026-08-28T21:48:57Z,95
s018198,u0117,c006,mobile,5.3.0,2026-08-28T21:49:05Z,25
s018199,u1090,c015,mobile,5.3.0,2026-08-28T21:49:43Z,12
s018200,u0111,c002,mobile,5.3.0,2026-08-28T21:49:52Z,12
s018201,u0232,c010,tv,,2026-08-28T21:50:05Z,107
s018202,u0265,c009,tv,,2026-08-28T21:50:46Z,37
s018203,u0663,c052,tv,,2026-08-28T21:52:11Z,97
s018204,u0026,c002,tv,,2026-08-28T21:52:15Z,9
s018205,u0131,c014,mobile,5.3.0,2026-08-28T21:52:20Z,23
s018206,u0774,c001,mobile,5.3.0,2026-08-28T21:52:36Z,17
s018207,u0624,c039,mobile,5.3.0,2026-08-28T21:52:41Z,17
s018208,u0777,c058,tv,,2026-08-28T21:55:31Z,240
s018209,u0374,c001,web,,2026-08-28T21:56:40Z,23
s018210,u0340,c052,tv,,2026-08-28T21:56:54Z,96
s018211,u0997,c015,mobile,5.3.0,2026-08-28T21:57:22Z,21
s018212,u0438,c001,tv,,2026-08-28T21:57:58Z,27
s018213,u0878,c002,mobile,5.3.0,2026-08-28T21:58:53Z,14
s018214,u0711,c005,tv,,2026-08-28T21:59:13Z,15
s018215,u0781,c027,mobile,5.3.0,2026-08-28T21:59:26Z,25
s018216,u0489,c007,mobile,5.3.0,2026-08-28T23:00:29Z,13
s018217,u0115,c002,tv,,2026-08-28T23:01:33Z,24
s018218,u0487,c023,tv,,2026-08-28T23:04:20Z,40
s018219,u0085,c058,mobile,5.3.0,2026-08-28T23:06:08Z,24
s018220,u0772,c005,web,,2026-08-28T23:07:28Z,233
s018221,u0122,c016,tv,,2026-08-28T23:09:02Z,15
s018222,u0376,c002,tv,,2026-08-28T23:09:56Z,37
s018223,u0797,c001,tv,,2026-08-28T23:13:21Z,16
s018224,u0461,c010,web,,2026-08-28T23:13:43Z,48
s018225,u1050,c004,mobile,5.3.0,2026-08-28T23:15:34Z,48
s018226,u0862,c008,tv,,2026-08-28T23:16:44Z,22
s018227,u0434,c020,mobile,5.3.0,2026-08-28T23:18:05Z,26
s018228,u0136,c010,mobile,5.3.0,2026-08-28T23:19:11Z,31
s018229,u0523,c004,web,,2026-08-28T23:19:21Z,47
s018230,u0121,c006,mobile,5.3.0,2026-08-28T23:20:17Z,10
s018231,u0381,c006,web,,2026-08-28T23:21:13Z,73
s018232,u0455,c028,web,,2026-08-28T23:21:23Z,24
s018233,u0393,c059,mobile,5.3.0,2026-08-28T23:23:13Z,62
s018234,u0162,c043,tv,,2026-08-28T23:26:14Z,39
s018235,u0429,c007,tv,,2026-08-28T23:26:28Z,84
s018236,u0274,c015,tv,,2026-08-28T23:26:35Z,120
s018237,u1016,c005,mobile,5.3.0,2026-08-28T23:26:49Z,9
s018238,u0321,c021,web,,2026-08-28T23:28:08Z,21
s018239,u0950,c008,tv,,2026-08-28T23:28:57Z,41
s018240,u0264,c043,mobile,5.3.0,2026-08-28T23:34:28Z,14
s018241,u0175,c045,web,,2026-08-28T23:36:06Z,17
s018242,u0826,c057,mobile,5.3.0,2026-08-28T23:36:42Z,83
s018243,u0741,c027,tv,,2026-08-28T23:37:32Z,100
s018244,u0083,c003,mobile,5.3.0,2026-08-28T23:38:37Z,29
s018245,u0967,c033,mobile,5.3.0,2026-08-28T23:40:11Z,37
s018246,u0458,c008,web,,2026-08-28T23:42:35Z,21
s018247,u0516,c002,mobile,5.3.0,2026-08-28T23:44:54Z,26
s018248,u0037,c028,web,,2026-08-28T23:46:20Z,63
s018249,u0904,c059,mobile,5.3.0,2026-08-28T23:46:56Z,14
s018250,u0031,c001,mobile,5.3.0,2026-08-28T23:50:17Z,12
s018251,u0090,c001,mobile,5.3.0,2026-08-28T23:51:51Z,8
s018252,u0727,c051,mobile,5.3.0,2026-08-28T23:54:15Z,8
s018253,u0830,c017,web,,2026-08-28T23:54:25Z,16
s018254,u0810,c002,mobile,5.3.0,2026-08-28T23:54:36Z,72
s018255,u0031,c053,mobile,5.3.0,2026-08-28T23:55:49Z,14
s018256,u1109,c001,mobile,5.3.0,2026-08-28T23:56:12Z,32
s018257,u0801,c013,web,,2026-08-28T23:57:26Z,25
s018258,u0645,c001,tv,,2026-08-28T23:58:54Z,18
s018259,u0373,c001,web,,2026-08-29T08:01:55Z,39
s018260,u0661,c001,tv,,2026-08-29T08:05:33Z,43
s018261,u0089,c047,tv,,2026-08-29T08:06:02Z,49
s018262,u0658,c001,mobile,5.3.0,2026-08-29T08:11:45Z,13
s018263,u1140,c016,mobile,5.3.0,2026-08-29T08:12:38Z,22
s018264,u0206,c039,mobile,5.3.0,2026-08-29T08:12:52Z,9
s018265,u0779,c009,web,,2026-08-29T08:15:10Z,32
s018266,u0082,c001,mobile,5.3.0,2026-08-29T08:19:56Z,25
s018267,u0744,c004,tv,,2026-08-29T08:20:28Z,18
s018268,u0715,c001,mobile,5.3.0,2026-08-29T08:21:41Z,44
s018269,u1106,c017,mobile,5.3.0,2026-08-29T08:28:07Z,24
s018270,u0217,c015,tv,,2026-08-29T08:28:11Z,91
s018271,u0015,c004,tv,,2026-08-29T08:28:29Z,30
s018272,u0604,c019,tv,,2026-08-29T08:28:33Z,52
s018273,u0340,c014,tv,,2026-08-29T08:32:17Z,54
s018274,u0087,c033,mobile,5.3.0,2026-08-29T08:37:06Z,45
s018275,u0818,c006,mobile,5.3.0,2026-08-29T08:41:54Z,75
s018276,u0291,c004,tv,,2026-08-29T08:46:35Z,25
s018277,u0863,c060,tv,,2026-08-29T08:48:33Z,28
s018278,u0915,c026,tv,,2026-08-29T08:50:26Z,12
s018279,u0997,c024,mobile,5.3.0,2026-08-29T08:52:15Z,12
s018280,u0787,c015,mobile,5.3.0,2026-08-29T08:53:30Z,13
s018281,u0616,c001,mobile,5.3.0,2026-08-29T08:53:42Z,25
s018282,u0289,c006,tv,,2026-08-29T08:53:48Z,18
s018283,u0796,c005,tv,,2026-08-29T08:55:20Z,35
s018284,u1098,c010,mobile,5.3.0,2026-08-29T08:56:56Z,10
s018285,u0184,c017,tv,,2026-08-29T08:58:19Z,18
s018286,u0303,c001,mobile,5.3.0,2026-08-29T12:00:12Z,55
s018287,u0216,c002,mobile,5.3.0,2026-08-29T12:02:32Z,16
s018288,u0359,c007,mobile,5.3.0,2026-08-29T12:02:54Z,23
s018289,u0962,c002,mobile,5.3.0,2026-08-29T12:06:23Z,22
s018290,u0080,c041,tv,,2026-08-29T12:07:45Z,67
s018291,u0920,c049,mobile,5.3.0,2026-08-29T12:07:50Z,17
s018292,u0745,c011,mobile,5.3.0,2026-08-29T12:08:55Z,39
s018293,u0815,c004,mobile,5.3.0,2026-08-29T12:11:04Z,65
s018294,u0656,c051,tv,,2026-08-29T12:12:00Z,200
s018295,u0407,c002,mobile,5.3.0,2026-08-29T12:12:25Z,12
s018296,u0783,c012,tv,,2026-08-29T12:12:30Z,23
s018297,u0488,c001,mobile,5.3.0,2026-08-29T12:18:54Z,21
s018298,u0216,c055,mobile,5.3.0,2026-08-29T12:19:19Z,20
s018299,u0405,c009,web,,2026-08-29T12:19:33Z,25
s018300,u0276,c035,mobile,5.3.0,2026-08-29T12:20:47Z,12
s018301,u0534,c033,tv,,2026-08-29T12:24:05Z,38
s018302,u0539,c001,mobile,5.3.0,2026-08-29T12:25:22Z,10
s018303,u0820,c009,mobile,5.3.0,2026-08-29T12:28:13Z,30
s018304,u1096,c039,tv,,2026-08-29T12:29:28Z,42
s018305,u0530,c002,mobile,5.3.0,2026-08-29T12:31:19Z,9
s018306,u0366,c035,mobile,5.3.0,2026-08-29T12:31:56Z,10
s018307,u0863,c024,tv,,2026-08-29T12:33:00Z,31
s018308,u0338,c002,tv,,2026-08-29T12:35:13Z,43
s018309,u0648,c059,tv,,2026-08-29T12:38:26Z,68
s018310,u0715,c003,mobile,5.3.0,2026-08-29T12:38:48Z,21
s018311,u0109,c001,mobile,5.3.0,2026-08-29T12:39:38Z,27
s018312,u0574,c031,mobile,5.3.0,2026-08-29T12:41:18Z,52
s018313,u0826,c006,mobile,5.3.0,2026-08-29T12:43:36Z,11
s018314,u0036,c058,mobile,5.3.0,2026-08-29T12:43:51Z,22
s018315,u0175,c032,web,,2026-08-29T12:49:02Z,36
s018316,u0027,c051,tv,,2026-08-29T12:51:12Z,30
s018317,u0253,c003,tv,,2026-08-29T12:51:12Z,138
s018318,u0098,c002,tv,,2026-08-29T12:54:07Z,68
s018319,u0785,c001,mobile,5.3.0,2026-08-29T12:58:49Z,16
s018320,u0518,c003,mobile,5.3.0,2026-08-29T12:59:08Z,29
s018321,u0434,c005,mobile,5.3.0,2026-08-29T12:59:32Z,10
s018322,u0204,c001,mobile,5.3.0,2026-08-29T17:00:28Z,42
s018323,u0390,c001,web,,2026-08-29T17:03:51Z,93
s018324,u0721,c023,web,,2026-08-29T17:04:22Z,143
s018325,u0012,c001,web,,2026-08-29T17:06:30Z,33
s018326,u0658,c001,mobile,5.3.0,2026-08-29T17:06:41Z,12
s018327,u0819,c006,tv,,2026-08-29T17:07:46Z,24
s018328,u0283,c005,mobile,5.3.0,2026-08-29T17:10:07Z,34
s018329,u0014,c018,web,,2026-08-29T17:10:40Z,22
s018330,u0332,c018,mobile,5.3.0,2026-08-29T17:11:02Z,9
s018331,u0786,c021,web,,2026-08-29T17:11:09Z,44
s018332,u0307,c024,web,,2026-08-29T17:11:13Z,39
s018333,u0273,c026,web,,2026-08-29T17:11:32Z,168
s018334,u0311,c001,tv,,2026-08-29T17:13:54Z,55
s018335,u0758,c021,tv,,2026-08-29T17:14:40Z,47
s018336,u0850,c018,mobile,5.3.0,2026-08-29T17:14:40Z,13
s018337,u0009,c004,web,,2026-08-29T17:15:02Z,57
s018338,u0771,c037,tv,,2026-08-29T17:16:48Z,19
s018339,u0035,c002,web,,2026-08-29T17:17:47Z,64
s018340,u0288,c024,web,,2026-08-29T17:18:24Z,23
s018341,u0178,c001,web,,2026-08-29T17:22:04Z,78
s018342,u0201,c007,tv,,2026-08-29T17:22:29Z,40
s018343,u0178,c012,web,,2026-08-29T17:23:27Z,27
s018344,u1067,c056,web,,2026-08-29T17:26:03Z,32
s018345,u0452,c014,mobile,5.3.0,2026-08-29T17:26:25Z,70
s018346,u0762,c043,tv,,2026-08-29T17:27:34Z,30
s018347,u0194,c001,web,,2026-08-29T17:27:47Z,15
s018348,u0162,c036,mobile,5.3.0,2026-08-29T17:27:52Z,9
s018349,u0815,c032,mobile,5.3.0,2026-08-29T17:27:56Z,34
s018350,u0266,c003,mobile,5.3.0,2026-08-29T17:29:15Z,16
s018351,u0551,c049,mobile,5.3.0,2026-08-29T17:29:45Z,6
s018352,u1094,c028,mobile,5.3.0,2026-08-29T17:31:32Z,18
s018353,u0606,c002,mobile,5.3.0,2026-08-29T17:32:21Z,12
s018354,u0445,c007,web,,2026-08-29T17:32:40Z,40
s018355,u0058,c019,tv,,2026-08-29T17:39:08Z,111
s018356,u0446,c001,mobile,5.3.0,2026-08-29T17:40:24Z,34
s018357,u0289,c002,tv,,2026-08-29T17:41:14Z,24
s018358,u0722,c046,mobile,5.3.0,2026-08-29T17:41:26Z,52
s018359,u0420,c001,web,,2026-08-29T17:42:05Z,34
s018360,u0119,c002,mobile,5.3.0,2026-08-29T17:42:25Z,8
s018361,u0682,c019,web,,2026-08-29T17:42:41Z,27
s018362,u0463,c002,mobile,5.3.0,2026-08-29T17:42:59Z,16
s018363,u0366,c002,tv,,2026-08-29T17:46:19Z,26
s018364,u0083,c015,mobile,5.3.0,2026-08-29T17:47:47Z,6
s018365,u0406,c002,web,,2026-08-29T17:48:17Z,13
s018366,u0151,c013,mobile,5.3.0,2026-08-29T17:48:50Z,14
s018367,u0655,c002,tv,,2026-08-29T17:50:34Z,34
s018368,u0631,c001,mobile,5.3.0,2026-08-29T17:51:58Z,56
s018369,u0802,c001,mobile,5.3.0,2026-08-29T17:53:10Z,74
s018370,u0004,c015,web,,2026-08-29T17:55:08Z,64
s018371,u0606,c003,mobile,5.3.0,2026-08-29T17:56:39Z,21
s018372,u0796,c002,tv,,2026-08-29T17:57:13Z,13
s018373,u0210,c001,tv,,2026-08-29T17:58:14Z,45
s018374,u0868,c003,mobile,5.3.0,2026-08-29T17:59:05Z,6
s018375,u0945,c024,mobile,5.3.0,2026-08-29T19:00:10Z,7
s018376,u1098,c001,mobile,5.3.0,2026-08-29T19:00:43Z,59
s018377,u0797,c005,tv,,2026-08-29T19:01:54Z,97
s018378,u1088,c014,tv,,2026-08-29T19:03:27Z,29
s018379,u0193,c010,web,,2026-08-29T19:03:46Z,65
s018380,u0330,c002,web,,2026-08-29T19:03:57Z,37
s018381,u1090,c006,mobile,5.3.0,2026-08-29T19:04:49Z,9
s018382,u0126,c046,mobile,5.3.0,2026-08-29T19:05:48Z,16
s018383,u0801,c003,web,,2026-08-29T19:05:49Z,34
s018384,u0205,c009,mobile,5.3.0,2026-08-29T19:06:55Z,38
s018385,u0975,c007,mobile,5.3.0,2026-08-29T19:07:06Z,34
s018386,u0466,c006,tv,,2026-08-29T19:08:08Z,38
s018387,u0872,c004,mobile,5.3.0,2026-08-29T19:08:12Z,7
s018388,u0741,c001,tv,,2026-08-29T19:08:35Z,38
s018389,u0287,c018,web,,2026-08-29T19:08:37Z,20
s018390,u0164,c004,tv,,2026-08-29T19:09:33Z,52
s018391,u0579,c002,web,,2026-08-29T19:09:52Z,19
s018392,u0833,c026,web,,2026-08-29T19:10:11Z,8
s018393,u0774,c006,mobile,5.3.0,2026-08-29T19:11:44Z,11
s018394,u0175,c001,web,,2026-08-29T19:12:20Z,36
s018395,u0088,c031,mobile,5.3.0,2026-08-29T19:12:47Z,31
s018396,u0309,c016,tv,,2026-08-29T19:13:03Z,75
s018397,u0383,c005,web,,2026-08-29T19:13:21Z,24
s018398,u0196,c060,tv,,2026-08-29T19:13:24Z,57
s018399,u0773,c008,mobile,5.3.0,2026-08-29T19:13:49Z,9
s018400,u0420,c046,web,,2026-08-29T19:14:58Z,16
s018401,u0663,c023,mobile,5.3.0,2026-08-29T19:15:25Z,87
s018402,u0704,c001,web,,2026-08-29T19:15:30Z,117
s018403,u0110,c030,mobile,5.3.0,2026-08-29T19:16:01Z,14
s018404,u0115,c001,mobile,5.3.0,2026-08-29T19:16:30Z,16
s018405,u0830,c003,web,,2026-08-29T19:17:52Z,18
s018406,u0366,c001,mobile,5.3.0,2026-08-29T19:17:53Z,6
s018407,u1013,c019,mobile,5.3.0,2026-08-29T19:18:16Z,58
s018408,u0881,c024,mobile,5.3.0,2026-08-29T19:18:58Z,15
s018409,u0989,c046,web,,2026-08-29T19:20:35Z,33
s018410,u0309,c013,tv,,2026-08-29T19:20:41Z,43
s018411,u0360,c018,mobile,5.3.0,2026-08-29T19:20:41Z,34
s018412,u0805,c001,mobile,5.3.0,2026-08-29T19:22:10Z,18
s018413,u0549,c048,tv,,2026-08-29T19:22:59Z,57
s018414,u0283,c003,mobile,5.3.0,2026-08-29T19:23:51Z,14
s018415,u0091,c005,tv,,2026-08-29T19:24:24Z,124
s018416,u0307,c004,mobile,5.3.0,2026-08-29T19:25:06Z,20
s018417,u0190,c004,mobile,5.3.0,2026-08-29T19:26:11Z,51
s018418,u0894,c017,mobile,5.3.0,2026-08-29T19:26:21Z,19
s018419,u0189,c015,mobile,5.3.0,2026-08-29T19:26:29Z,5
s018420,u0162,c020,mobile,5.3.0,2026-08-29T19:27:04Z,12
s018421,u0547,c016,mobile,5.3.0,2026-08-29T19:27:10Z,48
s018422,u0480,c022,web,,2026-08-29T19:27:42Z,46
s018423,u0403,c001,tv,,2026-08-29T19:27:44Z,43
s018424,u0982,c003,web,,2026-08-29T19:27:46Z,17
s018425,u0559,c040,mobile,5.3.0,2026-08-29T19:27:58Z,56
s018426,u0138,c026,web,,2026-08-29T19:28:25Z,61
s018427,u0165,c001,mobile,5.3.0,2026-08-29T19:28:38Z,10
s018428,u0085,c010,mobile,5.3.0,2026-08-29T19:29:12Z,8
s018429,u0732,c014,web,,2026-08-29T19:30:17Z,40
s018430,u1055,c038,mobile,5.3.0,2026-08-29T19:30:27Z,17
s018431,u0190,c021,web,,2026-08-29T19:31:10Z,107
s018432,u0301,c002,mobile,5.3.0,2026-08-29T19:31:25Z,34
s018433,u0042,c003,web,,2026-08-29T19:31:27Z,19
s018434,u0113,c001,web,,2026-08-29T19:31:32Z,71
s018435,u0109,c027,mobile,5.3.0,2026-08-29T19:31:41Z,45
s018436,u0615,c014,mobile,5.3.0,2026-08-29T19:32:36Z,22
s018437,u0731,c010,mobile,5.3.0,2026-08-29T19:32:44Z,33
s018438,u1056,c025,mobile,5.3.0,2026-08-29T19:32:46Z,21
s018439,u0307,c027,mobile,5.3.0,2026-08-29T19:32:55Z,25
s018440,u0889,c030,web,,2026-08-29T19:33:20Z,193
s018441,u1083,c055,tv,,2026-08-29T19:33:35Z,63
s018442,u0294,c024,mobile,5.3.0,2026-08-29T19:36:50Z,12
s018443,u0923,c001,mobile,5.3.0,2026-08-29T19:37:14Z,16
s018444,u0147,c005,mobile,5.3.0,2026-08-29T19:37:44Z,9
s018445,u0548,c003,tv,,2026-08-29T19:37:57Z,164
s018446,u0538,c009,web,,2026-08-29T19:38:09Z,16
s018447,u0385,c012,web,,2026-08-29T19:38:25Z,58
s018448,u0081,c040,tv,,2026-08-29T19:38:29Z,56
s018449,u0005,c003,tv,,2026-08-29T19:38:56Z,107
s018450,u1135,c007,mobile,5.3.0,2026-08-29T19:39:57Z,10
s018451,u0904,c001,mobile,5.3.0,2026-08-29T19:40:00Z,12
s018452,u0516,c017,mobile,5.3.0,2026-08-29T19:40:26Z,12
s018453,u0427,c008,web,,2026-08-29T19:41:13Z,151
s018454,u0178,c002,web,,2026-08-29T19:41:24Z,24
s018455,u0219,c003,mobile,5.3.0,2026-08-29T19:41:44Z,15
s018456,u0279,c011,web,,2026-08-29T19:42:47Z,49
s018457,u0054,c001,web,,2026-08-29T19:43:45Z,42
s018458,u0003,c004,mobile,5.3.0,2026-08-29T19:43:57Z,17
s018459,u0126,c001,tv,,2026-08-29T19:45:33Z,47
s018460,u0981,c001,mobile,5.3.0,2026-08-29T19:46:09Z,15
s018461,u0330,c001,web,,2026-08-29T19:46:36Z,31
s018462,u0663,c001,web,,2026-08-29T19:47:18Z,63
s018463,u0861,c039,mobile,5.3.0,2026-08-29T19:47:18Z,13
s018464,u0131,c004,mobile,5.3.0,2026-08-29T19:47:38Z,25
s018465,u0058,c001,mobile,5.3.0,2026-08-29T19:47:52Z,36
s018466,u0797,c002,mobile,5.3.0,2026-08-29T19:48:26Z,11
s018467,u0313,c003,tv,,2026-08-29T19:50:03Z,29
s018468,u0752,c001,tv,,2026-08-29T19:50:07Z,66
s018469,u0124,c016,mobile,5.3.0,2026-08-29T19:50:34Z,11
s018470,u0615,c012,mobile,5.3.0,2026-08-29T19:51:27Z,15
s018471,u0110,c039,mobile,5.3.0,2026-08-29T19:52:01Z,32
s018472,u0988,c006,tv,,2026-08-29T19:52:23Z,36
s018473,u0182,c025,web,,2026-08-29T19:53:30Z,21
s018474,u0422,c001,tv,,2026-08-29T19:55:05Z,16
s018475,u0569,c028,web,,2026-08-29T19:55:09Z,19
s018476,u0106,c007,web,,2026-08-29T19:55:10Z,86
s018477,u0111,c030,mobile,5.3.0,2026-08-29T19:55:26Z,18
s018478,u0459,c049,mobile,5.3.0,2026-08-29T19:55:33Z,14
s018479,u0371,c001,mobile,5.3.0,2026-08-29T19:56:02Z,9
s018480,u0168,c031,mobile,5.3.0,2026-08-29T19:57:49Z,17
s018481,u1127,c003,mobile,5.3.0,2026-08-29T19:57:58Z,22
s018482,u0769,c033,web,,2026-08-29T19:58:25Z,45
s018483,u0997,c025,mobile,5.3.0,2026-08-29T19:58:41Z,13
s018484,u0315,c002,tv,,2026-08-29T19:58:45Z,74
s018485,u0292,c032,tv,,2026-08-29T19:59:10Z,18
s018486,u0525,c037,web,,2026-08-29T19:59:47Z,29
s018487,u0629,c033,tv,,2026-08-29T21:01:00Z,61
s018488,u0523,c006,web,,2026-08-29T21:01:15Z,24
s018489,u0665,c050,mobile,5.3.0,2026-08-29T21:01:49Z,18
s018490,u0430,c001,mobile,5.3.0,2026-08-29T21:03:13Z,31
s018491,u0947,c019,mobile,5.3.0,2026-08-29T21:05:13Z,13
s018492,u0027,c003,tv,,2026-08-29T21:05:19Z,23
s018493,u0665,c060,mobile,5.3.0,2026-08-29T21:07:01Z,20
s018494,u0105,c021,web,,2026-08-29T21:07:09Z,32
s018495,u0035,c048,web,,2026-08-29T21:07:24Z,31
s018496,u0585,c002,mobile,5.3.0,2026-08-29T21:08:40Z,32
s018497,u0745,c050,mobile,5.3.0,2026-08-29T21:10:06Z,34
s018498,u0743,c036,tv,,2026-08-29T21:10:15Z,16
s018499,u0659,c016,web,,2026-08-29T21:11:33Z,39
s018500,u0306,c015,mobile,5.3.0,2026-08-29T21:11:53Z,10
s018501,u1064,c007,mobile,5.3.0,2026-08-29T21:12:08Z,13
s018502,u0741,c014,tv,,2026-08-29T21:14:18Z,39
s018503,u1126,c001,tv,,2026-08-29T21:14:45Z,36
s018504,u1072,c037,mobile,5.3.0,2026-08-29T21:15:04Z,12
s018505,u0631,c015,mobile,5.3.0,2026-08-29T21:15:20Z,33
s018506,u0588,c011,mobile,5.3.0,2026-08-29T21:15:49Z,5
s018507,u0177,c002,tv,,2026-08-29T21:15:51Z,91
s018508,u0893,c004,mobile,5.3.0,2026-08-29T21:15:52Z,14
s018509,u0437,c045,web,,2026-08-29T21:15:56Z,35
s018510,u0307,c041,mobile,5.3.0,2026-08-29T21:16:02Z,59
s018511,u0403,c007,tv,,2026-08-29T21:16:02Z,82
s018512,u0686,c015,tv,,2026-08-29T21:16:08Z,53
s018513,u0601,c001,tv,,2026-08-29T21:16:47Z,35
s018514,u0620,c002,tv,,2026-08-29T21:17:33Z,170
s018515,u0027,c005,tv,,2026-08-29T21:17:38Z,94
s018516,u0146,c018,mobile,5.3.0,2026-08-29T21:17:47Z,12
s018517,u0396,c003,tv,,2026-08-29T21:17:57Z,57
s018518,u0570,c002,mobile,5.3.0,2026-08-29T21:18:06Z,45
s018519,u0468,c001,tv,,2026-08-29T21:18:52Z,11
s018520,u0459,c029,mobile,5.3.0,2026-08-29T21:19:29Z,15
s018521,u0771,c004,tv,,2026-08-29T21:19:49Z,53
s018522,u0399,c001,mobile,5.3.0,2026-08-29T21:19:57Z,26
s018523,u0047,c023,mobile,5.3.0,2026-08-29T21:20:09Z,40
s018524,u0198,c028,mobile,5.3.0,2026-08-29T21:20:18Z,5
s018525,u0551,c020,mobile,5.3.0,2026-08-29T21:20:30Z,24
s018526,u0588,c005,web,,2026-08-29T21:21:28Z,29
s018527,u0097,c014,web,,2026-08-29T21:22:24Z,23
s018528,u0425,c009,web,,2026-08-29T21:22:35Z,14
s018529,u0121,c003,tv,,2026-08-29T21:23:04Z,22
s018530,u0994,c014,mobile,5.3.0,2026-08-29T21:23:10Z,23
s018531,u0540,c002,tv,,2026-08-29T21:23:52Z,51
s018532,u0523,c010,web,,2026-08-29T21:24:18Z,22
s018533,u0732,c001,web,,2026-08-29T21:24:38Z,14
s018534,u0507,c004,tv,,2026-08-29T21:25:36Z,22
s018535,u0638,c011,web,,2026-08-29T21:25:36Z,34
s018536,u0386,c004,mobile,5.3.0,2026-08-29T21:25:49Z,14
s018537,u0592,c035,tv,,2026-08-29T21:26:28Z,27
s018538,u0082,c016,mobile,5.3.0,2026-08-29T21:26:31Z,16
s018539,u0297,c004,tv,,2026-08-29T21:27:07Z,105
s018540,u0621,c002,mobile,5.3.0,2026-08-29T21:27:07Z,27
s018541,u0058,c014,mobile,5.3.0,2026-08-29T21:27:15Z,16
s018542,u0827,c005,mobile,5.3.0,2026-08-29T21:27:33Z,16
s018543,u0679,c038,mobile,5.3.0,2026-08-29T21:28:22Z,30
s018544,u0782,c052,web,,2026-08-29T21:28:48Z,9
s018545,u0057,c014,web,,2026-08-29T21:30:20Z,23
s018546,u0819,c004,mobile,5.3.0,2026-08-29T21:30:22Z,25
s018547,u0185,c043,mobile,5.3.0,2026-08-29T21:30:33Z,35
s018548,u0374,c014,web,,2026-08-29T21:32:26Z,13
s018549,u0717,c006,web,,2026-08-29T21:32:32Z,9
s018550,u0291,c003,web,,2026-08-29T21:33:35Z,18
s018551,u1115,c027,web,,2026-08-29T21:35:31Z,104
s018552,u0845,c018,mobile,5.3.0,2026-08-29T21:35:37Z,17
s018553,u0122,c023,web,,2026-08-29T21:35:38Z,73
s018554,u0090,c045,tv,,2026-08-29T21:35:47Z,11
s018555,u0833,c029,web,,2026-08-29T21:35:49Z,26
s018556,u0596,c001,mobile,5.3.0,2026-08-29T21:35:59Z,25
s018557,u1106,c005,mobile,5.3.0,2026-08-29T21:36:27Z,29
s018558,u0193,c003,web,,2026-08-29T21:37:41Z,38
s018559,u0220,c001,tv,,2026-08-29T21:38:01Z,34
s018560,u0094,c002,tv,,2026-08-29T21:38:19Z,45
s018561,u0401,c014,web,,2026-08-29T21:38:20Z,29
s018562,u0624,c054,mobile,5.3.0,2026-08-29T21:38:52Z,46
s018563,u0095,c034,web,,2026-08-29T21:40:05Z,44
s018564,u0081,c048,tv,,2026-08-29T21:41:03Z,53
s018565,u0598,c002,web,,2026-08-29T21:42:18Z,17
s018566,u0451,c003,mobile,5.3.0,2026-08-29T21:42:28Z,36
s018567,u0945,c002,mobile,5.3.0,2026-08-29T21:43:11Z,21
s018568,u0945,c018,web,,2026-08-29T21:43:30Z,14
s018569,u0725,c001,mobile,5.3.0,2026-08-29T21:43:42Z,21
s018570,u0679,c012,mobile,5.3.0,2026-08-29T21:44:10Z,45
s018571,u0027,c020,tv,,2026-08-29T21:44:37Z,55
s018572,u0790,c004,mobile,5.3.0,2026-08-29T21:45:06Z,25
s018573,u0342,c005,mobile,5.3.0,2026-08-29T21:45:40Z,39
s018574,u0562,c010,tv,,2026-08-29T21:46:17Z,55
s018575,u0741,c005,tv,,2026-08-29T21:46:24Z,33
s018576,u0851,c002,web,,2026-08-29T21:47:21Z,28
s018577,u1128,c006,tv,,2026-08-29T21:48:12Z,22
s018578,u0576,c019,web,,2026-08-29T21:48:35Z,72
s018579,u0496,c030,mobile,5.3.0,2026-08-29T21:48:55Z,13
s018580,u0601,c008,tv,,2026-08-29T21:50:07Z,33
s018581,u1058,c001,mobile,5.3.0,2026-08-29T21:50:14Z,13
s018582,u0672,c003,mobile,5.3.0,2026-08-29T21:50:16Z,14
s018583,u0008,c013,mobile,5.3.0,2026-08-29T21:50:25Z,26
s018584,u0235,c005,tv,,2026-08-29T21:51:00Z,43
s018585,u0791,c001,mobile,5.3.0,2026-08-29T21:51:35Z,20
s018586,u0740,c006,mobile,5.3.0,2026-08-29T21:51:38Z,23
s018587,u0340,c015,tv,,2026-08-29T21:51:45Z,82
s018588,u0513,c050,web,,2026-08-29T21:52:00Z,36
s018589,u0396,c055,tv,,2026-08-29T21:52:08Z,72
s018590,u0086,c007,mobile,5.3.0,2026-08-29T21:53:22Z,14
s018591,u0630,c002,mobile,5.3.0,2026-08-29T21:53:54Z,34
s018592,u0112,c016,tv,,2026-08-29T21:53:57Z,70
s018593,u0122,c002,web,,2026-08-29T21:54:22Z,33
s018594,u0208,c033,mobile,5.3.0,2026-08-29T21:54:25Z,29
s018595,u0498,c010,mobile,5.3.0,2026-08-29T21:55:44Z,7
s018596,u0028,c001,tv,,2026-08-29T21:56:06Z,61
s018597,u0063,c002,mobile,5.3.0,2026-08-29T21:56:20Z,12
s018598,u0764,c013,mobile,5.3.0,2026-08-29T21:56:32Z,34
s018599,u0090,c054,tv,,2026-08-29T21:56:56Z,38
s018600,u0010,c036,tv,,2026-08-29T21:57:30Z,73
s018601,u0097,c001,mobile,5.3.0,2026-08-29T21:57:56Z,31
s018602,u0851,c044,web,,2026-08-29T21:59:17Z,12
s018603,u0057,c043,mobile,5.3.0,2026-08-29T21:59:27Z,12
s018604,u0574,c051,mobile,5.3.0,2026-08-29T21:59:48Z,15
s018605,u0183,c012,tv,,2026-08-29T23:01:20Z,33
s018606,u0500,c003,tv,,2026-08-29T23:02:45Z,51
s018607,u0369,c005,mobile,5.3.0,2026-08-29T23:06:53Z,15
s018608,u0491,c001,web,,2026-08-29T23:09:11Z,26
s018609,u0381,c019,tv,,2026-08-29T23:10:45Z,45
s018610,u0599,c036,tv,,2026-08-29T23:11:20Z,40
s018611,u0679,c002,mobile,5.3.0,2026-08-29T23:12:08Z,17
s018612,u0201,c001,tv,,2026-08-29T23:12:38Z,74
s018613,u0248,c002,mobile,5.3.0,2026-08-29T23:12:59Z,22
s018614,u0434,c001,mobile,5.3.0,2026-08-29T23:13:07Z,30
s018615,u0828,c010,mobile,5.3.0,2026-08-29T23:13:19Z,28
s018616,u0744,c001,tv,,2026-08-29T23:14:01Z,78
s018617,u0253,c001,tv,,2026-08-29T23:16:36Z,46
s018618,u0155,c019,tv,,2026-08-29T23:19:42Z,47
s018619,u0339,c008,tv,,2026-08-29T23:20:17Z,87
s018620,u0248,c034,mobile,5.3.0,2026-08-29T23:20:51Z,30
s018621,u0717,c001,web,,2026-08-29T23:26:54Z,23
s018622,u0779,c056,web,,2026-08-29T23:28:52Z,31
s018623,u0324,c024,tv,,2026-08-29T23:31:50Z,39
s018624,u0126,c020,tv,,2026-08-29T23:34:16Z,60
s018625,u0283,c005,web,,2026-08-29T23:34:30Z,18
s018626,u0962,c057,mobile,5.3.0,2026-08-29T23:39:32Z,15
s018627,u0082,c005,mobile,5.3.0,2026-08-29T23:39:51Z,28
s018628,u0600,c008,web,,2026-08-29T23:42:15Z,26
s018629,u0768,c014,web,,2026-08-29T23:43:28Z,68
s018630,u0574,c004,mobile,5.3.0,2026-08-29T23:44:18Z,22
s018631,u0512,c012,web,,2026-08-29T23:46:15Z,39
s018632,u0047,c001,tv,,2026-08-29T23:46:18Z,83
s018633,u0111,c004,mobile,5.3.0,2026-08-29T23:48:58Z,15
s018634,u0752,c026,tv,,2026-08-29T23:49:37Z,48
s018635,u0001,c020,web,,2026-08-29T23:50:12Z,36
s018636,u0993,c015,mobile,5.3.0,2026-08-29T23:50:32Z,2
s018637,u0397,c052,mobile,5.3.0,2026-08-29T23:52:44Z,24
s018638,u0110,c040,mobile,5.3.0,2026-08-29T23:54:18Z,11
s018639,u0835,c047,tv,,2026-08-29T23:56:25Z,78
s018640,u0844,c002,web,,2026-08-29T23:59:49Z,31
s018641,u0778,c009,mobile,5.3.0,2026-08-30T08:09:11Z,10
s018642,u0734,c001,tv,,2026-08-30T08:09:43Z,60
s018643,u0748,c002,mobile,5.3.0,2026-08-30T08:10:23Z,28
s018644,u0064,c001,web,,2026-08-30T08:11:32Z,73
s018645,u0614,c005,mobile,5.3.0,2026-08-30T08:14:05Z,20
s018646,u0259,c038,mobile,5.3.0,2026-08-30T08:14:50Z,20
s018647,u0983,c002,tv,,2026-08-30T08:15:09Z,17
s018648,u0861,c036,mobile,5.3.0,2026-08-30T08:20:14Z,11
s018649,u0835,c004,tv,,2026-08-30T08:22:41Z,40
s018650,u0546,c042,web,,2026-08-30T08:22:42Z,23
s018651,u0104,c002,web,,2026-08-30T08:27:58Z,31
s018652,u0086,c005,mobile,5.3.0,2026-08-30T08:35:21Z,12
s018653,u0422,c028,tv,,2026-08-30T08:35:26Z,37
s018654,u0077,c006,mobile,5.3.0,2026-08-30T08:38:18Z,36
s018655,u0351,c055,tv,,2026-08-30T08:38:54Z,38
s018656,u0437,c026,mobile,5.3.0,2026-08-30T08:39:18Z,19
s018657,u0596,c032,mobile,5.3.0,2026-08-30T08:45:59Z,30
s018658,u0699,c048,tv,,2026-08-30T08:46:40Z,49
s018659,u1114,c002,mobile,5.3.0,2026-08-30T08:52:10Z,18
s018660,u0786,c001,tv,,2026-08-30T08:55:34Z,164
s018661,u0027,c023,tv,,2026-08-30T08:55:58Z,27
s018662,u0026,c020,mobile,5.3.0,2026-08-30T08:56:05Z,29
s018663,u0922,c022,mobile,5.3.0,2026-08-30T08:58:09Z,8
s018664,u0506,c020,mobile,5.3.0,2026-08-30T12:03:21Z,19
s018665,u0339,c059,tv,,2026-08-30T12:03:56Z,76
s018666,u0699,c003,web,,2026-08-30T12:05:21Z,18
s018667,u0590,c037,tv,,2026-08-30T12:07:14Z,10
s018668,u0615,c015,mobile,5.3.0,2026-08-30T12:07:55Z,21
s018669,u0831,c051,tv,,2026-08-30T12:09:38Z,63
s018670,u0947,c017,mobile,5.3.0,2026-08-30T12:10:11Z,16
s018671,u0434,c003,mobile,5.3.0,2026-08-30T12:11:20Z,21
s018672,u0334,c002,mobile,5.3.0,2026-08-30T12:14:34Z,17
s018673,u0677,c045,web,,2026-08-30T12:16:04Z,47
s018674,u0264,c043,mobile,5.3.0,2026-08-30T12:17:32Z,21
s018675,u0151,c008,mobile,5.3.0,2026-08-30T12:19:11Z,23
s018676,u0473,c035,web,,2026-08-30T12:24:20Z,25
s018677,u0742,c035,tv,,2026-08-30T12:24:36Z,25
s018678,u0624,c005,mobile,5.3.0,2026-08-30T12:29:31Z,17
s018679,u0922,c001,mobile,5.3.0,2026-08-30T12:33:28Z,37
s018680,u1052,c022,mobile,5.3.0,2026-08-30T12:33:29Z,5
s018681,u0674,c026,mobile,5.3.0,2026-08-30T12:34:09Z,28
s018682,u0158,c005,web,,2026-08-30T12:40:07Z,61
s018683,u0636,c003,mobile,5.3.0,2026-08-30T12:42:14Z,40
s018684,u0493,c001,web,,2026-08-30T12:46:00Z,17
s018685,u0837,c001,mobile,5.3.0,2026-08-30T12:46:11Z,35
s018686,u0659,c007,web,,2026-08-30T12:46:25Z,28
s018687,u0616,c017,web,,2026-08-30T12:48:31Z,14
s018688,u0524,c020,mobile,5.3.0,2026-08-30T12:48:36Z,72
s018689,u0887,c027,mobile,5.3.0,2026-08-30T12:51:36Z,17
s018690,u0346,c001,mobile,5.3.0,2026-08-30T12:54:32Z,15
s018691,u0682,c017,web,,2026-08-30T12:54:35Z,184
s018692,u0308,c013,web,,2026-08-30T12:54:42Z,51
s018693,u0568,c012,mobile,5.3.0,2026-08-30T12:56:33Z,19
s018694,u1123,c036,web,,2026-08-30T12:57:14Z,19
s018695,u0828,c060,mobile,5.3.0,2026-08-30T17:01:44Z,48
s018696,u0671,c002,mobile,5.3.0,2026-08-30T17:04:08Z,19
s018697,u0593,c004,mobile,5.3.0,2026-08-30T17:04:11Z,51
s018698,u1041,c045,mobile,5.3.0,2026-08-30T17:05:24Z,16
s018699,u0210,c027,tv,,2026-08-30T17:11:21Z,112
s018700,u0698,c048,mobile,5.3.0,2026-08-30T17:12:39Z,13
s018701,u0168,c002,tv,,2026-08-30T17:14:25Z,10
s018702,u0431,c008,mobile,5.3.0,2026-08-30T17:16:39Z,32
s018703,u0185,c030,mobile,5.3.0,2026-08-30T17:17:04Z,27
s018704,u0023,c003,mobile,5.3.0,2026-08-30T17:17:20Z,22
s018705,u0501,c033,mobile,5.3.0,2026-08-30T17:17:45Z,12
s018706,u0568,c006,mobile,5.3.0,2026-08-30T17:18:17Z,38
s018707,u0330,c002,web,,2026-08-30T17:18:37Z,30
s018708,u0090,c055,tv,,2026-08-30T17:20:07Z,33
s018709,u0402,c035,mobile,5.3.0,2026-08-30T17:20:14Z,14
s018710,u0585,c003,mobile,5.3.0,2026-08-30T17:21:39Z,15
s018711,u1070,c027,mobile,5.3.0,2026-08-30T17:22:16Z,30
s018712,u0004,c002,web,,2026-08-30T17:22:36Z,74
s018713,u0216,c019,mobile,5.3.0,2026-08-30T17:23:58Z,14
s018714,u0021,c035,mobile,5.3.0,2026-08-30T17:26:02Z,28
s018715,u0808,c002,tv,,2026-08-30T17:26:52Z,16
s018716,u0333,c004,mobile,5.3.0,2026-08-30T17:26:57Z,51
s018717,u0506,c030,mobile,5.3.0,2026-08-30T17:27:04Z,14
s018718,u0103,c005,tv,,2026-08-30T17:27:29Z,52
s018719,u0536,c024,tv,,2026-08-30T17:29:56Z,50
s018720,u1066,c030,mobile,5.3.0,2026-08-30T17:34:23Z,9
s018721,u0039,c003,mobile,5.3.0,2026-08-30T17:34:43Z,48
s018722,u0868,c011,mobile,5.3.0,2026-08-30T17:34:59Z,20
s018723,u0763,c005,web,,2026-08-30T17:35:29Z,51
s018724,u1020,c029,web,,2026-08-30T17:36:32Z,16
s018725,u0115,c005,mobile,5.3.0,2026-08-30T17:37:03Z,56
s018726,u0026,c045,mobile,5.3.0,2026-08-30T17:37:56Z,13
s018727,u0190,c001,web,,2026-08-30T17:40:35Z,79
s018728,u0259,c020,web,,2026-08-30T17:43:13Z,23
s018729,u0480,c057,web,,2026-08-30T17:44:12Z,19
s018730,u0051,c014,tv,,2026-08-30T17:44:40Z,240
s018731,u0929,c001,mobile,5.3.0,2026-08-30T17:45:30Z,19
s018732,u0675,c039,tv,,2026-08-30T17:46:31Z,28
s018733,u0370,c043,mobile,5.3.0,2026-08-30T17:47:49Z,18
s018734,u1000,c002,tv,,2026-08-30T17:48:34Z,29
s018735,u0426,c013,mobile,5.3.0,2026-08-30T17:49:02Z,33
s018736,u0588,c001,web,,2026-08-30T17:50:05Z,65
s018737,u0125,c005,mobile,5.3.0,2026-08-30T17:50:14Z,29
s018738,u0079,c017,tv,,2026-08-30T17:50:38Z,22
s018739,u0204,c003,mobile,5.3.0,2026-08-30T17:51:56Z,44
s018740,u0447,c015,mobile,5.3.0,2026-08-30T17:52:04Z,8
s018741,u0271,c047,web,,2026-08-30T17:56:38Z,27
s018742,u0014,c005,web,,2026-08-30T17:57:07Z,35
s018743,u0805,c017,mobile,5.3.0,2026-08-30T17:57:25Z,22
s018744,u0600,c028,web,,2026-08-30T17:58:35Z,67
s018745,u0774,c011,mobile,5.3.0,2026-08-30T17:58:37Z,16
s018746,u0087,c006,mobile,5.3.0,2026-08-30T17:59:45Z,70
s018747,u0317,c012,web,,2026-08-30T17:59:47Z,105
s018748,u0904,c001,mobile,5.3.0,2026-08-30T19:01:48Z,3
s018749,u0369,c004,mobile,5.3.0,2026-08-30T19:02:27Z,19
s018750,u0366,c002,mobile,5.3.0,2026-08-30T19:02:55Z,11
s018751,u0063,c028,mobile,5.3.0,2026-08-30T19:04:01Z,43
s018752,u0612,c017,tv,,2026-08-30T19:05:04Z,32
s018753,u0151,c031,mobile,5.3.0,2026-08-30T19:05:23Z,13
s018754,u0915,c005,mobile,5.3.0,2026-08-30T19:05:39Z,6
s018755,u1050,c013,mobile,5.3.0,2026-08-30T19:06:10Z,11
s018756,u0276,c028,mobile,5.3.0,2026-08-30T19:06:55Z,21
s018757,u0540,c052,tv,,2026-08-30T19:07:16Z,17
s018758,u0283,c024,mobile,5.3.0,2026-08-30T19:07:27Z,95
s018759,u1013,c014,mobile,5.3.0,2026-08-30T19:07:29Z,20
s018760,u0515,c001,tv,,2026-08-30T19:08:47Z,34
s018761,u0654,c032,web,,2026-08-30T19:09:02Z,23
s018762,u0828,c001,tv,,2026-08-30T19:10:40Z,53
s018763,u0659,c005,web,,2026-08-30T19:11:18Z,36
s018764,u0826,c003,mobile,5.3.0,2026-08-30T19:11:27Z,12
s018765,u0229,c045,tv,,2026-08-30T19:11:49Z,12
s018766,u0279,c031,web,,2026-08-30T19:11:55Z,49
s018767,u0835,c001,tv,,2026-08-30T19:11:57Z,18
s018768,u0699,c005,mobile,5.3.0,2026-08-30T19:11:58Z,26
s018769,u1002,c001,mobile,5.3.0,2026-08-30T19:12:35Z,6
s018770,u0682,c011,web,,2026-08-30T19:12:40Z,19
s018771,u0211,c008,mobile,5.3.0,2026-08-30T19:12:42Z,40
s018772,u0251,c007,web,,2026-08-30T19:12:51Z,29
s018773,u0569,c010,web,,2026-08-30T19:13:02Z,42
s018774,u0188,c050,tv,,2026-08-30T19:13:03Z,21
s018775,u0659,c024,web,,2026-08-30T19:14:21Z,162
s018776,u0410,c013,web,,2026-08-30T19:14:24Z,27
s018777,u0595,c001,web,,2026-08-30T19:14:34Z,28
s018778,u0218,c037,mobile,5.3.0,2026-08-30T19:14:44Z,46
s018779,u0311,c014,tv,,2026-08-30T19:15:12Z,75
s018780,u0349,c001,mobile,5.3.0,2026-08-30T19:15:27Z,36
s018781,u0531,c014,tv,,2026-08-30T19:15:29Z,18
s018782,u0522,c001,web,,2026-08-30T19:15:41Z,48
s018783,u1123,c001,web,,2026-08-30T19:16:21Z,11
s018784,u0218,c031,mobile,5.3.0,2026-08-30T19:16:31Z,35
s018785,u0454,c003,tv,,2026-08-30T19:16:41Z,46
s018786,u0866,c004,mobile,5.3.0,2026-08-30T19:16:49Z,6
s018787,u0382,c006,web,,2026-08-30T19:17:01Z,71
s018788,u0011,c016,tv,,2026-08-30T19:18:31Z,20
s018789,u0155,c031,tv,,2026-08-30T19:19:53Z,68
s018790,u1065,c005,mobile,5.3.0,2026-08-30T19:20:38Z,18
s018791,u0832,c001,web,,2026-08-30T19:21:03Z,36
s018792,u0179,c011,tv,,2026-08-30T19:21:43Z,157
s018793,u0369,c015,mobile,5.3.0,2026-08-30T19:21:51Z,28
s018794,u0002,c004,mobile,5.3.0,2026-08-30T19:22:19Z,84
s018795,u1087,c014,web,,2026-08-30T19:22:31Z,9
s018796,u0524,c053,mobile,5.3.0,2026-08-30T19:23:10Z,21
s018797,u0209,c006,tv,,2026-08-30T19:23:13Z,21
s018798,u0464,c018,tv,,2026-08-30T19:23:32Z,33
s018799,u0300,c023,mobile,5.3.0,2026-08-30T19:23:33Z,31
s018800,u0400,c038,mobile,5.3.0,2026-08-30T19:26:20Z,18
s018801,u1050,c029,mobile,5.3.0,2026-08-30T19:26:50Z,22
s018802,u0058,c022,mobile,5.3.0,2026-08-30T19:26:54Z,25
s018803,u0002,c053,mobile,5.3.0,2026-08-30T19:27:58Z,21
s018804,u0986,c002,mobile,5.3.0,2026-08-30T19:28:16Z,22
s018805,u0744,c058,tv,,2026-08-30T19:28:51Z,143
s018806,u0195,c003,web,,2026-08-30T19:31:16Z,31
s018807,u0843,c057,tv,,2026-08-30T19:31:39Z,21
s018808,u0161,c052,tv,,2026-08-30T19:31:55Z,39
s018809,u0083,c002,mobile,5.3.0,2026-08-30T19:32:01Z,24
s018810,u0216,c044,mobile,5.3.0,2026-08-30T19:32:04Z,52
s018811,u0676,c054,mobile,5.3.0,2026-08-30T19:33:37Z,23
s018812,u0450,c001,tv,,2026-08-30T19:33:50Z,24
s018813,u0318,c015,tv,,2026-08-30T19:34:32Z,19
s018814,u0490,c045,web,,2026-08-30T19:35:40Z,57
s018815,u0190,c004,mobile,5.3.0,2026-08-30T19:36:49Z,9
s018816,u0503,c029,mobile,5.3.0,2026-08-30T19:37:02Z,78
s018817,u0766,c013,mobile,5.3.0,2026-08-30T19:37:14Z,24
s018818,u0387,c004,web,,2026-08-30T19:38:08Z,21
s018819,u0664,c028,mobile,5.3.0,2026-08-30T19:38:35Z,19
s018820,u0220,c010,tv,,2026-08-30T19:38:49Z,60
s018821,u0501,c003,mobile,5.3.0,2026-08-30T19:39:12Z,19
s018822,u0340,c008,mobile,5.3.0,2026-08-30T19:39:45Z,22
s018823,u0430,c031,mobile,5.3.0,2026-08-30T19:39:49Z,20
s018824,u0038,c035,tv,,2026-08-30T19:40:03Z,118
s018825,u0760,c004,mobile,5.3.0,2026-08-30T19:40:12Z,5
s018826,u0297,c003,tv,,2026-08-30T19:40:22Z,51
s018827,u0800,c001,mobile,5.3.0,2026-08-30T19:40:42Z,45
s018828,u0932,c003,mobile,5.3.0,2026-08-30T19:41:08Z,16
s018829,u0383,c001,mobile,5.3.0,2026-08-30T19:41:12Z,9
s018830,u0302,c004,tv,,2026-08-30T19:42:36Z,66
s018831,u0350,c001,web,,2026-08-30T19:42:48Z,31
s018832,u0792,c019,tv,,2026-08-30T19:43:31Z,24
s018833,u0028,c046,tv,,2026-08-30T19:43:33Z,9
s018834,u0365,c033,tv,,2026-08-30T19:44:10Z,79
s018835,u0377,c002,mobile,5.3.0,2026-08-30T19:44:36Z,10
s018836,u0324,c008,tv,,2026-08-30T19:44:41Z,99
s018837,u0230,c025,mobile,5.3.0,2026-08-30T19:46:04Z,16
s018838,u0833,c004,web,,2026-08-30T19:46:23Z,20
s018839,u0874,c034,mobile,5.3.0,2026-08-30T19:47:09Z,17
s018840,u0324,c009,tv,,2026-08-30T19:47:52Z,78
s018841,u0751,c017,mobile,5.3.0,2026-08-30T19:48:01Z,16
s018842,u0954,c003,mobile,5.3.0,2026-08-30T19:48:42Z,32
s018843,u0609,c001,mobile,5.3.0,2026-08-30T19:48:54Z,30
s018844,u0654,c005,web,,2026-08-30T19:49:01Z,31
s018845,u0101,c004,tv,,2026-08-30T19:49:04Z,58
s018846,u0575,c021,tv,,2026-08-30T19:49:04Z,47
s018847,u1130,c032,web,,2026-08-30T19:49:26Z,33
s018848,u1051,c004,mobile,5.3.0,2026-08-30T19:49:38Z,28
s018849,u0426,c012,mobile,5.3.0,2026-08-30T19:50:08Z,4
s018850,u0867,c001,mobile,5.3.0,2026-08-30T19:50:43Z,11
s018851,u0366,c027,mobile,5.3.0,2026-08-30T19:51:21Z,37
s018852,u0744,c021,web,,2026-08-30T19:51:31Z,16
s018853,u0808,c054,tv,,2026-08-30T19:51:31Z,34
s018854,u0009,c046,web,,2026-08-30T19:51:53Z,17
s018855,u0925,c006,mobile,5.3.0,2026-08-30T19:52:19Z,12
s018856,u0409,c003,web,,2026-08-30T19:52:20Z,48
s018857,u0833,c003,web,,2026-08-30T19:52:37Z,21
s018858,u1010,c004,mobile,5.3.0,2026-08-30T19:52:51Z,5
s018859,u1058,c020,mobile,5.3.0,2026-08-30T19:53:00Z,28
s018860,u0049,c032,web,,2026-08-30T19:53:35Z,18
s018861,u0002,c002,mobile,5.3.0,2026-08-30T19:53:55Z,15
s018862,u0758,c003,web,,2026-08-30T19:54:05Z,31
s018863,u1037,c016,web,,2026-08-30T19:54:15Z,9
s018864,u0397,c006,mobile,5.3.0,2026-08-30T19:55:06Z,51
s018865,u0562,c004,tv,,2026-08-30T19:56:47Z,38
s018866,u0964,c007,web,,2026-08-30T19:57:08Z,56
s018867,u0270,c003,web,,2026-08-30T19:57:16Z,59
s018868,u0051,c055,tv,,2026-08-30T19:57:31Z,32
s018869,u0216,c001,mobile,5.3.0,2026-08-30T19:57:36Z,7
s018870,u0867,c003,mobile,5.3.0,2026-08-30T19:57:53Z,23
s018871,u1033,c055,mobile,5.3.0,2026-08-30T19:58:04Z,37
s018872,u0645,c015,mobile,5.3.0,2026-08-30T19:58:10Z,63
s018873,u0463,c029,mobile,5.3.0,2026-08-30T19:59:04Z,27
s018874,u0170,c012,tv,,2026-08-30T19:59:36Z,50
s018875,u0900,c021,mobile,5.3.0,2026-08-30T19:59:37Z,19
s018876,u0994,c055,mobile,5.3.0,2026-08-30T19:59:42Z,5
s018877,u0213,c035,web,,2026-08-30T21:00:27Z,20
s018878,u0443,c001,web,,2026-08-30T21:01:13Z,59
s018879,u0094,c047,tv,,2026-08-30T21:01:33Z,24
s018880,u0881,c008,mobile,5.3.0,2026-08-30T21:01:59Z,16
s018881,u0795,c011,mobile,5.3.0,2026-08-30T21:02:03Z,9
s018882,u0334,c003,web,,2026-08-30T21:02:35Z,30
s018883,u0500,c001,tv,,2026-08-30T21:02:50Z,5
s018884,u0130,c002,tv,,2026-08-30T21:03:44Z,35
s018885,u0072,c040,mobile,5.3.0,2026-08-30T21:06:08Z,27
s018886,u0590,c032,tv,,2026-08-30T21:06:10Z,28
s018887,u0997,c006,mobile,5.3.0,2026-08-30T21:06:11Z,10
s018888,u0953,c048,tv,,2026-08-30T21:06:27Z,115
s018889,u0549,c002,tv,,2026-08-30T21:06:33Z,105
s018890,u1106,c006,tv,,2026-08-30T21:06:49Z,67
s018891,u0245,c046,tv,,2026-08-30T21:06:51Z,19
s018892,u0366,c027,mobile,5.3.0,2026-08-30T21:06:51Z,10
s018893,u1054,c006,mobile,5.3.0,2026-08-30T21:07:57Z,13
s018894,u0993,c053,mobile,5.3.0,2026-08-30T21:08:53Z,11
s018895,u0746,c035,mobile,5.3.0,2026-08-30T21:09:22Z,22
s018896,u0008,c007,mobile,5.3.0,2026-08-30T21:10:30Z,32
s018897,u1140,c001,mobile,5.3.0,2026-08-30T21:10:37Z,15
s018898,u1086,c006,web,,2026-08-30T21:10:43Z,62
s018899,u0207,c002,web,,2026-08-30T21:10:47Z,38
s018900,u0747,c036,web,,2026-08-30T21:10:49Z,23
s018901,u0368,c014,tv,,2026-08-30T21:10:54Z,96
s018902,u1109,c014,mobile,5.3.0,2026-08-30T21:11:10Z,19
s018903,u0784,c001,web,,2026-08-30T21:11:34Z,29
s018904,u0586,c016,mobile,5.3.0,2026-08-30T21:11:35Z,20
s018905,u0748,c012,mobile,5.3.0,2026-08-30T21:12:01Z,59
s018906,u1062,c011,mobile,5.3.0,2026-08-30T21:12:56Z,22
s018907,u0737,c001,mobile,5.3.0,2026-08-30T21:13:16Z,24
s018908,u0219,c014,mobile,5.3.0,2026-08-30T21:14:41Z,54
s018909,u0663,c026,web,,2026-08-30T21:14:53Z,31
s018910,u0173,c004,tv,,2026-08-30T21:15:17Z,27
s018911,u1132,c004,web,,2026-08-30T21:15:27Z,34
s018912,u0472,c014,mobile,5.3.0,2026-08-30T21:15:28Z,11
s018913,u0030,c044,web,,2026-08-30T21:15:35Z,104
s018914,u0484,c003,mobile,5.3.0,2026-08-30T21:16:01Z,24
s018915,u0006,c001,web,,2026-08-30T21:17:06Z,22
s018916,u0546,c001,web,,2026-08-30T21:17:19Z,16
s018917,u1084,c007,mobile,5.3.0,2026-08-30T21:17:28Z,28
s018918,u0170,c060,mobile,5.3.0,2026-08-30T21:18:54Z,16
s018919,u0028,c007,mobile,5.3.0,2026-08-30T21:18:58Z,16
s018920,u0629,c015,tv,,2026-08-30T21:20:39Z,18
s018921,u0506,c001,mobile,5.3.0,2026-08-30T21:21:04Z,16
s018922,u1130,c003,web,,2026-08-30T21:22:34Z,30
s018923,u0027,c002,tv,,2026-08-30T21:22:47Z,153
s018924,u0972,c005,mobile,5.3.0,2026-08-30T21:23:20Z,32
s018925,u0752,c004,mobile,5.3.0,2026-08-30T21:23:48Z,17
s018926,u0227,c004,mobile,5.3.0,2026-08-30T21:24:13Z,22
s018927,u0615,c051,mobile,5.3.0,2026-08-30T21:24:43Z,31
s018928,u0018,c006,web,,2026-08-30T21:25:05Z,35
s018929,u0954,c001,mobile,5.3.0,2026-08-30T21:25:53Z,14
s018930,u0808,c033,tv,,2026-08-30T21:27:18Z,41
s018931,u0460,c028,mobile,5.3.0,2026-08-30T21:27:23Z,10
s018932,u0753,c001,tv,,2026-08-30T21:27:33Z,52
s018933,u0122,c009,web,,2026-08-30T21:28:40Z,15
s018934,u0004,c046,web,,2026-08-30T21:28:45Z,49
s018935,u0017,c016,web,,2026-08-30T21:29:16Z,74
s018936,u0252,c016,mobile,5.3.0,2026-08-30T21:30:32Z,17
s018937,u0688,c018,mobile,5.3.0,2026-08-30T21:30:33Z,12
s018938,u0247,c055,mobile,5.3.0,2026-08-30T21:30:42Z,4
s018939,u0434,c005,mobile,5.3.0,2026-08-30T21:31:43Z,12
s018940,u0635,c001,web,,2026-08-30T21:32:56Z,14
s018941,u0208,c012,tv,,2026-08-30T21:33:05Z,28
s018942,u0941,c037,mobile,5.3.0,2026-08-30T21:34:37Z,4
s018943,u0840,c001,tv,,2026-08-30T21:34:54Z,56
s018944,u0873,c003,mobile,5.3.0,2026-08-30T21:35:14Z,10
s018945,u0648,c010,mobile,5.3.0,2026-08-30T21:35:42Z,13
s018946,u0243,c010,web,,2026-08-30T21:36:11Z,90
s018947,u0039,c009,mobile,5.3.0,2026-08-30T21:36:44Z,33
s018948,u0374,c003,web,,2026-08-30T21:37:09Z,38
s018949,u1100,c001,mobile,5.3.0,2026-08-30T21:37:19Z,29
s018950,u0979,c024,web,,2026-08-30T21:37:57Z,64
s018951,u0407,c006,mobile,5.3.0,2026-08-30T21:38:06Z,20
s018952,u0861,c002,mobile,5.3.0,2026-08-30T21:39:27Z,12
s018953,u1047,c005,tv,,2026-08-30T21:39:31Z,36
s018954,u0688,c001,mobile,5.3.0,2026-08-30T21:40:57Z,35
s018955,u0282,c020,mobile,5.3.0,2026-08-30T21:41:16Z,28
s018956,u0803,c057,mobile,5.3.0,2026-08-30T21:41:25Z,5
s018957,u0570,c031,mobile,5.3.0,2026-08-30T21:41:28Z,26
s018958,u0381,c033,web,,2026-08-30T21:41:34Z,240
s018959,u0714,c024,mobile,5.3.0,2026-08-30T21:41:38Z,12
s018960,u0548,c007,tv,,2026-08-30T21:43:15Z,21
s018961,u1132,c047,web,,2026-08-30T21:43:55Z,17
s018962,u0609,c023,mobile,5.3.0,2026-08-30T21:44:29Z,15
s018963,u0448,c001,mobile,5.3.0,2026-08-30T21:45:37Z,16
s018964,u0273,c003,web,,2026-08-30T21:46:15Z,22
s018965,u0551,c037,mobile,5.3.0,2026-08-30T21:46:46Z,11
s018966,u0066,c057,web,,2026-08-30T21:47:04Z,26
s018967,u0131,c050,mobile,5.3.0,2026-08-30T21:48:00Z,35
s018968,u0945,c058,mobile,5.3.0,2026-08-30T21:48:08Z,15
s018969,u0619,c060,mobile,5.3.0,2026-08-30T21:49:37Z,11
s018970,u0128,c023,tv,,2026-08-30T21:49:48Z,80
s018971,u0126,c003,tv,,2026-08-30T21:49:54Z,27
s018972,u0066,c002,mobile,5.3.0,2026-08-30T21:50:07Z,19
s018973,u0495,c043,web,,2026-08-30T21:50:46Z,45
s018974,u0808,c002,tv,,2026-08-30T21:50:51Z,51
s018975,u0703,c002,web,,2026-08-30T21:51:12Z,24
s018976,u0771,c001,tv,,2026-08-30T21:51:23Z,21
s018977,u0624,c005,mobile,5.3.0,2026-08-30T21:51:26Z,45
s018978,u0309,c001,tv,,2026-08-30T21:51:42Z,48
s018979,u0138,c026,mobile,5.3.0,2026-08-30T21:52:42Z,14
s018980,u0842,c009,mobile,5.3.0,2026-08-30T21:52:46Z,40
s018981,u1011,c003,mobile,5.3.0,2026-08-30T21:52:46Z,14
s018982,u0444,c001,web,,2026-08-30T21:52:50Z,40
s018983,u0826,c036,mobile,5.3.0,2026-08-30T21:53:07Z,16
s018984,u0826,c002,mobile,5.3.0,2026-08-30T21:53:16Z,20
s018985,u0464,c020,tv,,2026-08-30T21:53:37Z,66
s018986,u0609,c001,mobile,5.3.0,2026-08-30T21:54:17Z,16
s018987,u0395,c002,tv,,2026-08-30T21:55:02Z,35
s018988,u0631,c002,mobile,5.3.0,2026-08-30T21:55:46Z,30
s018989,u0491,c001,web,,2026-08-30T21:57:20Z,52
s018990,u0455,c008,web,,2026-08-30T21:58:15Z,61
s018991,u0609,c010,web,,2026-08-30T21:58:15Z,10
s018992,u1032,c013,tv,,2026-08-30T21:58:20Z,46
s018993,u0395,c015,tv,,2026-08-30T21:58:24Z,37
s018994,u0665,c002,mobile,5.3.0,2026-08-30T21:58:38Z,22
s018995,u0122,c029,web,,2026-08-30T21:58:46Z,122
s018996,u0809,c012,tv,,2026-08-30T21:59:09Z,43
s018997,u0282,c003,mobile,5.3.0,2026-08-30T21:59:23Z,42
s018998,u0961,c037,tv,,2026-08-30T21:59:23Z,19
s018999,u0039,c001,mobile,5.3.0,2026-08-30T21:59:52Z,27
s019000,u0789,c036,mobile,5.3.0,2026-08-30T21:59:55Z,9
s019001,u0922,c035,mobile,5.3.0,2026-08-30T23:01:30Z,15
s019002,u1117,c001,mobile,5.3.0,2026-08-30T23:02:02Z,12
s019003,u0934,c001,mobile,5.3.0,2026-08-30T23:02:15Z,38
s019004,u1109,c014,mobile,5.3.0,2026-08-30T23:04:51Z,53
s019005,u0172,c009,web,,2026-08-30T23:04:54Z,36
s019006,u0342,c022,web,,2026-08-30T23:05:42Z,12
s019007,u0512,c002,mobile,5.3.0,2026-08-30T23:07:05Z,68
s019008,u0416,c006,web,,2026-08-30T23:11:31Z,18
s019009,u0236,c018,web,,2026-08-30T23:13:02Z,57
s019010,u0270,c048,tv,,2026-08-30T23:13:14Z,60
s019011,u0466,c001,tv,,2026-08-30T23:14:17Z,31
s019012,u0366,c014,web,,2026-08-30T23:15:15Z,28
s019013,u0691,c014,web,,2026-08-30T23:15:58Z,53
s019014,u0207,c006,web,,2026-08-30T23:20:24Z,18
s019015,u0650,c047,tv,,2026-08-30T23:25:38Z,35
s019016,u0415,c033,tv,,2026-08-30T23:25:42Z,77
s019017,u0390,c001,web,,2026-08-30T23:28:34Z,9
s019018,u0589,c001,mobile,5.3.0,2026-08-30T23:29:22Z,22
s019019,u0073,c002,mobile,5.3.0,2026-08-30T23:30:07Z,20
s019020,u0623,c053,mobile,5.3.0,2026-08-30T23:32:22Z,19
s019021,u0831,c010,tv,,2026-08-30T23:32:51Z,59
s019022,u0505,c002,web,,2026-08-30T23:35:52Z,25
s019023,u0046,c001,web,,2026-08-30T23:36:15Z,46
s019024,u0256,c031,tv,,2026-08-30T23:37:03Z,45
s019025,u0669,c001,mobile,5.3.0,2026-08-30T23:37:12Z,35
s019026,u0667,c033,web,,2026-08-30T23:39:05Z,32
s019027,u0248,c014,mobile,5.3.0,2026-08-30T23:42:05Z,20
s019028,u0677,c002,mobile,5.3.0,2026-08-30T23:42:08Z,19
s019029,u0293,c005,tv,,2026-08-30T23:42:48Z,40
s019030,u0924,c006,mobile,5.3.0,2026-08-30T23:45:42Z,11
s019031,u0453,c028,mobile,5.3.0,2026-08-30T23:47:15Z,12
s019032,u0714,c040,mobile,5.3.0,2026-08-30T23:47:59Z,15
s019033,u0247,c050,mobile,5.3.0,2026-08-30T23:49:26Z,20
s019034,u0180,c001,tv,,2026-08-30T23:49:53Z,127
s019035,u0783,c035,tv,,2026-08-30T23:50:46Z,45
s019036,u0416,c001,web,,2026-08-30T23:51:05Z,39
s019037,u0936,c004,mobile,5.3.0,2026-08-30T23:52:26Z,24
s019038,u0472,c004,mobile,5.3.0,2026-08-30T23:52:49Z,32
s019039,u0562,c013,tv,,2026-08-30T23:53:00Z,73
s019040,u0419,c001,web,,2026-08-30T23:53:08Z,41
s019041,u0289,c004,mobile,5.3.0,2026-08-30T23:55:34Z,4
s019042,u0858,c001,mobile,5.3.0,2026-08-30T23:56:55Z,9
s019043,u1104,c018,tv,,2026-08-30T23:57:05Z,14
s019044,u0789,c048,mobile,5.3.0,2026-08-30T23:57:19Z,36
s019045,u0225,c012,web,,2026-08-30T23:57:21Z,13
